event_id,payment_id,event_type,event_time,received_time,sequence_number,duplicate_flag,out_of_order_flag,source
EV000000000,P0000000,payment.attempted,2026-01-01T05:36:23.991417,2026-01-01T05:36:25.399219,0,False,False,SYNTHETIC
EV000000001,P0000000,payment.authorized,2026-01-01T05:36:26.714704,2026-01-01T05:36:27.474503,1,False,False,SYNTHETIC
EV000000002,P0000000,payment.failed,2026-01-01T05:36:31.195371,2026-01-01T05:36:32.141908,2,False,False,SYNTHETIC
EV000000003,P0000000,payment.captured,2026-01-01T05:37:36.947218,2026-01-01T05:37:37.653196,3,False,False,SYNTHETIC
EV000000100,P0000001,payment.attempted,2026-01-01T05:03:41.340436,2026-01-01T05:03:42.743029,0,False,False,SYNTHETIC
EV000000101,P0000001,payment.authorized,2026-01-01T05:03:42.763467,2026-01-01T05:03:43.201986,1,False,False,SYNTHETIC
EV000000102,P0000001,payment.captured,2026-01-01T05:03:46.864505,2026-01-01T05:03:48.048676,2,False,False,SYNTHETIC
EV000000200,P0000002,payment.attempted,2026-01-01T19:34:40.967515,2026-01-01T19:34:41.057102,0,False,False,SYNTHETIC
EV000000201,P0000002,payment.authorized,2026-01-01T19:34:44.556294,2026-01-01T19:34:44.943004,1,False,False,SYNTHETIC
EV000000202,P0000002,payment.captured,2026-01-01T19:34:45.778584,2026-01-01T19:34:46.727607,2,False,False,SYNTHETIC
EV000000300,P0000003,payment.attempted,2026-01-01T08:42:17.426078,2026-01-01T08:42:18.780439,0,False,False,SYNTHETIC
EV000000301,P0000003,payment.failed,2026-01-01T08:42:23.897896,2026-01-01T08:42:25.221587,1,False,False,SYNTHETIC
EV000000400,P0000004,payment.attempted,2026-01-01T02:46:24.013798,2026-01-01T02:46:24.441138,0,False,False,SYNTHETIC
EV000000401,P0000004,payment.authorized,2026-01-01T02:46:25.560925,2026-01-01T02:46:27.152700,1,False,False,SYNTHETIC
EV000000402,P0000004,payment.captured,2026-01-01T02:46:29.161547,2026-01-01T02:46:29.414902,2,False,False,SYNTHETIC
EV000000500,P0000005,payment.attempted,2026-01-01T06:31:04.475430,2026-01-01T06:31:05.530965,0,False,False,SYNTHETIC
EV000000500D,P0000005,payment.attempted,2026-01-01T06:31:04.475430,2026-01-01T06:31:05.897169,0,True,False,SYNTHETIC
EV000000501,P0000005,payment.authorized,2026-01-01T06:31:08.772544,2026-01-01T06:31:09.439439,1,False,False,SYNTHETIC
EV000000502,P0000005,payment.captured,2026-01-01T06:37:10.450132,2026-01-01T06:37:11.027066,2,False,False,SYNTHETIC
EV000000600,P0000006,payment.attempted,2026-01-01T00:03:44.307898,2026-01-01T00:03:45.028289,0,False,False,SYNTHETIC
EV000000601,P0000006,payment.authorized,2026-01-01T00:03:45.769553,2026-01-01T00:03:46.465413,1,False,False,SYNTHETIC
EV000000602,P0000006,payment.failed,2026-01-01T00:03:55.041422,2026-01-01T00:03:57.017627,2,False,False,SYNTHETIC
EV000000603,P0000006,payment.captured,2026-01-01T00:06:18.336518,2026-01-01T00:06:19.179713,3,False,False,SYNTHETIC
EV000000603D,P0000006,payment.captured,2026-01-01T00:06:18.336518,2026-01-01T00:06:35.183203,3,True,False,SYNTHETIC
EV000000700,P0000007,payment.attempted,2026-01-01T23:41:29.459202,2026-01-01T23:41:30.198468,0,False,False,SYNTHETIC
EV000000701,P0000007,payment.authorized,2026-01-01T23:41:31.879987,2026-01-01T23:41:32.418566,1,False,False,SYNTHETIC
EV000000702,P0000007,payment.captured,2026-01-01T23:41:35.737606,2026-01-01T23:41:37.563890,2,False,False,SYNTHETIC
EV000000800,P0000008,payment.attempted,2026-01-01T08:06:07.511394,2026-01-01T08:06:08.730370,0,False,False,SYNTHETIC
EV000000801,P0000008,payment.authorized,2026-01-01T08:06:11.745767,2026-01-01T08:06:12.432667,1,False,False,SYNTHETIC
EV000000802,P0000008,payment.captured,2026-01-01T08:06:14.626874,2026-01-01T08:06:18.071813,2,False,False,SYNTHETIC
EV000000802D,P0000008,payment.captured,2026-01-01T08:06:14.626874,2026-01-01T08:06:18.524233,2,True,False,SYNTHETIC
EV000000900,P0000009,payment.attempted,2026-01-01T08:24:00.198763,2026-01-01T08:24:01.371241,0,False,False,SYNTHETIC
EV000000901,P0000009,payment.authorized,2026-01-01T08:24:03.662487,2026-01-01T08:24:04.899972,1,False,False,SYNTHETIC
EV000000902,P0000009,payment.captured,2026-01-01T08:24:07.572543,2026-01-01T08:24:08.808874,2,False,False,SYNTHETIC
EV000001000,P0000010,payment.attempted,2026-01-01T10:58:55.197803,2026-01-01T10:58:55.479547,0,False,False,SYNTHETIC
EV000001001,P0000010,payment.authorized,2026-01-01T10:58:56.357061,2026-01-01T10:58:56.841701,1,False,False,SYNTHETIC
EV000001002,P0000010,payment.captured,2026-01-01T10:58:58.174932,2026-01-01T10:58:59.195789,2,False,False,SYNTHETIC
EV000001100,P0000011,payment.attempted,2026-01-01T07:52:15.025184,2026-01-01T07:52:54.487818,0,False,True,SYNTHETIC
EV000001101,P0000011,payment.authorized,2026-01-01T07:52:17.178620,2026-01-01T07:52:54.146550,1,False,False,SYNTHETIC
EV000001101D,P0000011,payment.authorized,2026-01-01T07:52:17.178620,2026-01-01T07:52:15.265845,1,True,True,SYNTHETIC
EV000001102,P0000011,payment.captured,2026-01-01T07:52:19.408396,2026-01-01T07:52:19.780655,2,False,False,SYNTHETIC
EV000001200,P0000012,payment.attempted,2026-01-01T22:56:53.049013,2026-01-01T22:56:53.954111,0,False,False,SYNTHETIC
EV000001201,P0000012,payment.authorized,2026-01-01T22:56:55.474321,2026-01-01T22:56:55.589750,1,False,False,SYNTHETIC
EV000001202,P0000012,payment.captured,2026-01-01T22:57:00.464601,2026-01-01T22:57:01.869211,2,False,False,SYNTHETIC
EV000001202D,P0000012,payment.captured,2026-01-01T22:57:00.464601,2026-01-01T22:57:02.299150,2,True,False,SYNTHETIC
EV000001300,P0000013,payment.attempted,2026-01-01T04:47:47.383229,2026-01-01T04:47:49.926380,0,False,False,SYNTHETIC
EV000001301,P0000013,payment.authorized,2026-01-01T04:47:49.522547,2026-01-01T04:47:56.603522,1,False,True,SYNTHETIC
EV000001302,P0000013,payment.captured,2026-01-01T04:47:54.313125,2026-01-01T04:47:54.417183,2,False,True,SYNTHETIC
EV000001400,P0000014,payment.attempted,2026-01-01T20:17:23.420368,2026-01-01T20:17:23.960271,0,False,False,SYNTHETIC
EV000001401,P0000014,payment.authorized,2026-01-01T20:17:29.241094,2026-01-01T20:17:30.460124,1,False,False,SYNTHETIC
EV000001402,P0000014,payment.captured,2026-01-01T20:17:31.246967,2026-01-01T20:17:32.987633,2,False,False,SYNTHETIC
EV000001500,P0000015,payment.attempted,2026-01-01T20:09:06.899076,2026-01-01T20:09:32.089559,0,False,False,SYNTHETIC
EV000001501,P0000015,payment.authorized,2026-01-01T20:09:08.559429,2026-01-01T20:09:09.086005,1,False,False,SYNTHETIC
EV000001502,P0000015,payment.captured,2026-01-01T20:09:10.361770,2026-01-01T20:09:10.737872,2,False,False,SYNTHETIC
EV000001600,P0000016,payment.attempted,2026-01-01T20:40:09.933473,2026-01-01T20:40:11.525460,0,False,False,SYNTHETIC
EV000001601,P0000016,payment.authorized,2026-01-01T20:40:11.206404,2026-01-01T20:40:12.012079,1,False,False,SYNTHETIC
EV000001602,P0000016,payment.captured,2026-01-01T20:40:13.177085,2026-01-01T20:40:13.843954,2,False,False,SYNTHETIC
EV000001700,P0000017,payment.attempted,2026-01-01T10:35:25.083050,2026-01-01T10:35:28.698227,0,False,False,SYNTHETIC
EV000001701,P0000017,payment.authorized,2026-01-01T10:35:27.741839,2026-01-01T10:35:28.904357,1,False,False,SYNTHETIC
EV000001702,P0000017,payment.captured,2026-01-01T10:35:30.324125,2026-01-01T10:35:30.793752,2,False,False,SYNTHETIC
EV000001800,P0000018,payment.attempted,2026-01-01T10:56:39.922205,2026-01-01T10:56:40.644848,0,False,False,SYNTHETIC
EV000001801,P0000018,payment.authorized,2026-01-01T10:56:41.079053,2026-01-01T10:56:42.551343,1,False,False,SYNTHETIC
EV000001802,P0000018,payment.captured,2026-01-01T10:56:44.627440,2026-01-01T10:56:45.287285,2,False,False,SYNTHETIC
EV000001900,P0000019,payment.attempted,2026-01-01T02:40:19.053412,2026-01-01T02:40:19.270100,0,False,False,SYNTHETIC
EV000001901,P0000019,payment.authorized,2026-01-01T02:40:21.422839,2026-01-01T02:40:22.233813,1,False,False,SYNTHETIC
EV000001902,P0000019,payment.captured,2026-01-01T02:40:25.815479,2026-01-01T02:40:26.771072,2,False,False,SYNTHETIC
EV000002000,P0000020,payment.attempted,2026-01-01T20:28:28.848051,2026-01-01T20:28:30.098012,0,False,False,SYNTHETIC
EV000002000D,P0000020,payment.attempted,2026-01-01T20:28:28.848051,2026-01-01T20:28:34.993957,0,True,True,SYNTHETIC
EV000002001,P0000020,payment.authorized,2026-01-01T20:28:33.943497,2026-01-01T20:28:30.599581,1,False,True,SYNTHETIC
EV000002002,P0000020,payment.captured,2026-01-01T20:28:38.001558,2026-01-01T20:28:38.654447,2,False,False,SYNTHETIC
EV000002100,P0000021,payment.attempted,2026-01-01T08:50:12.364969,2026-01-01T08:50:13.285366,0,False,False,SYNTHETIC
EV000002100D,P0000021,payment.attempted,2026-01-01T08:50:12.364969,2026-01-01T08:50:13.844626,0,True,False,SYNTHETIC
EV000002101,P0000021,payment.authorized,2026-01-01T08:50:15.395612,2026-01-01T08:50:16.724449,1,False,False,SYNTHETIC
EV000002102,P0000021,payment.failed,2026-01-01T08:50:19.400031,2026-01-01T08:50:21.969507,2,False,False,SYNTHETIC
EV000002103,P0000021,payment.captured,2026-01-01T08:50:54.363579,2026-01-01T08:50:55.665398,3,False,False,SYNTHETIC
EV000002103D,P0000021,payment.captured,2026-01-01T08:50:54.363579,2026-01-01T08:50:56.420296,3,True,False,SYNTHETIC
EV000002200,P0000022,payment.attempted,2026-01-01T07:09:39.361517,2026-01-01T07:09:40.305366,0,False,False,SYNTHETIC
EV000002201,P0000022,payment.authorized,2026-01-01T07:09:41.234348,2026-01-01T07:09:41.725401,1,False,False,SYNTHETIC
EV000002202,P0000022,payment.captured,2026-01-01T07:09:44.399575,2026-01-01T07:09:44.702677,2,False,False,SYNTHETIC
EV000002300,P0000023,payment.attempted,2026-01-01T03:21:46.285831,2026-01-01T03:21:46.712606,0,False,False,SYNTHETIC
EV000002301,P0000023,payment.authorized,2026-01-01T03:21:50.645007,2026-01-01T03:21:51.162663,1,False,False,SYNTHETIC
EV000002302,P0000023,payment.captured,2026-01-01T03:21:54.546720,2026-01-01T03:21:54.995144,2,False,False,SYNTHETIC
EV000002400,P0000024,payment.attempted,2026-01-01T04:47:52.617565,2026-01-01T04:47:53.585550,0,False,False,SYNTHETIC
EV000002401,P0000024,payment.failed,2026-01-01T04:47:56.873668,2026-01-01T04:47:57.249746,1,False,False,SYNTHETIC
EV000002500,P0000025,payment.attempted,2026-01-01T21:59:34.614193,2026-01-01T21:59:35.371399,0,False,False,SYNTHETIC
EV000002501,P0000025,payment.authorized,2026-01-01T21:59:38.716468,2026-01-01T21:59:39.305674,1,False,False,SYNTHETIC
EV000002502,P0000025,payment.captured,2026-01-01T21:59:39.721127,2026-01-01T21:59:40.537620,2,False,False,SYNTHETIC
EV000002600,P0000026,payment.attempted,2026-01-01T19:00:24.439105,2026-01-01T19:00:25.020315,0,False,False,SYNTHETIC
EV000002601,P0000026,payment.authorized,2026-01-01T19:00:26.431224,2026-01-01T19:00:26.794608,1,False,False,SYNTHETIC
EV000002602,P0000026,payment.captured,2026-01-01T19:00:30.202875,2026-01-01T19:00:30.662389,2,False,False,SYNTHETIC
EV000002700,P0000027,payment.attempted,2026-01-01T23:05:37.409083,2026-01-01T23:05:37.783857,0,False,False,SYNTHETIC
EV000002700D,P0000027,payment.attempted,2026-01-01T23:05:37.409083,2026-01-01T23:05:38.966766,0,True,False,SYNTHETIC
EV000002701,P0000027,payment.authorized,2026-01-01T23:05:42.491058,2026-01-01T23:05:44.305345,1,False,False,SYNTHETIC
EV000002702,P0000027,payment.captured,2026-01-01T23:05:45.976255,2026-01-01T23:05:47.235370,2,False,False,SYNTHETIC
EV000002702D,P0000027,payment.captured,2026-01-01T23:05:45.976255,2026-01-01T23:05:47.861747,2,True,False,SYNTHETIC
EV000002800,P0000028,payment.attempted,2026-01-01T12:32:16.118072,2026-01-01T12:32:16.949173,0,False,False,SYNTHETIC
EV000002801,P0000028,payment.authorized,2026-01-01T12:32:17.960925,2026-01-01T12:32:19.559875,1,False,False,SYNTHETIC
EV000002802,P0000028,payment.captured,2026-01-01T12:32:22.199717,2026-01-01T12:32:23.888713,2,False,False,SYNTHETIC
EV000002900,P0000029,payment.attempted,2026-01-01T11:27:33.577213,2026-01-01T11:27:38.546329,0,False,False,SYNTHETIC
EV000002901,P0000029,payment.failed,2026-01-01T11:27:39.147537,2026-01-01T11:27:40.510905,1,False,False,SYNTHETIC
EV000003000,P0000030,payment.attempted,2026-01-01T04:07:00.902079,2026-01-01T04:07:02.077436,0,False,False,SYNTHETIC
EV000003001,P0000030,payment.authorized,2026-01-01T04:07:06.511229,2026-01-01T04:07:07.568347,1,False,False,SYNTHETIC
EV000003002,P0000030,payment.captured,2026-01-01T04:07:08.586528,2026-01-01T04:07:09.170835,2,False,False,SYNTHETIC
EV000003100,P0000031,payment.attempted,2026-01-01T18:01:23.636413,2026-01-01T18:01:24.143758,0,False,False,SYNTHETIC
EV000003101,P0000031,payment.failed,2026-01-01T18:01:29.935857,2026-01-01T18:01:30.478603,1,False,False,SYNTHETIC
EV000003200,P0000032,payment.attempted,2026-01-01T00:21:16.571537,2026-01-01T00:22:09.788267,0,False,False,SYNTHETIC
EV000003201,P0000032,payment.authorized,2026-01-01T00:21:17.813539,2026-01-01T00:21:18.847491,1,False,False,SYNTHETIC
EV000003202,P0000032,payment.captured,2026-01-01T00:21:19.656526,2026-01-01T00:21:23.788920,2,False,False,SYNTHETIC
EV000003300,P0000033,payment.attempted,2026-01-01T12:29:59.594342,2026-01-01T12:30:00.783666,0,False,False,SYNTHETIC
EV000003301,P0000033,payment.authorized,2026-01-01T12:30:04.420507,2026-01-01T12:30:05.493775,1,False,False,SYNTHETIC
EV000003302,P0000033,payment.captured,2026-01-01T12:34:44.194372,2026-01-01T12:34:45.140362,2,False,False,SYNTHETIC
EV000003400,P0000034,payment.attempted,2026-01-01T20:26:54.155571,2026-01-01T20:26:54.506800,0,False,False,SYNTHETIC
EV000003401,P0000034,payment.authorized,2026-01-01T20:26:57.207944,2026-01-01T20:26:58.081228,1,False,False,SYNTHETIC
EV000003402,P0000034,payment.captured,2026-01-01T20:26:58.240753,2026-01-01T20:26:58.633730,2,False,False,SYNTHETIC
EV000003500,P0000035,payment.attempted,2026-01-01T02:07:37.854085,2026-01-01T02:07:38.322293,0,False,False,SYNTHETIC
EV000003501,P0000035,payment.authorized,2026-01-01T02:07:41.174040,2026-01-01T02:07:42.870324,1,False,False,SYNTHETIC
EV000003502,P0000035,payment.captured,2026-01-01T02:07:45.892638,2026-01-01T02:07:46.283666,2,False,False,SYNTHETIC
EV000003502D,P0000035,payment.captured,2026-01-01T02:07:45.892638,2026-01-01T02:07:46.599345,2,True,False,SYNTHETIC
EV000003600,P0000036,payment.attempted,2026-01-01T19:34:57.080667,2026-01-01T19:34:59.279412,0,False,False,SYNTHETIC
EV000003601,P0000036,payment.authorized,2026-01-01T19:34:58.977941,2026-01-01T19:35:01.893238,1,False,False,SYNTHETIC
EV000003602,P0000036,payment.captured,2026-01-01T19:35:03.378861,2026-01-01T19:35:07.607054,2,False,False,SYNTHETIC
EV000003700,P0000037,payment.attempted,2026-01-01T13:18:05.833324,2026-01-01T13:18:06.687253,0,False,False,SYNTHETIC
EV000003701,P0000037,payment.authorized,2026-01-01T13:18:06.978830,2026-01-01T13:18:07.896103,1,False,False,SYNTHETIC
EV000003702,P0000037,payment.captured,2026-01-01T13:18:11.971656,2026-01-01T13:18:12.348622,2,False,False,SYNTHETIC
EV000003800,P0000038,payment.attempted,2026-01-01T14:54:28.831929,2026-01-01T14:54:31.370985,0,False,True,SYNTHETIC
EV000003801,P0000038,payment.authorized,2026-01-01T14:54:30.369032,2026-01-01T14:54:30.438808,1,False,True,SYNTHETIC
EV000003802,P0000038,payment.captured,2026-01-01T14:54:31.435400,2026-01-01T14:54:32.830966,2,False,False,SYNTHETIC
EV000003900,P0000039,payment.attempted,2026-01-01T20:38:13.810603,2026-01-01T20:38:15.093834,0,False,False,SYNTHETIC
EV000003900D,P0000039,payment.attempted,2026-01-01T20:38:13.810603,2026-01-01T20:38:15.417705,0,True,False,SYNTHETIC
EV000003901,P0000039,payment.authorized,2026-01-01T20:38:19.330433,2026-01-01T20:38:23.539530,1,False,True,SYNTHETIC
EV000003902,P0000039,payment.captured,2026-01-01T20:38:23.295848,2026-01-01T20:38:19.609480,2,False,True,SYNTHETIC
EV000004000,P0000040,payment.attempted,2026-01-01T15:48:21.246179,2026-01-01T15:48:22.014827,0,False,False,SYNTHETIC
EV000004001,P0000040,payment.authorized,2026-01-01T15:48:23.296507,2026-01-01T15:48:24.581524,1,False,False,SYNTHETIC
EV000004002,P0000040,payment.captured,2026-01-01T15:52:44.085071,2026-01-01T15:52:44.695017,2,False,False,SYNTHETIC
EV000004100,P0000041,payment.attempted,2026-01-01T12:03:01.162530,2026-01-01T12:03:02.651503,0,False,False,SYNTHETIC
EV000004101,P0000041,payment.authorized,2026-01-01T12:03:06.301218,2026-01-01T12:03:07.272492,1,False,False,SYNTHETIC
EV000004102,P0000041,payment.captured,2026-01-01T12:03:09.392373,2026-01-01T12:03:11.444247,2,False,False,SYNTHETIC
EV000004200,P0000042,payment.attempted,2026-01-01T15:01:56.301596,2026-01-01T15:02:41.619425,0,False,False,SYNTHETIC
EV000004201,P0000042,payment.authorized,2026-01-01T15:02:01.112461,2026-01-01T15:02:06.344279,1,False,True,SYNTHETIC
EV000004202,P0000042,payment.captured,2026-01-01T15:02:05.059661,2026-01-01T15:02:05.529162,2,False,False,SYNTHETIC
EV000004202D,P0000042,payment.captured,2026-01-01T15:02:05.059661,2026-01-01T15:02:01.685147,2,True,True,SYNTHETIC
EV000004300,P0000043,payment.attempted,2026-01-01T08:56:01.586970,2026-01-01T08:56:04.545021,0,False,False,SYNTHETIC
EV000004300D,P0000043,payment.attempted,2026-01-01T08:56:01.586970,2026-01-01T08:56:05.658081,0,True,False,SYNTHETIC
EV000004301,P0000043,payment.authorized,2026-01-01T08:56:03.138959,2026-01-01T08:56:04.988299,1,False,False,SYNTHETIC
EV000004302,P0000043,payment.captured,2026-01-01T08:56:04.785798,2026-01-01T08:56:07.854789,2,False,False,SYNTHETIC
EV000004400,P0000044,payment.attempted,2026-01-01T17:25:26.527842,2026-01-01T17:25:31.472817,0,False,True,SYNTHETIC
EV000004401,P0000044,payment.authorized,2026-01-01T17:25:30.004177,2026-01-01T17:25:30.389518,1,False,False,SYNTHETIC
EV000004402,P0000044,payment.captured,2026-01-01T17:25:31.069984,2026-01-01T17:25:27.178524,2,False,True,SYNTHETIC
EV000004500,P0000045,payment.attempted,2026-01-01T07:52:33.539916,2026-01-01T07:52:33.920195,0,False,False,SYNTHETIC
EV000004501,P0000045,payment.authorized,2026-01-01T07:52:34.895390,2026-01-01T07:52:36.385380,1,False,False,SYNTHETIC
EV000004502,P0000045,payment.captured,2026-01-01T07:52:39.687978,2026-01-01T07:52:41.920824,2,False,False,SYNTHETIC
EV000004600,P0000046,payment.attempted,2026-01-01T02:45:22.865066,2026-01-01T02:45:23.463360,0,False,False,SYNTHETIC
EV000004601,P0000046,payment.failed,2026-01-01T02:45:27.840227,2026-01-01T02:45:28.454615,1,False,False,SYNTHETIC
EV000004700,P0000047,payment.attempted,2026-01-01T00:41:54.335853,2026-01-01T00:41:55.298931,0,False,False,SYNTHETIC
EV000004701,P0000047,payment.failed,2026-01-01T00:41:57.358868,2026-01-01T00:42:03.164108,1,False,False,SYNTHETIC
EV000004800,P0000048,payment.attempted,2026-01-01T05:15:10.052490,2026-01-01T05:15:11.785429,0,False,False,SYNTHETIC
EV000004801,P0000048,payment.authorized,2026-01-01T05:15:12.700948,2026-01-01T05:15:13.545054,1,False,False,SYNTHETIC
EV000004802,P0000048,payment.captured,2026-01-01T05:15:14.829265,2026-01-01T05:15:15.929518,2,False,False,SYNTHETIC
EV000004900,P0000049,payment.attempted,2026-01-01T10:23:27.257749,2026-01-01T10:23:28.801368,0,False,False,SYNTHETIC
EV000004901,P0000049,payment.authorized,2026-01-01T10:23:31.198214,2026-01-01T10:23:32.143454,1,False,False,SYNTHETIC
EV000004902,P0000049,payment.captured,2026-01-01T10:23:35.360842,2026-01-01T10:23:37.878461,2,False,False,SYNTHETIC
EV000004902D,P0000049,payment.captured,2026-01-01T10:23:35.360842,2026-01-01T10:23:38.952077,2,True,False,SYNTHETIC
EV000005000,P0000050,payment.attempted,2026-01-01T15:16:46.299723,2026-01-01T15:16:47.738183,0,False,False,SYNTHETIC
EV000005001,P0000050,payment.authorized,2026-01-01T15:16:50.987713,2026-01-01T15:16:52.514878,1,False,False,SYNTHETIC
EV000005002,P0000050,payment.captured,2026-01-01T15:16:52.055005,2026-01-01T15:16:54.111288,2,False,False,SYNTHETIC
EV000005100,P0000051,payment.attempted,2026-01-01T18:32:07.149392,2026-01-01T18:32:08.542702,0,False,False,SYNTHETIC
EV000005101,P0000051,payment.authorized,2026-01-01T18:32:12.514721,2026-01-01T18:32:13.127088,1,False,False,SYNTHETIC
EV000005102,P0000051,payment.captured,2026-01-01T18:32:16.057422,2026-01-01T18:32:16.273851,2,False,False,SYNTHETIC
EV000005200,P0000052,payment.attempted,2026-01-01T06:19:16.727728,2026-01-01T06:19:18.927942,0,False,False,SYNTHETIC
EV000005201,P0000052,payment.authorized,2026-01-01T06:19:17.767376,2026-01-01T06:19:19.126297,1,False,False,SYNTHETIC
EV000005202,P0000052,payment.captured,2026-01-01T06:19:19.787935,2026-01-01T06:19:20.594694,2,False,False,SYNTHETIC
EV000005300,P0000053,payment.attempted,2026-01-01T07:53:09.191532,2026-01-01T07:53:10.035397,0,False,False,SYNTHETIC
EV000005301,P0000053,payment.authorized,2026-01-01T07:53:12.035952,2026-01-01T07:53:17.655440,1,False,True,SYNTHETIC
EV000005302,P0000053,payment.captured,2026-01-01T07:53:16.604731,2026-01-01T07:53:12.626452,2,False,True,SYNTHETIC
EV000005400,P0000054,payment.attempted,2026-01-01T22:50:04.613327,2026-01-01T22:50:04.901651,0,False,False,SYNTHETIC
EV000005401,P0000054,payment.authorized,2026-01-01T22:50:07.802663,2026-01-01T22:50:08.192934,1,False,False,SYNTHETIC
EV000005402,P0000054,payment.captured,2026-01-01T22:50:09.436144,2026-01-01T22:50:10.155161,2,False,False,SYNTHETIC
EV000005500,P0000055,payment.attempted,2026-01-01T16:02:59.625131,2026-01-01T16:03:00.542251,0,False,False,SYNTHETIC
EV000005501,P0000055,payment.authorized,2026-01-01T16:03:02.090981,2026-01-01T16:03:03.317575,1,False,False,SYNTHETIC
EV000005502,P0000055,payment.captured,2026-01-01T16:03:03.397118,2026-01-01T16:03:04.184633,2,False,False,SYNTHETIC
EV000005600,P0000056,payment.attempted,2026-01-01T10:42:01.078401,2026-01-01T10:42:03.722618,0,False,False,SYNTHETIC
EV000005601,P0000056,payment.authorized,2026-01-01T10:42:04.532295,2026-01-01T10:42:05.166072,1,False,False,SYNTHETIC
EV000005602,P0000056,payment.captured,2026-01-01T10:42:09.258562,2026-01-01T10:42:10.145002,2,False,False,SYNTHETIC
EV000005700,P0000057,payment.attempted,2026-01-01T04:47:48.339774,2026-01-01T04:47:48.476945,0,False,False,SYNTHETIC
EV000005700D,P0000057,payment.attempted,2026-01-01T04:47:48.339774,2026-01-01T04:47:48.808257,0,True,False,SYNTHETIC
EV000005701,P0000057,payment.authorized,2026-01-01T04:47:51.914950,2026-01-01T04:47:52.362055,1,False,False,SYNTHETIC
EV000005702,P0000057,payment.captured,2026-01-01T04:47:55.385703,2026-01-01T04:47:55.716057,2,False,False,SYNTHETIC
EV000005800,P0000058,payment.attempted,2026-01-01T04:01:24.331091,2026-01-01T04:01:25.326732,0,False,False,SYNTHETIC
EV000005801,P0000058,payment.authorized,2026-01-01T04:01:26.638029,2026-01-01T04:01:27.519603,1,False,False,SYNTHETIC
EV000005802,P0000058,payment.captured,2026-01-01T04:01:28.323990,2026-01-01T04:01:29.358399,2,False,False,SYNTHETIC
EV000005900,P0000059,payment.attempted,2026-01-01T13:24:17.009723,2026-01-01T13:24:18.792523,0,False,False,SYNTHETIC
EV000005901,P0000059,payment.failed,2026-01-01T13:24:18.510278,2026-01-01T13:24:19.208673,1,False,False,SYNTHETIC
EV000006000,P0000060,payment.attempted,2026-01-01T04:12:44.620782,2026-01-01T04:12:46.125645,0,False,False,SYNTHETIC
EV000006001,P0000060,payment.authorized,2026-01-01T04:12:48.723649,2026-01-01T04:12:50.347748,1,False,False,SYNTHETIC
EV000006002,P0000060,payment.captured,2026-01-01T04:12:49.990112,2026-01-01T04:12:51.160246,2,False,False,SYNTHETIC
EV000006100,P0000061,payment.attempted,2026-01-01T00:51:19.322308,2026-01-01T00:51:22.116211,0,False,False,SYNTHETIC
EV000006101,P0000061,payment.authorized,2026-01-01T00:51:24.883145,2026-01-01T00:51:25.553221,1,False,False,SYNTHETIC
EV000006102,P0000061,payment.captured,2026-01-01T00:51:27.517344,2026-01-01T00:51:29.734635,2,False,False,SYNTHETIC
EV000006200,P0000062,payment.attempted,2026-01-01T15:19:47.659930,2026-01-01T15:19:48.215208,0,False,False,SYNTHETIC
EV000006201,P0000062,payment.authorized,2026-01-01T15:19:49.127382,2026-01-01T15:19:49.577389,1,False,False,SYNTHETIC
EV000006202,P0000062,payment.captured,2026-01-01T15:19:53.954851,2026-01-01T15:19:54.544303,2,False,False,SYNTHETIC
EV000006300,P0000063,payment.attempted,2026-01-01T00:46:41.274497,2026-01-01T00:46:42.504557,0,False,False,SYNTHETIC
EV000006301,P0000063,payment.authorized,2026-01-01T00:46:42.886098,2026-01-01T00:46:43.649102,1,False,False,SYNTHETIC
EV000006302,P0000063,payment.captured,2026-01-01T00:46:44.126089,2026-01-01T00:46:45.007062,2,False,False,SYNTHETIC
EV000006400,P0000064,payment.attempted,2026-01-01T00:06:40.586866,2026-01-01T00:06:41.893483,0,False,False,SYNTHETIC
EV000006400D,P0000064,payment.attempted,2026-01-01T00:06:40.586866,2026-01-01T00:06:42.401298,0,True,False,SYNTHETIC
EV000006401,P0000064,payment.authorized,2026-01-01T00:06:42.228802,2026-01-01T00:06:44.493156,1,False,False,SYNTHETIC
EV000006402,P0000064,payment.captured,2026-01-01T00:06:44.586676,2026-01-01T00:06:46.052690,2,False,False,SYNTHETIC
EV000006500,P0000065,payment.attempted,2026-01-01T05:05:49.469009,2026-01-01T05:05:56.770312,0,False,True,SYNTHETIC
EV000006501,P0000065,payment.authorized,2026-01-01T05:05:52.109960,2026-01-01T05:05:52.775214,1,False,False,SYNTHETIC
EV000006502,P0000065,payment.captured,2026-01-01T05:05:55.647361,2026-01-01T05:05:49.976693,2,False,True,SYNTHETIC
EV000006600,P0000066,payment.attempted,2026-01-01T08:50:43.362830,2026-01-01T08:50:43.940823,0,False,False,SYNTHETIC
EV000006601,P0000066,payment.failed,2026-01-01T08:50:46.867735,2026-01-01T08:50:48.637939,1,False,False,SYNTHETIC
EV000006700,P0000067,payment.attempted,2026-01-01T13:28:56.011887,2026-01-01T13:28:57.625586,0,False,False,SYNTHETIC
EV000006701,P0000067,payment.authorized,2026-01-01T13:29:00.020735,2026-01-01T13:29:04.636426,1,False,False,SYNTHETIC
EV000006702,P0000067,payment.captured,2026-01-01T13:35:04.141001,2026-01-01T13:35:04.850699,2,False,False,SYNTHETIC
EV000006800,P0000068,payment.attempted,2026-01-01T09:08:15.529652,2026-01-01T09:08:15.766437,0,False,False,SYNTHETIC
EV000006801,P0000068,payment.authorized,2026-01-01T09:08:18.057790,2026-01-01T09:08:18.913893,1,False,False,SYNTHETIC
EV000006802,P0000068,payment.captured,2026-01-01T09:08:22.217571,2026-01-01T09:08:22.991952,2,False,False,SYNTHETIC
EV000006900,P0000069,payment.attempted,2026-01-01T19:55:35.906358,2026-01-01T19:55:36.527207,0,False,False,SYNTHETIC
EV000006901,P0000069,payment.authorized,2026-01-01T19:55:40.819962,2026-01-01T19:55:42.184788,1,False,False,SYNTHETIC
EV000006901D,P0000069,payment.authorized,2026-01-01T19:55:40.819962,2026-01-01T19:55:42.797156,1,True,False,SYNTHETIC
EV000006902,P0000069,payment.captured,2026-01-01T19:55:44.869676,2026-01-01T19:56:15.503341,2,False,False,SYNTHETIC
EV000007000,P0000070,payment.attempted,2026-01-01T17:01:04.783989,2026-01-01T17:01:05.203311,0,False,False,SYNTHETIC
EV000007001,P0000070,payment.authorized,2026-01-01T17:01:09.088429,2026-01-01T17:01:12.952304,1,False,False,SYNTHETIC
EV000007002,P0000070,payment.captured,2026-01-01T17:01:13.911231,2026-01-01T17:01:14.588988,2,False,False,SYNTHETIC
EV000007100,P0000071,payment.attempted,2026-01-01T14:02:45.511565,2026-01-01T14:02:46.177633,0,False,False,SYNTHETIC
EV000007101,P0000071,payment.authorized,2026-01-01T14:02:49.531628,2026-01-01T14:02:51.418123,1,False,False,SYNTHETIC
EV000007102,P0000071,payment.captured,2026-01-01T14:02:52.166665,2026-01-01T14:03:00.913705,2,False,False,SYNTHETIC
EV000007200,P0000072,payment.attempted,2026-01-01T17:43:23.537044,2026-01-01T17:43:25.492469,0,False,False,SYNTHETIC
EV000007201,P0000072,payment.authorized,2026-01-01T17:43:28.075679,2026-01-01T17:43:28.999831,1,False,False,SYNTHETIC
EV000007202,P0000072,payment.captured,2026-01-01T17:43:30.506623,2026-01-01T17:43:34.622003,2,False,False,SYNTHETIC
EV000007300,P0000073,payment.attempted,2026-01-01T04:38:22.376806,2026-01-01T04:38:25.804058,0,False,False,SYNTHETIC
EV000007301,P0000073,payment.authorized,2026-01-01T04:38:26.166771,2026-01-01T04:38:27.195645,1,False,False,SYNTHETIC
EV000007302,P0000073,payment.captured,2026-01-01T04:38:29.198915,2026-01-01T04:38:30.578590,2,False,False,SYNTHETIC
EV000007400,P0000074,payment.attempted,2026-01-01T09:57:41.494039,2026-01-01T09:57:42.126771,0,False,False,SYNTHETIC
EV000007401,P0000074,payment.authorized,2026-01-01T09:57:44.524689,2026-01-01T09:57:45.418536,1,False,False,SYNTHETIC
EV000007402,P0000074,payment.captured,2026-01-01T09:57:47.643760,2026-01-01T09:57:48.504961,2,False,False,SYNTHETIC
EV000007402D,P0000074,payment.captured,2026-01-01T09:57:47.643760,2026-01-01T09:57:48.976850,2,True,False,SYNTHETIC
EV000007500,P0000075,payment.attempted,2026-01-01T12:12:43.616632,2026-01-01T12:12:43.833034,0,False,False,SYNTHETIC
EV000007501,P0000075,payment.authorized,2026-01-01T12:12:47.766413,2026-01-01T12:12:48.875898,1,False,False,SYNTHETIC
EV000007502,P0000075,payment.captured,2026-01-01T12:12:50.484399,2026-01-01T12:12:51.292787,2,False,False,SYNTHETIC
EV000007600,P0000076,payment.attempted,2026-01-01T17:30:32.893944,2026-01-01T17:30:56.681017,0,False,False,SYNTHETIC
EV000007601,P0000076,payment.authorized,2026-01-01T17:30:38.290119,2026-01-01T17:30:39.224112,1,False,False,SYNTHETIC
EV000007602,P0000076,payment.captured,2026-01-01T17:30:40.313962,2026-01-01T17:30:40.720646,2,False,False,SYNTHETIC
EV000007602D,P0000076,payment.captured,2026-01-01T17:30:40.313962,2026-01-01T17:30:41.141109,2,True,False,SYNTHETIC
EV000007700,P0000077,payment.attempted,2026-01-01T18:05:21.640053,2026-01-01T18:05:21.891997,0,False,False,SYNTHETIC
EV000007701,P0000077,payment.authorized,2026-01-01T18:05:26.264267,2026-01-01T18:05:27.610218,1,False,False,SYNTHETIC
EV000007702,P0000077,payment.captured,2026-01-01T18:05:28.432463,2026-01-01T18:05:28.915870,2,False,False,SYNTHETIC
EV000007702D,P0000077,payment.captured,2026-01-01T18:05:28.432463,2026-01-01T18:05:29.194893,2,True,False,SYNTHETIC
EV000007800,P0000078,payment.attempted,2026-01-01T17:48:52.677143,2026-01-01T17:48:53.087591,0,False,False,SYNTHETIC
EV000007801,P0000078,payment.authorized,2026-01-01T17:48:53.920496,2026-01-01T17:48:54.160606,1,False,False,SYNTHETIC
EV000007802,P0000078,payment.captured,2026-01-01T17:53:56.191366,2026-01-01T17:53:57.725861,2,False,False,SYNTHETIC
EV000007900,P0000079,payment.attempted,2026-01-01T22:35:03.602129,2026-01-01T22:35:04.048014,0,False,False,SYNTHETIC
EV000007901,P0000079,payment.authorized,2026-01-01T22:35:08.849317,2026-01-01T22:35:09.616904,1,False,False,SYNTHETIC
EV000007902,P0000079,payment.captured,2026-01-01T22:38:26.965373,2026-01-01T22:38:28.329686,2,False,False,SYNTHETIC
EV000008000,P0000080,payment.attempted,2026-01-01T11:36:55.038119,2026-01-01T11:36:55.666754,0,False,False,SYNTHETIC
EV000008001,P0000080,payment.authorized,2026-01-01T11:36:57.013934,2026-01-01T11:36:57.190462,1,False,False,SYNTHETIC
EV000008001D,P0000080,payment.authorized,2026-01-01T11:36:57.013934,2026-01-01T11:36:57.483877,1,True,False,SYNTHETIC
EV000008002,P0000080,payment.captured,2026-01-01T11:37:00.953377,2026-01-01T11:37:01.246480,2,False,False,SYNTHETIC
EV000008100,P0000081,payment.attempted,2026-01-01T14:05:48.778211,2026-01-01T14:05:49.452851,0,False,False,SYNTHETIC
EV000008101,P0000081,payment.failed,2026-01-01T14:05:55.183315,2026-01-01T14:05:56.914148,1,False,False,SYNTHETIC
EV000008200,P0000082,payment.attempted,2026-01-01T07:47:01.944814,2026-01-01T07:47:02.543597,0,False,False,SYNTHETIC
EV000008201,P0000082,payment.failed,2026-01-01T07:47:04.485563,2026-01-01T07:47:04.698827,1,False,False,SYNTHETIC
EV000008300,P0000083,payment.attempted,2026-01-01T20:03:14.519058,2026-01-01T20:03:16.513019,0,False,False,SYNTHETIC
EV000008301,P0000083,payment.authorized,2026-01-01T20:03:15.910080,2026-01-01T20:03:17.288054,1,False,False,SYNTHETIC
EV000008302,P0000083,payment.captured,2026-01-01T20:03:17.457486,2026-01-01T20:03:18.642484,2,False,False,SYNTHETIC
EV000008400,P0000084,payment.attempted,2026-01-01T02:46:15.097850,2026-01-01T02:46:54.178040,0,False,False,SYNTHETIC
EV000008401,P0000084,payment.authorized,2026-01-01T02:46:21.033338,2026-01-01T02:46:22.460696,1,False,False,SYNTHETIC
EV000008402,P0000084,payment.captured,2026-01-01T02:46:24.698123,2026-01-01T02:46:25.521236,2,False,False,SYNTHETIC
EV000008500,P0000085,payment.attempted,2026-01-01T06:22:34.091164,2026-01-01T06:22:36.377740,0,False,False,SYNTHETIC
EV000008501,P0000085,payment.authorized,2026-01-01T06:22:37.408237,2026-01-01T06:22:38.022295,1,False,False,SYNTHETIC
EV000008502,P0000085,payment.captured,2026-01-01T06:22:39.978806,2026-01-01T06:22:42.198076,2,False,False,SYNTHETIC
EV000008600,P0000086,payment.attempted,2026-01-01T23:19:36.073439,2026-01-01T23:19:36.680270,0,False,False,SYNTHETIC
EV000008600D,P0000086,payment.attempted,2026-01-01T23:19:36.073439,2026-01-01T23:19:37.393534,0,True,False,SYNTHETIC
EV000008601,P0000086,payment.authorized,2026-01-01T23:19:39.056909,2026-01-01T23:19:40.509252,1,False,False,SYNTHETIC
EV000008602,P0000086,payment.captured,2026-01-01T23:19:42.247793,2026-01-01T23:19:43.195470,2,False,False,SYNTHETIC
EV000008700,P0000087,payment.attempted,2026-01-01T12:02:59.827627,2026-01-01T12:03:00.353956,0,False,False,SYNTHETIC
EV000008701,P0000087,payment.authorized,2026-01-01T12:03:03.311823,2026-01-01T12:03:05.284284,1,False,False,SYNTHETIC
EV000008701D,P0000087,payment.authorized,2026-01-01T12:03:03.311823,2026-01-01T12:03:05.622117,1,True,False,SYNTHETIC
EV000008702,P0000087,payment.captured,2026-01-01T12:03:08.100195,2026-01-01T12:03:08.567274,2,False,False,SYNTHETIC
EV000008800,P0000088,payment.attempted,2026-01-01T14:24:10.618607,2026-01-01T14:24:12.094545,0,False,False,SYNTHETIC
EV000008801,P0000088,payment.authorized,2026-01-01T14:24:16.213209,2026-01-01T14:24:18.960924,1,False,True,SYNTHETIC
EV000008802,P0000088,payment.captured,2026-01-01T14:24:18.684924,2026-01-01T14:24:17.761637,2,False,True,SYNTHETIC
EV000008802D,P0000088,payment.captured,2026-01-01T14:24:18.684924,2026-01-01T14:24:19.548767,2,True,False,SYNTHETIC
EV000008900,P0000089,payment.attempted,2026-01-01T17:43:40.993481,2026-01-01T17:43:41.918787,0,False,False,SYNTHETIC
EV000008901,P0000089,payment.authorized,2026-01-01T17:43:44.962916,2026-01-01T17:43:47.363883,1,False,False,SYNTHETIC
EV000008902,P0000089,payment.captured,2026-01-01T17:43:47.304937,2026-01-01T17:43:49.165868,2,False,False,SYNTHETIC
EV000009000,P0000090,payment.attempted,2026-01-01T21:32:37.478728,2026-01-01T21:32:38.323484,0,False,False,SYNTHETIC
EV000009001,P0000090,payment.authorized,2026-01-01T21:32:43.034466,2026-01-01T21:32:43.307307,1,False,False,SYNTHETIC
EV000009002,P0000090,payment.captured,2026-01-01T21:32:46.713998,2026-01-01T21:32:46.952939,2,False,False,SYNTHETIC
EV000009100,P0000091,payment.attempted,2026-01-01T15:54:23.828972,2026-01-01T15:54:24.604085,0,False,False,SYNTHETIC
EV000009101,P0000091,payment.authorized,2026-01-01T15:54:26.644239,2026-01-01T15:54:27.048833,1,False,False,SYNTHETIC
EV000009102,P0000091,payment.captured,2026-01-01T15:54:28.482308,2026-01-01T15:54:29.850775,2,False,False,SYNTHETIC
EV000009200,P0000092,payment.attempted,2026-01-01T14:52:11.865927,2026-01-01T14:52:12.623119,0,False,False,SYNTHETIC
EV000009201,P0000092,payment.authorized,2026-01-01T14:52:16.066141,2026-01-01T14:52:16.766814,1,False,False,SYNTHETIC
EV000009202,P0000092,payment.captured,2026-01-01T14:53:40.291541,2026-01-01T14:53:40.735067,2,False,False,SYNTHETIC
EV000009300,P0000093,payment.attempted,2026-01-01T04:53:15.681641,2026-01-01T04:53:16.301944,0,False,False,SYNTHETIC
EV000009300D,P0000093,payment.attempted,2026-01-01T04:53:15.681641,2026-01-01T04:53:16.694934,0,True,False,SYNTHETIC
EV000009301,P0000093,payment.authorized,2026-01-01T04:53:20.089123,2026-01-01T04:53:22.563242,1,False,False,SYNTHETIC
EV000009302,P0000093,payment.captured,2026-01-01T04:53:22.716150,2026-01-01T04:53:24.298264,2,False,False,SYNTHETIC
EV000009400,P0000094,payment.attempted,2026-01-01T17:06:54.151583,2026-01-01T17:06:55.149523,0,False,False,SYNTHETIC
EV000009401,P0000094,payment.authorized,2026-01-01T17:06:56.316535,2026-01-01T17:06:57.054309,1,False,False,SYNTHETIC
EV000009402,P0000094,payment.captured,2026-01-01T17:07:00.481072,2026-01-01T17:07:02.923508,2,False,False,SYNTHETIC
EV000009500,P0000095,payment.attempted,2026-01-01T20:11:46.244336,2026-01-01T20:11:47.665193,0,False,False,SYNTHETIC
EV000009501,P0000095,payment.authorized,2026-01-01T20:11:51.496455,2026-01-01T20:11:52.301038,1,False,False,SYNTHETIC
EV000009502,P0000095,payment.captured,2026-01-01T20:11:54.719322,2026-01-01T20:11:54.923789,2,False,False,SYNTHETIC
EV000009600,P0000096,payment.attempted,2026-01-01T07:35:58.318559,2026-01-01T07:35:58.727614,0,False,False,SYNTHETIC
EV000009601,P0000096,payment.authorized,2026-01-01T07:35:59.660106,2026-01-01T07:36:00.166569,1,False,False,SYNTHETIC
EV000009602,P0000096,payment.captured,2026-01-01T07:36:01.485637,2026-01-01T07:36:02.015741,2,False,False,SYNTHETIC
EV000009700,P0000097,payment.attempted,2026-01-01T14:47:18.211129,2026-01-01T14:47:18.505676,0,False,False,SYNTHETIC
EV000009701,P0000097,payment.authorized,2026-01-01T14:47:22.679429,2026-01-01T14:47:24.031139,1,False,False,SYNTHETIC
EV000009702,P0000097,payment.captured,2026-01-01T14:47:27.321450,2026-01-01T14:47:28.404614,2,False,False,SYNTHETIC
EV000009800,P0000098,payment.attempted,2026-01-01T04:27:27.252666,2026-01-01T04:27:28.011298,0,False,False,SYNTHETIC
EV000009801,P0000098,payment.authorized,2026-01-01T04:27:28.285774,2026-01-01T04:27:28.732343,1,False,False,SYNTHETIC
EV000009802,P0000098,payment.captured,2026-01-01T04:27:31.853782,2026-01-01T04:27:32.686191,2,False,False,SYNTHETIC
EV000009900,P0000099,payment.attempted,2026-01-01T09:30:49.399649,2026-01-01T09:30:51.761303,0,False,False,SYNTHETIC
EV000009901,P0000099,payment.authorized,2026-01-01T09:30:54.107534,2026-01-01T09:30:58.597819,1,False,False,SYNTHETIC
EV000009902,P0000099,payment.captured,2026-01-01T09:30:55.780868,2026-01-01T09:30:58.052858,2,False,False,SYNTHETIC
EV000010000,P0000100,payment.attempted,2026-01-01T20:44:40.962892,2026-01-01T20:44:42.504028,0,False,False,SYNTHETIC
EV000010001,P0000100,payment.authorized,2026-01-01T20:44:44.308865,2026-01-01T20:44:46.620714,1,False,False,SYNTHETIC
EV000010002,P0000100,payment.captured,2026-01-01T20:44:47.429201,2026-01-01T20:44:48.147575,2,False,False,SYNTHETIC
EV000010100,P0000101,payment.attempted,2026-01-01T21:39:20.017933,2026-01-01T21:39:20.871182,0,False,False,SYNTHETIC
EV000010101,P0000101,payment.authorized,2026-01-01T21:39:22.354802,2026-01-01T21:39:22.657660,1,False,False,SYNTHETIC
EV000010102,P0000101,payment.captured,2026-01-01T21:39:26.812495,2026-01-01T21:39:27.271991,2,False,False,SYNTHETIC
EV000010200,P0000102,payment.attempted,2026-01-01T00:28:48.311389,2026-01-01T00:28:48.770723,0,False,False,SYNTHETIC
EV000010201,P0000102,payment.authorized,2026-01-01T00:28:50.376958,2026-01-01T00:28:52.534610,1,False,False,SYNTHETIC
EV000010202,P0000102,payment.captured,2026-01-01T00:28:52.704156,2026-01-01T00:28:54.284609,2,False,False,SYNTHETIC
EV000010300,P0000103,payment.attempted,2026-01-01T19:59:21.931982,2026-01-01T19:59:22.340013,0,False,False,SYNTHETIC
EV000010301,P0000103,payment.authorized,2026-01-01T19:59:27.032470,2026-01-01T19:59:28.970211,1,False,False,SYNTHETIC
EV000010302,P0000103,payment.captured,2026-01-01T20:04:34.363582,2026-01-01T20:04:35.035351,2,False,False,SYNTHETIC
EV000010400,P0000104,payment.attempted,2026-01-01T05:56:47.355004,2026-01-01T05:56:48.631736,0,False,False,SYNTHETIC
EV000010401,P0000104,payment.authorized,2026-01-01T05:56:51.225316,2026-01-01T05:56:55.217965,1,False,False,SYNTHETIC
EV000010402,P0000104,payment.captured,2026-01-01T05:56:53.717490,2026-01-01T05:56:54.262785,2,False,False,SYNTHETIC
EV000010402D,P0000104,payment.captured,2026-01-01T05:56:53.717490,2026-01-01T05:56:54.750098,2,True,False,SYNTHETIC
EV000010500,P0000105,payment.attempted,2026-01-01T11:14:30.055256,2026-01-01T11:14:31.775237,0,False,False,SYNTHETIC
EV000010501,P0000105,payment.authorized,2026-01-01T11:14:31.616330,2026-01-01T11:14:32.682729,1,False,False,SYNTHETIC
EV000010502,P0000105,payment.captured,2026-01-01T11:14:33.438099,2026-01-01T11:14:34.060814,2,False,False,SYNTHETIC
EV000010600,P0000106,payment.attempted,2026-01-01T11:12:12.710535,2026-01-01T11:12:13.856792,0,False,False,SYNTHETIC
EV000010601,P0000106,payment.authorized,2026-01-01T11:12:14.396194,2026-01-01T11:12:14.779995,1,False,False,SYNTHETIC
EV000010602,P0000106,payment.captured,2026-01-01T11:12:16.872607,2026-01-01T11:12:17.390937,2,False,False,SYNTHETIC
EV000010700,P0000107,payment.attempted,2026-01-01T15:19:42.244306,2026-01-01T15:19:42.553178,0,False,False,SYNTHETIC
EV000010701,P0000107,payment.authorized,2026-01-01T15:19:46.319705,2026-01-01T15:19:47.448070,1,False,False,SYNTHETIC
EV000010702,P0000107,payment.captured,2026-01-01T15:19:50.746988,2026-01-01T15:19:51.310067,2,False,False,SYNTHETIC
EV000010800,P0000108,payment.attempted,2026-01-01T11:50:44.809774,2026-01-01T11:50:46.072007,0,False,False,SYNTHETIC
EV000010801,P0000108,payment.failed,2026-01-01T11:50:51.511630,2026-01-01T11:50:53.242695,1,False,False,SYNTHETIC
EV000010900,P0000109,payment.attempted,2026-01-01T05:22:25.308102,2026-01-01T05:22:25.882759,0,False,False,SYNTHETIC
EV000010901,P0000109,payment.authorized,2026-01-01T05:22:30.017868,2026-01-01T05:22:30.927826,1,False,False,SYNTHETIC
EV000010902,P0000109,payment.captured,2026-01-01T05:22:33.084347,2026-01-01T05:22:33.531029,2,False,False,SYNTHETIC
EV000011000,P0000110,payment.attempted,2026-01-01T14:12:59.946693,2026-01-01T14:13:06.323769,0,False,True,SYNTHETIC
EV000011001,P0000110,payment.authorized,2026-01-01T14:13:04.423162,2026-01-01T14:13:40.269052,1,False,False,SYNTHETIC
EV000011002,P0000110,payment.captured,2026-01-01T14:13:05.696079,2026-01-01T14:13:00.641047,2,False,True,SYNTHETIC
EV000011100,P0000111,payment.attempted,2026-01-01T18:44:09.029694,2026-01-01T18:44:09.550997,0,False,False,SYNTHETIC
EV000011101,P0000111,payment.failed,2026-01-01T18:44:15.673438,2026-01-01T18:44:16.003251,1,False,False,SYNTHETIC
EV000011200,P0000112,payment.attempted,2026-01-01T21:28:08.276892,2026-01-01T21:28:15.447433,0,False,True,SYNTHETIC
EV000011201,P0000112,payment.authorized,2026-01-01T21:28:12.347483,2026-01-01T21:28:13.142245,1,False,False,SYNTHETIC
EV000011202,P0000112,payment.captured,2026-01-01T21:28:14.985304,2026-01-01T21:28:09.428578,2,False,True,SYNTHETIC
EV000011300,P0000113,payment.attempted,2026-01-01T02:15:06.855128,2026-01-01T02:15:08.042500,0,False,False,SYNTHETIC
EV000011301,P0000113,payment.failed,2026-01-01T02:15:11.736421,2026-01-01T02:15:12.967667,1,False,False,SYNTHETIC
EV000011400,P0000114,payment.attempted,2026-01-01T22:45:10.289188,2026-01-01T22:45:10.638932,0,False,False,SYNTHETIC
EV000011401,P0000114,payment.authorized,2026-01-01T22:45:13.121628,2026-01-01T22:45:13.683071,1,False,False,SYNTHETIC
EV000011402,P0000114,payment.captured,2026-01-01T22:45:14.556718,2026-01-01T22:45:15.087253,2,False,False,SYNTHETIC
EV000011500,P0000115,payment.attempted,2026-01-01T22:07:10.651056,2026-01-01T22:07:11.402713,0,False,False,SYNTHETIC
EV000011501,P0000115,payment.authorized,2026-01-01T22:07:13.477811,2026-01-01T22:07:14.368228,1,False,False,SYNTHETIC
EV000011502,P0000115,payment.captured,2026-01-01T22:07:18.329187,2026-01-01T22:07:18.861317,2,False,False,SYNTHETIC
EV000011600,P0000116,payment.attempted,2026-01-01T00:07:09.623710,2026-01-01T00:07:10.630526,0,False,False,SYNTHETIC
EV000011601,P0000116,payment.authorized,2026-01-01T00:07:10.938074,2026-01-01T00:08:06.256455,1,False,False,SYNTHETIC
EV000011602,P0000116,payment.captured,2026-01-01T00:07:14.129159,2026-01-01T00:07:14.748529,2,False,False,SYNTHETIC
EV000011700,P0000117,payment.attempted,2026-01-01T09:36:19.993479,2026-01-01T09:36:23.376517,0,False,False,SYNTHETIC
EV000011701,P0000117,payment.authorized,2026-01-01T09:36:23.238001,2026-01-01T09:36:24.784830,1,False,False,SYNTHETIC
EV000011702,P0000117,payment.captured,2026-01-01T09:36:25.405540,2026-01-01T09:36:27.487944,2,False,False,SYNTHETIC
EV000011800,P0000118,payment.attempted,2026-01-01T03:46:52.144858,2026-01-01T03:46:54.288145,0,False,False,SYNTHETIC
EV000011801,P0000118,payment.authorized,2026-01-01T03:46:55.003826,2026-01-01T03:46:55.410692,1,False,False,SYNTHETIC
EV000011802,P0000118,payment.captured,2026-01-01T03:46:58.469037,2026-01-01T03:46:59.819868,2,False,False,SYNTHETIC
EV000011900,P0000119,payment.attempted,2026-01-01T07:48:53.834225,2026-01-01T07:48:55.044672,0,False,False,SYNTHETIC
EV000011901,P0000119,payment.authorized,2026-01-01T07:48:56.798432,2026-01-01T07:49:00.024677,1,False,False,SYNTHETIC
EV000011902,P0000119,payment.captured,2026-01-01T07:49:00.406698,2026-01-01T07:49:02.911256,2,False,False,SYNTHETIC
EV000012000,P0000120,payment.attempted,2026-01-01T03:41:45.984298,2026-01-01T03:41:53.333809,0,False,True,SYNTHETIC
EV000012001,P0000120,payment.authorized,2026-01-01T03:41:51.962580,2026-01-01T03:41:46.514998,1,False,True,SYNTHETIC
EV000012002,P0000120,payment.captured,2026-01-01T03:41:56.824610,2026-01-01T03:41:58.219665,2,False,False,SYNTHETIC
EV000012100,P0000121,payment.attempted,2026-01-01T10:25:56.177211,2026-01-01T10:25:58.109060,0,False,False,SYNTHETIC
EV000012101,P0000121,payment.failed,2026-01-01T10:26:00.586278,2026-01-01T10:26:01.669932,1,False,False,SYNTHETIC
EV000012200,P0000122,payment.attempted,2026-01-01T09:21:01.595082,2026-01-01T09:21:08.044659,0,False,False,SYNTHETIC
EV000012201,P0000122,payment.authorized,2026-01-01T09:21:06.998696,2026-01-01T09:21:08.482137,1,False,False,SYNTHETIC
EV000012202,P0000122,payment.captured,2026-01-01T09:21:10.405065,2026-01-01T09:21:11.387570,2,False,False,SYNTHETIC
EV000012300,P0000123,payment.attempted,2026-01-01T23:00:18.568410,2026-01-01T23:00:27.390966,0,False,True,SYNTHETIC
EV000012301,P0000123,payment.authorized,2026-01-01T23:00:22.041336,2026-01-01T23:00:22.904659,1,False,False,SYNTHETIC
EV000012302,P0000123,payment.captured,2026-01-01T23:00:26.195213,2026-01-01T23:00:19.844163,2,False,True,SYNTHETIC
EV000012400,P0000124,payment.attempted,2026-01-01T16:14:54.955894,2026-01-01T16:14:56.047408,0,False,False,SYNTHETIC
EV000012401,P0000124,payment.authorized,2026-01-01T16:14:56.345857,2026-01-01T16:14:59.076124,1,False,False,SYNTHETIC
EV000012401D,P0000124,payment.authorized,2026-01-01T16:14:56.345857,2026-01-01T16:14:59.341066,1,True,False,SYNTHETIC
EV000012402,P0000124,payment.captured,2026-01-01T16:15:00.290977,2026-01-01T16:15:01.110622,2,False,False,SYNTHETIC
EV000012500,P0000125,payment.attempted,2026-01-01T03:55:21.726760,2026-01-01T03:55:22.208594,0,False,False,SYNTHETIC
EV000012501,P0000125,payment.authorized,2026-01-01T03:55:26.175028,2026-01-01T03:55:26.502880,1,False,False,SYNTHETIC
EV000012501D,P0000125,payment.authorized,2026-01-01T03:55:26.175028,2026-01-01T03:55:26.930635,1,True,False,SYNTHETIC
EV000012502,P0000125,payment.captured,2026-01-01T03:55:27.640164,2026-01-01T03:55:28.162591,2,False,False,SYNTHETIC
EV000012600,P0000126,payment.attempted,2026-01-01T15:39:25.989101,2026-01-01T15:39:26.346781,0,False,False,SYNTHETIC
EV000012601,P0000126,payment.authorized,2026-01-01T15:39:28.993899,2026-01-01T15:39:29.385547,1,False,False,SYNTHETIC
EV000012602,P0000126,payment.captured,2026-01-01T15:39:33.896092,2026-01-01T15:39:34.160040,2,False,False,SYNTHETIC
EV000012700,P0000127,payment.attempted,2026-01-01T12:49:51.957792,2026-01-01T12:49:53.223157,0,False,False,SYNTHETIC
EV000012701,P0000127,payment.authorized,2026-01-01T12:49:57.196561,2026-01-01T12:49:57.942231,1,False,False,SYNTHETIC
EV000012702,P0000127,payment.captured,2026-01-01T12:50:01.832023,2026-01-01T12:50:03.416436,2,False,False,SYNTHETIC
EV000012800,P0000128,payment.attempted,2026-01-01T11:29:49.128673,2026-01-01T11:29:50.831085,0,False,False,SYNTHETIC
EV000012801,P0000128,payment.failed,2026-01-01T11:29:53.164797,2026-01-01T11:29:55.558575,1,False,True,SYNTHETIC
EV000012801D,P0000128,payment.failed,2026-01-01T11:29:53.164797,2026-01-01T11:29:54.700987,1,True,True,SYNTHETIC
EV000012900,P0000129,payment.attempted,2026-01-01T22:01:05.210867,2026-01-01T22:01:05.922643,0,False,False,SYNTHETIC
EV000012901,P0000129,payment.authorized,2026-01-01T22:01:09.459517,2026-01-01T22:01:13.325657,1,False,False,SYNTHETIC
EV000012902,P0000129,payment.captured,2026-01-01T22:01:12.299094,2026-01-01T22:01:14.335551,2,False,False,SYNTHETIC
EV000013000,P0000130,payment.attempted,2026-01-01T19:50:37.642687,2026-01-01T19:50:38.239910,0,False,False,SYNTHETIC
EV000013001,P0000130,payment.authorized,2026-01-01T19:50:42.274911,2026-01-01T19:50:43.171937,1,False,False,SYNTHETIC
EV000013002,P0000130,payment.captured,2026-01-01T19:50:44.170991,2026-01-01T19:50:45.923970,2,False,False,SYNTHETIC
EV000013100,P0000131,payment.attempted,2026-01-01T18:18:08.290695,2026-01-01T18:18:17.140628,0,False,True,SYNTHETIC
EV000013101,P0000131,payment.authorized,2026-01-01T18:18:14.151349,2026-01-01T18:18:16.558230,1,False,False,SYNTHETIC
EV000013102,P0000131,payment.captured,2026-01-01T18:18:16.503985,2026-01-01T18:18:09.290098,2,False,True,SYNTHETIC
EV000013200,P0000132,payment.attempted,2026-01-01T21:28:55.629823,2026-01-01T21:28:59.496110,0,False,False,SYNTHETIC
EV000013201,P0000132,payment.authorized,2026-01-01T21:28:57.228090,2026-01-01T21:28:58.568226,1,False,False,SYNTHETIC
EV000013202,P0000132,payment.captured,2026-01-01T21:28:59.539110,2026-01-01T21:28:59.869828,2,False,False,SYNTHETIC
EV000013300,P0000133,payment.attempted,2026-01-01T07:44:17.041361,2026-01-01T07:44:18.654553,0,False,False,SYNTHETIC
EV000013301,P0000133,payment.authorized,2026-01-01T07:44:21.432102,2026-01-01T07:44:23.347966,1,False,False,SYNTHETIC
EV000013302,P0000133,payment.captured,2026-01-01T07:44:25.069503,2026-01-01T07:44:25.740116,2,False,False,SYNTHETIC
EV000013400,P0000134,payment.attempted,2026-01-01T08:45:28.323530,2026-01-01T08:45:32.793679,0,False,False,SYNTHETIC
EV000013401,P0000134,payment.authorized,2026-01-01T08:45:31.203652,2026-01-01T08:45:32.731427,1,False,False,SYNTHETIC
EV000013401D,P0000134,payment.authorized,2026-01-01T08:45:31.203652,2026-01-01T08:45:33.104950,1,True,False,SYNTHETIC
EV000013402,P0000134,payment.captured,2026-01-01T08:45:36.033234,2026-01-01T08:45:36.691071,2,False,False,SYNTHETIC
EV000013500,P0000135,payment.attempted,2026-01-01T11:57:31.771807,2026-01-01T11:57:33.617227,0,False,False,SYNTHETIC
EV000013501,P0000135,payment.authorized,2026-01-01T11:57:32.858790,2026-01-01T11:57:33.764590,1,False,False,SYNTHETIC
EV000013502,P0000135,payment.captured,2026-01-01T11:57:34.405547,2026-01-01T11:57:34.798727,2,False,False,SYNTHETIC
EV000013600,P0000136,payment.attempted,2026-01-01T12:30:43.808210,2026-01-01T12:30:48.658888,0,False,False,SYNTHETIC
EV000013601,P0000136,payment.authorized,2026-01-01T12:30:48.839649,2026-01-01T12:30:51.072451,1,False,False,SYNTHETIC
EV000013602,P0000136,payment.captured,2026-01-01T12:30:49.976030,2026-01-01T12:30:54.147636,2,False,False,SYNTHETIC
EV000013700,P0000137,payment.attempted,2026-01-01T12:15:45.294278,2026-01-01T12:15:46.049558,0,False,False,SYNTHETIC
EV000013701,P0000137,payment.authorized,2026-01-01T12:15:48.938886,2026-01-01T12:15:50.345936,1,False,False,SYNTHETIC
EV000013702,P0000137,payment.captured,2026-01-01T12:15:52.504302,2026-01-01T12:15:53.019505,2,False,False,SYNTHETIC
EV000013800,P0000138,payment.attempted,2026-01-01T19:14:18.140218,2026-01-01T19:14:18.389123,0,False,False,SYNTHETIC
EV000013800D,P0000138,payment.attempted,2026-01-01T19:14:18.140218,2026-01-01T19:14:19.040042,0,True,False,SYNTHETIC
EV000013801,P0000138,payment.authorized,2026-01-01T19:14:19.747163,2026-01-01T19:14:21.367509,1,False,False,SYNTHETIC
EV000013802,P0000138,payment.captured,2026-01-01T19:14:21.781803,2026-01-01T19:14:23.056094,2,False,False,SYNTHETIC
EV000013900,P0000139,payment.attempted,2026-01-01T20:10:30.455808,2026-01-01T20:10:31.159777,0,False,False,SYNTHETIC
EV000013901,P0000139,payment.authorized,2026-01-01T20:10:34.835850,2026-01-01T20:10:36.998470,1,False,False,SYNTHETIC
EV000013902,P0000139,payment.captured,2026-01-01T20:10:37.918912,2026-01-01T20:10:38.346323,2,False,False,SYNTHETIC
EV000014000,P0000140,payment.attempted,2026-01-01T09:43:33.265699,2026-01-01T09:43:34.943567,0,False,False,SYNTHETIC
EV000014001,P0000140,payment.authorized,2026-01-01T09:43:36.668231,2026-01-01T09:43:39.183522,1,False,False,SYNTHETIC
EV000014001D,P0000140,payment.authorized,2026-01-01T09:43:36.668231,2026-01-01T09:43:46.326898,1,True,False,SYNTHETIC
EV000014002,P0000140,payment.captured,2026-01-01T09:43:39.628016,2026-01-01T09:43:41.520090,2,False,False,SYNTHETIC
EV000014100,P0000141,payment.attempted,2026-01-01T16:51:45.768755,2026-01-01T16:51:46.485563,0,False,False,SYNTHETIC
EV000014101,P0000141,payment.authorized,2026-01-01T16:51:48.564498,2026-01-01T16:51:49.335651,1,False,False,SYNTHETIC
EV000014102,P0000141,payment.captured,2026-01-01T16:51:50.630219,2026-01-01T16:51:52.087343,2,False,False,SYNTHETIC
EV000014200,P0000142,payment.attempted,2026-01-01T02:46:30.263938,2026-01-01T02:46:30.406429,0,False,False,SYNTHETIC
EV000014201,P0000142,payment.authorized,2026-01-01T02:46:35.067782,2026-01-01T02:46:35.440194,1,False,False,SYNTHETIC
EV000014202,P0000142,payment.captured,2026-01-01T02:46:39.932127,2026-01-01T02:46:40.504944,2,False,False,SYNTHETIC
EV000014300,P0000143,payment.attempted,2026-01-01T18:21:46.592335,2026-01-01T18:21:50.221437,0,False,False,SYNTHETIC
EV000014300D,P0000143,payment.attempted,2026-01-01T18:21:46.592335,2026-01-01T18:21:50.696246,0,True,False,SYNTHETIC
EV000014301,P0000143,payment.authorized,2026-01-01T18:21:48.055382,2026-01-01T18:21:48.744570,1,False,False,SYNTHETIC
EV000014302,P0000143,payment.captured,2026-01-01T18:21:52.615466,2026-01-01T18:21:53.683244,2,False,False,SYNTHETIC
EV000014400,P0000144,payment.attempted,2026-01-01T02:38:40.570632,2026-01-01T02:39:25.628289,0,False,False,SYNTHETIC
EV000014401,P0000144,payment.authorized,2026-01-01T02:38:44.349810,2026-01-01T02:38:45.494303,1,False,False,SYNTHETIC
EV000014402,P0000144,payment.captured,2026-01-01T02:38:47.616312,2026-01-01T02:39:02.971323,2,False,False,SYNTHETIC
EV000014500,P0000145,payment.attempted,2026-01-01T04:30:38.140773,2026-01-01T04:30:44.713813,0,False,True,SYNTHETIC
EV000014501,P0000145,payment.authorized,2026-01-01T04:30:39.986504,2026-01-01T04:30:40.747050,1,False,False,SYNTHETIC
EV000014502,P0000145,payment.captured,2026-01-01T04:30:43.962616,2026-01-01T04:30:38.807071,2,False,True,SYNTHETIC
EV000014600,P0000146,payment.attempted,2026-01-01T05:06:19.335016,2026-01-01T05:06:19.608089,0,False,False,SYNTHETIC
EV000014601,P0000146,payment.authorized,2026-01-01T05:06:20.361592,2026-01-01T05:06:21.265174,1,False,False,SYNTHETIC
EV000014602,P0000146,payment.captured,2026-01-01T05:11:06.856139,2026-01-01T05:11:07.456901,2,False,False,SYNTHETIC
EV000014700,P0000147,payment.attempted,2026-01-01T12:53:44.838129,2026-01-01T12:53:45.537357,0,False,False,SYNTHETIC
EV000014701,P0000147,payment.authorized,2026-01-01T12:53:48.023772,2026-01-01T12:53:49.408613,1,False,False,SYNTHETIC
EV000014702,P0000147,payment.captured,2026-01-01T12:53:51.550682,2026-01-01T12:53:52.672171,2,False,False,SYNTHETIC
EV000014800,P0000148,payment.attempted,2026-01-01T20:19:17.267746,2026-01-01T20:19:19.857047,0,False,False,SYNTHETIC
EV000014800D,P0000148,payment.attempted,2026-01-01T20:19:17.267746,2026-01-01T20:19:20.801830,0,True,False,SYNTHETIC
EV000014801,P0000148,payment.authorized,2026-01-01T20:19:18.595588,2026-01-01T20:19:19.408420,1,False,False,SYNTHETIC
EV000014802,P0000148,payment.captured,2026-01-01T20:19:21.424086,2026-01-01T20:19:22.442527,2,False,False,SYNTHETIC
EV000014900,P0000149,payment.attempted,2026-01-01T19:04:35.854071,2026-01-01T19:04:36.682633,0,False,False,SYNTHETIC
EV000014901,P0000149,payment.authorized,2026-01-01T19:04:39.056433,2026-01-01T19:04:39.536831,1,False,False,SYNTHETIC
EV000014902,P0000149,payment.captured,2026-01-01T19:04:41.226659,2026-01-01T19:04:41.825020,2,False,False,SYNTHETIC
EV000015000,P0000150,payment.attempted,2026-01-01T22:00:18.380470,2026-01-01T22:00:18.644374,0,False,False,SYNTHETIC
EV000015001,P0000150,payment.authorized,2026-01-01T22:00:22.414572,2026-01-01T22:00:23.374515,1,False,False,SYNTHETIC
EV000015001D,P0000150,payment.authorized,2026-01-01T22:00:22.414572,2026-01-01T22:00:23.635450,1,True,False,SYNTHETIC
EV000015002,P0000150,payment.captured,2026-01-01T22:00:26.931301,2026-01-01T22:00:27.471035,2,False,False,SYNTHETIC
EV000015100,P0000151,payment.attempted,2026-01-01T16:37:01.414074,2026-01-01T16:37:03.096108,0,False,False,SYNTHETIC
EV000015101,P0000151,payment.authorized,2026-01-01T16:37:05.892390,2026-01-01T16:37:09.517254,1,False,False,SYNTHETIC
EV000015101D,P0000151,payment.authorized,2026-01-01T16:37:05.892390,2026-01-01T16:37:09.907891,1,True,False,SYNTHETIC
EV000015102,P0000151,payment.captured,2026-01-01T16:37:10.578839,2026-01-01T16:37:11.092864,2,False,False,SYNTHETIC
EV000015200,P0000152,payment.attempted,2026-01-01T02:49:42.833204,2026-01-01T02:49:44.915423,0,False,False,SYNTHETIC
EV000015201,P0000152,payment.authorized,2026-01-01T02:49:46.647587,2026-01-01T02:49:47.132752,1,False,False,SYNTHETIC
EV000015202,P0000152,payment.captured,2026-01-01T02:49:48.194989,2026-01-01T02:49:48.673753,2,False,False,SYNTHETIC
EV000015300,P0000153,payment.attempted,2026-01-01T03:48:51.255325,2026-01-01T03:48:53.043438,0,False,False,SYNTHETIC
EV000015301,P0000153,payment.authorized,2026-01-01T03:48:56.508212,2026-01-01T03:48:59.177499,1,False,False,SYNTHETIC
EV000015302,P0000153,payment.failed,2026-01-01T03:49:00.823551,2026-01-01T03:49:02.076194,2,False,False,SYNTHETIC
EV000015302D,P0000153,payment.failed,2026-01-01T03:49:00.823551,2026-01-01T03:49:02.574880,2,True,False,SYNTHETIC
EV000015303,P0000153,payment.captured,2026-01-01T03:52:03.244527,2026-01-01T03:52:04.347800,3,False,False,SYNTHETIC
EV000015400,P0000154,payment.attempted,2026-01-01T23:33:00.774406,2026-01-01T23:33:02.892070,0,False,False,SYNTHETIC
EV000015401,P0000154,payment.authorized,2026-01-01T23:33:02.628845,2026-01-01T23:33:04.183532,1,False,False,SYNTHETIC
EV000015402,P0000154,payment.captured,2026-01-01T23:33:04.045108,2026-01-01T23:33:05.309981,2,False,False,SYNTHETIC
EV000015500,P0000155,payment.attempted,2026-01-01T21:09:40.940458,2026-01-01T21:09:41.587221,0,False,False,SYNTHETIC
EV000015501,P0000155,payment.authorized,2026-01-01T21:09:46.764244,2026-01-01T21:09:48.279789,1,False,False,SYNTHETIC
EV000015502,P0000155,payment.captured,2026-01-01T21:09:50.696751,2026-01-01T21:09:52.992090,2,False,False,SYNTHETIC
EV000015600,P0000156,payment.attempted,2026-01-01T16:33:59.539420,2026-01-01T16:34:06.762356,0,False,True,SYNTHETIC
EV000015601,P0000156,payment.authorized,2026-01-01T16:34:05.214298,2026-01-01T16:34:00.117636,1,False,True,SYNTHETIC
EV000015602,P0000156,payment.captured,2026-01-01T16:34:06.908293,2026-01-01T16:34:08.903634,2,False,False,SYNTHETIC
EV000015700,P0000157,payment.attempted,2026-01-01T12:06:19.729631,2026-01-01T12:06:20.610106,0,False,False,SYNTHETIC
EV000015701,P0000157,payment.failed,2026-01-01T12:06:25.793813,2026-01-01T12:06:26.650186,1,False,False,SYNTHETIC
EV000015800,P0000158,payment.attempted,2026-01-01T01:06:59.931919,2026-01-01T01:07:05.454540,0,False,True,SYNTHETIC
EV000015801,P0000158,payment.failed,2026-01-01T01:07:05.268054,2026-01-01T01:07:00.120244,1,False,True,SYNTHETIC
EV000015900,P0000159,payment.attempted,2026-01-01T22:31:54.957725,2026-01-01T22:31:55.225609,0,False,False,SYNTHETIC
EV000015901,P0000159,payment.authorized,2026-01-01T22:31:58.141554,2026-01-01T22:31:58.616816,1,False,False,SYNTHETIC
EV000015902,P0000159,payment.captured,2026-01-01T22:32:00.059114,2026-01-01T22:32:00.535652,2,False,False,SYNTHETIC
EV000016000,P0000160,payment.attempted,2026-01-01T23:08:09.583726,2026-01-01T23:08:10.878331,0,False,False,SYNTHETIC
EV000016001,P0000160,payment.authorized,2026-01-01T23:08:10.595237,2026-01-01T23:08:11.872827,1,False,False,SYNTHETIC
EV000016002,P0000160,payment.captured,2026-01-01T23:08:12.455170,2026-01-01T23:08:16.132720,2,False,False,SYNTHETIC
EV000016100,P0000161,payment.attempted,2026-01-01T16:56:36.647798,2026-01-01T16:56:38.779382,0,False,False,SYNTHETIC
EV000016101,P0000161,payment.authorized,2026-01-01T16:56:42.323940,2026-01-01T16:56:43.332101,1,False,False,SYNTHETIC
EV000016102,P0000161,payment.captured,2026-01-01T16:56:43.737854,2026-01-01T16:56:45.029444,2,False,False,SYNTHETIC
EV000016200,P0000162,payment.attempted,2026-01-01T14:43:01.105791,2026-01-01T14:43:01.582674,0,False,False,SYNTHETIC
EV000016201,P0000162,payment.authorized,2026-01-01T14:43:05.048669,2026-01-01T14:43:05.345038,1,False,False,SYNTHETIC
EV000016202,P0000162,payment.captured,2026-01-01T14:43:08.916528,2026-01-01T14:43:09.049989,2,False,False,SYNTHETIC
EV000016300,P0000163,payment.attempted,2026-01-01T05:40:56.609634,2026-01-01T05:40:57.509939,0,False,False,SYNTHETIC
EV000016301,P0000163,payment.authorized,2026-01-01T05:40:58.816244,2026-01-01T05:41:02.068972,1,False,False,SYNTHETIC
EV000016302,P0000163,payment.captured,2026-01-01T05:41:01.752636,2026-01-01T05:41:04.132998,2,False,False,SYNTHETIC
EV000016400,P0000164,payment.attempted,2026-01-01T11:17:18.931877,2026-01-01T11:17:20.157480,0,False,False,SYNTHETIC
EV000016401,P0000164,payment.authorized,2026-01-01T11:17:20.517530,2026-01-01T11:17:20.998467,1,False,False,SYNTHETIC
EV000016402,P0000164,payment.captured,2026-01-01T11:17:23.587652,2026-01-01T11:17:24.231625,2,False,False,SYNTHETIC
EV000016500,P0000165,payment.attempted,2026-01-01T03:33:58.519045,2026-01-01T03:33:59.702223,0,False,False,SYNTHETIC
EV000016501,P0000165,payment.authorized,2026-01-01T03:34:04.172000,2026-01-01T03:34:05.476019,1,False,False,SYNTHETIC
EV000016502,P0000165,payment.captured,2026-01-01T03:34:06.843035,2026-01-01T03:34:10.693672,2,False,False,SYNTHETIC
EV000016600,P0000166,payment.attempted,2026-01-01T10:05:21.585960,2026-01-01T10:05:22.476614,0,False,False,SYNTHETIC
EV000016601,P0000166,payment.failed,2026-01-01T10:05:27.924906,2026-01-01T10:05:32.750303,1,False,False,SYNTHETIC
EV000016700,P0000167,payment.attempted,2026-01-01T13:28:22.843914,2026-01-01T13:28:24.590781,0,False,False,SYNTHETIC
EV000016701,P0000167,payment.authorized,2026-01-01T13:28:24.630696,2026-01-01T13:28:27.161228,1,False,False,SYNTHETIC
EV000016702,P0000167,payment.captured,2026-01-01T13:28:27.612614,2026-01-01T13:28:29.670559,2,False,False,SYNTHETIC
EV000016800,P0000168,payment.attempted,2026-01-01T04:25:10.889350,2026-01-01T04:25:11.687374,0,False,False,SYNTHETIC
EV000016801,P0000168,payment.failed,2026-01-01T04:25:13.333863,2026-01-01T04:25:14.116362,1,False,False,SYNTHETIC
EV000016900,P0000169,payment.attempted,2026-01-01T00:52:40.810891,2026-01-01T00:52:41.568777,0,False,False,SYNTHETIC
EV000016901,P0000169,payment.authorized,2026-01-01T00:52:43.625060,2026-01-01T00:52:46.581487,1,False,False,SYNTHETIC
EV000016902,P0000169,payment.captured,2026-01-01T00:52:45.161991,2026-01-01T00:52:46.241815,2,False,False,SYNTHETIC
EV000017000,P0000170,payment.attempted,2026-01-01T02:28:44.369913,2026-01-01T02:28:46.994423,0,False,False,SYNTHETIC
EV000017001,P0000170,payment.authorized,2026-01-01T02:28:46.757608,2026-01-01T02:28:47.498116,1,False,False,SYNTHETIC
EV000017002,P0000170,payment.captured,2026-01-01T02:28:49.791932,2026-01-01T02:28:50.790972,2,False,False,SYNTHETIC
EV000017100,P0000171,payment.attempted,2026-01-01T11:24:46.084672,2026-01-01T11:24:49.340260,0,False,False,SYNTHETIC
EV000017101,P0000171,payment.authorized,2026-01-01T11:24:50.612311,2026-01-01T11:24:53.988870,1,False,False,SYNTHETIC
EV000017102,P0000171,payment.captured,2026-01-01T11:24:53.798806,2026-01-01T11:25:04.052840,2,False,False,SYNTHETIC
EV000017200,P0000172,payment.attempted,2026-01-01T18:04:05.658324,2026-01-01T18:04:06.160869,0,False,False,SYNTHETIC
EV000017201,P0000172,payment.authorized,2026-01-01T18:04:10.437094,2026-01-01T18:04:57.219629,1,False,False,SYNTHETIC
EV000017202,P0000172,payment.captured,2026-01-01T18:04:11.446495,2026-01-01T18:04:11.904979,2,False,False,SYNTHETIC
EV000017300,P0000173,payment.attempted,2026-01-01T04:47:10.886975,2026-01-01T04:47:11.465439,0,False,False,SYNTHETIC
EV000017300D,P0000173,payment.attempted,2026-01-01T04:47:10.886975,2026-01-01T04:47:12.689943,0,True,False,SYNTHETIC
EV000017301,P0000173,payment.authorized,2026-01-01T04:47:13.274720,2026-01-01T04:47:14.256608,1,False,False,SYNTHETIC
EV000017302,P0000173,payment.captured,2026-01-01T04:47:14.941678,2026-01-01T04:47:17.309874,2,False,False,SYNTHETIC
EV000017400,P0000174,payment.attempted,2026-01-01T19:05:21.043847,2026-01-01T19:05:22.370362,0,False,False,SYNTHETIC
EV000017401,P0000174,payment.authorized,2026-01-01T19:05:25.863140,2026-01-01T19:05:26.212042,1,False,False,SYNTHETIC
EV000017402,P0000174,payment.captured,2026-01-01T19:05:29.193793,2026-01-01T19:05:31.546480,2,False,False,SYNTHETIC
EV000017500,P0000175,payment.attempted,2026-01-01T12:17:10.111804,2026-01-01T12:17:10.604707,0,False,False,SYNTHETIC
EV000017500D,P0000175,payment.attempted,2026-01-01T12:17:10.111804,2026-01-01T12:17:11.073483,0,True,False,SYNTHETIC
EV000017501,P0000175,payment.authorized,2026-01-01T12:17:12.101875,2026-01-01T12:17:13.109351,1,False,False,SYNTHETIC
EV000017502,P0000175,payment.captured,2026-01-01T12:17:15.503049,2026-01-01T12:17:16.378236,2,False,False,SYNTHETIC
EV000017600,P0000176,payment.attempted,2026-01-01T07:11:34.174919,2026-01-01T07:11:35.657216,0,False,False,SYNTHETIC
EV000017601,P0000176,payment.authorized,2026-01-01T07:11:39.104190,2026-01-01T07:11:39.448098,1,False,False,SYNTHETIC
EV000017602,P0000176,payment.captured,2026-01-01T07:11:41.997929,2026-01-01T07:11:43.843005,2,False,False,SYNTHETIC
EV000017700,P0000177,payment.attempted,2026-01-01T12:55:40.871099,2026-01-01T12:55:42.327740,0,False,False,SYNTHETIC
EV000017701,P0000177,payment.authorized,2026-01-01T12:55:42.838146,2026-01-01T12:55:43.396389,1,False,False,SYNTHETIC
EV000017702,P0000177,payment.captured,2026-01-01T12:55:47.254551,2026-01-01T12:55:47.781513,2,False,False,SYNTHETIC
EV000017800,P0000178,payment.attempted,2026-01-01T04:49:44.031464,2026-01-01T04:49:44.912613,0,False,False,SYNTHETIC
EV000017801,P0000178,payment.authorized,2026-01-01T04:49:49.950180,2026-01-01T04:49:50.123493,1,False,False,SYNTHETIC
EV000017802,P0000178,payment.captured,2026-01-01T04:49:51.535098,2026-01-01T04:49:54.282088,2,False,False,SYNTHETIC
EV000017900,P0000179,payment.attempted,2026-01-01T10:30:56.584585,2026-01-01T10:30:58.985150,0,False,False,SYNTHETIC
EV000017900D,P0000179,payment.attempted,2026-01-01T10:30:56.584585,2026-01-01T10:30:59.675601,0,True,False,SYNTHETIC
EV000017901,P0000179,payment.authorized,2026-01-01T10:30:58.074250,2026-01-01T10:30:58.642548,1,False,False,SYNTHETIC
EV000017902,P0000179,payment.captured,2026-01-01T10:31:01.026249,2026-01-01T10:31:03.181301,2,False,False,SYNTHETIC
EV000018000,P0000180,payment.attempted,2026-01-01T09:52:22.746281,2026-01-01T09:52:25.403371,0,False,False,SYNTHETIC
EV000018001,P0000180,payment.authorized,2026-01-01T09:52:28.047752,2026-01-01T09:52:29.190563,1,False,False,SYNTHETIC
EV000018002,P0000180,payment.captured,2026-01-01T09:52:29.218371,2026-01-01T09:52:29.965600,2,False,False,SYNTHETIC
EV000018100,P0000181,payment.attempted,2026-01-01T09:18:55.501586,2026-01-01T09:18:56.257839,0,False,False,SYNTHETIC
EV000018101,P0000181,payment.authorized,2026-01-01T09:18:57.086594,2026-01-01T09:18:58.530988,1,False,False,SYNTHETIC
EV000018101D,P0000181,payment.authorized,2026-01-01T09:18:57.086594,2026-01-01T09:18:59.101321,1,True,False,SYNTHETIC
EV000018102,P0000181,payment.captured,2026-01-01T09:19:00.963020,2026-01-01T09:19:02.993629,2,False,False,SYNTHETIC
EV000018200,P0000182,payment.attempted,2026-01-01T16:24:50.618216,2026-01-01T16:24:51.721815,0,False,False,SYNTHETIC
EV000018201,P0000182,payment.authorized,2026-01-01T16:24:54.340455,2026-01-01T16:24:55.087149,1,False,False,SYNTHETIC
EV000018202,P0000182,payment.captured,2026-01-01T16:24:58.313997,2026-01-01T16:24:58.832949,2,False,False,SYNTHETIC
EV000018300,P0000183,payment.attempted,2026-01-01T01:19:11.424515,2026-01-01T01:19:15.648798,0,False,False,SYNTHETIC
EV000018301,P0000183,payment.authorized,2026-01-01T01:19:15.833146,2026-01-01T01:19:16.567286,1,False,False,SYNTHETIC
EV000018302,P0000183,payment.captured,2026-01-01T01:19:17.464602,2026-01-01T01:19:19.781582,2,False,False,SYNTHETIC
EV000018400,P0000184,payment.attempted,2026-01-01T10:23:44.717802,2026-01-01T10:23:45.216970,0,False,False,SYNTHETIC
EV000018401,P0000184,payment.authorized,2026-01-01T10:23:49.690800,2026-01-01T10:23:50.340200,1,False,False,SYNTHETIC
EV000018402,P0000184,payment.captured,2026-01-01T10:23:52.745290,2026-01-01T10:23:53.296464,2,False,False,SYNTHETIC
EV000018500,P0000185,payment.attempted,2026-01-01T22:30:57.498259,2026-01-01T22:31:00.672452,0,False,True,SYNTHETIC
EV000018501,P0000185,payment.authorized,2026-01-01T22:30:58.598567,2026-01-01T22:30:58.015699,1,False,True,SYNTHETIC
EV000018502,P0000185,payment.captured,2026-01-01T22:31:01.595676,2026-01-01T22:31:03.975465,2,False,False,SYNTHETIC
EV000018600,P0000186,payment.attempted,2026-01-01T02:08:51.881806,2026-01-01T02:08:53.354695,0,False,False,SYNTHETIC
EV000018601,P0000186,payment.authorized,2026-01-01T02:08:53.231776,2026-01-01T02:08:53.913007,1,False,False,SYNTHETIC
EV000018602,P0000186,payment.captured,2026-01-01T02:08:56.970637,2026-01-01T02:08:57.277547,2,False,False,SYNTHETIC
EV000018602D,P0000186,payment.captured,2026-01-01T02:08:56.970637,2026-01-01T02:08:57.670663,2,True,False,SYNTHETIC
EV000018700,P0000187,payment.attempted,2026-01-01T17:13:19.569995,2026-01-01T17:13:20.267740,0,False,False,SYNTHETIC
EV000018701,P0000187,payment.authorized,2026-01-01T17:13:25.186850,2026-01-01T17:13:45.725005,1,False,False,SYNTHETIC
EV000018702,P0000187,payment.captured,2026-01-01T17:13:27.811090,2026-01-01T17:13:27.979637,2,False,False,SYNTHETIC
EV000018800,P0000188,payment.attempted,2026-01-01T20:13:20.110163,2026-01-01T20:13:21.958975,0,False,False,SYNTHETIC
EV000018801,P0000188,payment.authorized,2026-01-01T20:13:23.340356,2026-01-01T20:13:23.864028,1,False,False,SYNTHETIC
EV000018802,P0000188,payment.captured,2026-01-01T20:13:24.757422,2026-01-01T20:13:26.101168,2,False,False,SYNTHETIC
EV000018900,P0000189,payment.attempted,2026-01-01T16:38:00.586507,2026-01-01T16:38:01.493593,0,False,False,SYNTHETIC
EV000018901,P0000189,payment.authorized,2026-01-01T16:38:05.989929,2026-01-01T16:38:06.895301,1,False,False,SYNTHETIC
EV000018902,P0000189,payment.captured,2026-01-01T16:38:10.653865,2026-01-01T16:38:12.710196,2,False,False,SYNTHETIC
EV000019000,P0000190,payment.attempted,2026-01-01T23:31:00.969082,2026-01-01T23:31:01.823444,0,False,False,SYNTHETIC
EV000019001,P0000190,payment.authorized,2026-01-01T23:31:03.179428,2026-01-01T23:31:03.793881,1,False,False,SYNTHETIC
EV000019002,P0000190,payment.captured,2026-01-01T23:31:06.371890,2026-01-01T23:31:06.774114,2,False,False,SYNTHETIC
EV000019100,P0000191,payment.attempted,2026-01-01T22:55:39.557152,2026-01-01T22:55:39.885874,0,False,False,SYNTHETIC
EV000019101,P0000191,payment.authorized,2026-01-01T22:55:41.741306,2026-01-01T22:55:42.693688,1,False,False,SYNTHETIC
EV000019102,P0000191,payment.captured,2026-01-01T22:55:42.800199,2026-01-01T22:55:43.170221,2,False,False,SYNTHETIC
EV000019200,P0000192,payment.attempted,2026-01-01T21:56:26.267402,2026-01-01T21:56:29.563892,0,False,False,SYNTHETIC
EV000019201,P0000192,payment.authorized,2026-01-01T21:56:27.465608,2026-01-01T21:56:29.319152,1,False,False,SYNTHETIC
EV000019202,P0000192,payment.captured,2026-01-01T21:56:30.113127,2026-01-01T21:56:31.161632,2,False,False,SYNTHETIC
EV000019300,P0000193,payment.attempted,2026-01-01T02:27:00.868178,2026-01-01T02:27:02.102807,0,False,False,SYNTHETIC
EV000019301,P0000193,payment.authorized,2026-01-01T02:27:06.257691,2026-01-01T02:27:07.459337,1,False,False,SYNTHETIC
EV000019302,P0000193,payment.captured,2026-01-01T02:27:11.021067,2026-01-01T02:27:13.062034,2,False,False,SYNTHETIC
EV000019400,P0000194,payment.attempted,2026-01-01T00:14:56.715457,2026-01-01T00:14:57.708962,0,False,False,SYNTHETIC
EV000019401,P0000194,payment.authorized,2026-01-01T00:15:01.844733,2026-01-01T00:15:02.312292,1,False,False,SYNTHETIC
EV000019402,P0000194,payment.captured,2026-01-01T00:15:04.049592,2026-01-01T00:15:04.600386,2,False,False,SYNTHETIC
EV000019500,P0000195,payment.attempted,2026-01-01T04:11:52.329924,2026-01-01T04:11:53.383780,0,False,False,SYNTHETIC
EV000019501,P0000195,payment.failed,2026-01-01T04:11:54.437123,2026-01-01T04:11:54.614752,1,False,False,SYNTHETIC
EV000019600,P0000196,payment.attempted,2026-01-01T15:34:33.247876,2026-01-01T15:34:33.916206,0,False,False,SYNTHETIC
EV000019601,P0000196,payment.authorized,2026-01-01T15:34:35.821695,2026-01-01T15:34:36.069853,1,False,False,SYNTHETIC
EV000019602,P0000196,payment.captured,2026-01-01T15:34:40.114463,2026-01-01T15:34:41.026597,2,False,False,SYNTHETIC
EV000019700,P0000197,payment.attempted,2026-01-01T23:37:21.816669,2026-01-01T23:37:22.208207,0,False,False,SYNTHETIC
EV000019701,P0000197,payment.authorized,2026-01-01T23:37:24.875048,2026-01-01T23:37:25.932251,1,False,False,SYNTHETIC
EV000019702,P0000197,payment.captured,2026-01-01T23:37:28.347581,2026-01-01T23:37:30.093377,2,False,False,SYNTHETIC
EV000019800,P0000198,payment.attempted,2026-01-01T11:21:33.977730,2026-01-01T11:21:38.486096,0,False,False,SYNTHETIC
EV000019801,P0000198,payment.authorized,2026-01-01T11:21:39.401095,2026-01-01T11:21:42.242894,1,False,False,SYNTHETIC
EV000019802,P0000198,payment.captured,2026-01-01T11:21:40.727800,2026-01-01T11:21:44.481327,2,False,False,SYNTHETIC
EV000019900,P0000199,payment.attempted,2026-01-01T16:42:13.061948,2026-01-01T16:42:15.282203,0,False,False,SYNTHETIC
EV000019901,P0000199,payment.authorized,2026-01-01T16:42:16.832490,2026-01-01T16:42:18.157276,1,False,False,SYNTHETIC
EV000019902,P0000199,payment.captured,2026-01-01T16:42:18.582711,2026-01-01T16:42:19.263029,2,False,False,SYNTHETIC
EV000020000,P0000200,payment.attempted,2026-01-01T07:32:45.044892,2026-01-01T07:32:45.466219,0,False,False,SYNTHETIC
EV000020001,P0000200,payment.authorized,2026-01-01T07:32:47.905017,2026-01-01T07:32:49.264783,1,False,False,SYNTHETIC
EV000020002,P0000200,payment.captured,2026-01-01T07:32:51.642888,2026-01-01T07:32:52.422080,2,False,False,SYNTHETIC
EV000020100,P0000201,payment.attempted,2026-01-01T04:47:14.189423,2026-01-01T04:47:14.705723,0,False,False,SYNTHETIC
EV000020101,P0000201,payment.authorized,2026-01-01T04:47:16.083595,2026-01-01T04:47:17.047252,1,False,False,SYNTHETIC
EV000020101D,P0000201,payment.authorized,2026-01-01T04:47:16.083595,2026-01-01T04:47:18.405327,1,True,True,SYNTHETIC
EV000020102,P0000201,payment.captured,2026-01-01T04:47:17.344482,2026-01-01T04:47:17.629564,2,False,True,SYNTHETIC
EV000020200,P0000202,payment.attempted,2026-01-01T02:24:29.813462,2026-01-01T02:24:30.660068,0,False,False,SYNTHETIC
EV000020201,P0000202,payment.authorized,2026-01-01T02:24:33.532973,2026-01-01T02:24:34.913279,1,False,False,SYNTHETIC
EV000020202,P0000202,payment.captured,2026-01-01T02:24:38.409569,2026-01-01T02:24:38.705699,2,False,False,SYNTHETIC
EV000020300,P0000203,payment.attempted,2026-01-01T00:56:07.257835,2026-01-01T00:56:13.063105,0,False,True,SYNTHETIC
EV000020301,P0000203,payment.failed,2026-01-01T00:56:12.258349,2026-01-01T00:56:09.712722,1,False,True,SYNTHETIC
EV000020400,P0000204,payment.attempted,2026-01-01T22:48:46.619174,2026-01-01T22:48:48.344646,0,False,False,SYNTHETIC
EV000020401,P0000204,payment.authorized,2026-01-01T22:48:49.644554,2026-01-01T22:48:50.704309,1,False,False,SYNTHETIC
EV000020401D,P0000204,payment.authorized,2026-01-01T22:48:49.644554,2026-01-01T22:48:51.306453,1,True,False,SYNTHETIC
EV000020402,P0000204,payment.captured,2026-01-01T22:48:54.102681,2026-01-01T22:48:55.558196,2,False,False,SYNTHETIC
EV000020402D,P0000204,payment.captured,2026-01-01T22:48:54.102681,2026-01-01T22:48:56.551096,2,True,False,SYNTHETIC
EV000020500,P0000205,payment.attempted,2026-01-01T16:54:53.578060,2026-01-01T16:54:58.033286,0,False,False,SYNTHETIC
EV000020501,P0000205,payment.authorized,2026-01-01T16:54:57.592334,2026-01-01T16:54:58.565493,1,False,False,SYNTHETIC
EV000020502,P0000205,payment.captured,2026-01-01T16:54:58.601863,2026-01-01T16:55:00.098222,2,False,False,SYNTHETIC
EV000020600,P0000206,payment.attempted,2026-01-01T12:47:52.009078,2026-01-01T12:47:54.852276,0,False,True,SYNTHETIC
EV000020601,P0000206,payment.authorized,2026-01-01T12:47:53.542337,2026-01-01T12:47:53.554571,1,False,True,SYNTHETIC
EV000020602,P0000206,payment.captured,2026-01-01T12:47:55.542656,2026-01-01T12:47:58.945255,2,False,False,SYNTHETIC
EV000020700,P0000207,payment.attempted,2026-01-01T01:11:07.079931,2026-01-01T01:11:07.348158,0,False,False,SYNTHETIC
EV000020701,P0000207,payment.failed,2026-01-01T01:11:08.210697,2026-01-01T01:11:08.658677,1,False,False,SYNTHETIC
EV000020800,P0000208,payment.attempted,2026-01-01T02:07:01.062310,2026-01-01T02:07:02.162704,0,False,False,SYNTHETIC
EV000020801,P0000208,payment.authorized,2026-01-01T02:07:06.913484,2026-01-01T02:07:07.927766,1,False,False,SYNTHETIC
EV000020802,P0000208,payment.captured,2026-01-01T02:07:08.908812,2026-01-01T02:07:09.218651,2,False,False,SYNTHETIC
EV000020900,P0000209,payment.attempted,2026-01-01T07:42:25.359071,2026-01-01T07:42:25.760757,0,False,False,SYNTHETIC
EV000020901,P0000209,payment.authorized,2026-01-01T07:42:28.699681,2026-01-01T07:42:29.132692,1,False,False,SYNTHETIC
EV000020901D,P0000209,payment.authorized,2026-01-01T07:42:28.699681,2026-01-01T07:42:29.484405,1,True,False,SYNTHETIC
EV000020902,P0000209,payment.captured,2026-01-01T07:42:32.141003,2026-01-01T07:42:33.268639,2,False,False,SYNTHETIC
EV000021000,P0000210,payment.attempted,2026-01-01T17:11:26.652247,2026-01-01T17:11:26.913774,0,False,False,SYNTHETIC
EV000021001,P0000210,payment.authorized,2026-01-01T17:11:30.151160,2026-01-01T17:11:30.429138,1,False,False,SYNTHETIC
EV000021002,P0000210,payment.captured,2026-01-01T17:11:34.153634,2026-01-01T17:12:05.235031,2,False,False,SYNTHETIC
EV000021100,P0000211,payment.attempted,2026-01-01T06:13:41.309294,2026-01-01T06:13:41.672480,0,False,False,SYNTHETIC
EV000021101,P0000211,payment.authorized,2026-01-01T06:13:44.209795,2026-01-01T06:13:44.999539,1,False,False,SYNTHETIC
EV000021101D,P0000211,payment.authorized,2026-01-01T06:13:44.209795,2026-01-01T06:13:45.580251,1,True,False,SYNTHETIC
EV000021102,P0000211,payment.captured,2026-01-01T06:13:48.304331,2026-01-01T06:13:49.082148,2,False,False,SYNTHETIC
EV000021200,P0000212,payment.attempted,2026-01-01T08:11:15.993610,2026-01-01T08:11:18.937484,0,False,False,SYNTHETIC
EV000021201,P0000212,payment.authorized,2026-01-01T08:11:21.506019,2026-01-01T08:11:23.239500,1,False,True,SYNTHETIC
EV000021202,P0000212,payment.captured,2026-01-01T08:11:22.728518,2026-01-01T08:11:21.897081,2,False,True,SYNTHETIC
EV000021300,P0000213,payment.attempted,2026-01-01T20:21:09.370524,2026-01-01T20:21:15.563949,0,False,True,SYNTHETIC
EV000021301,P0000213,payment.authorized,2026-01-01T20:21:14.154859,2026-01-01T20:21:09.976616,1,False,True,SYNTHETIC
EV000021302,P0000213,payment.captured,2026-01-01T20:21:18.461861,2026-01-01T20:21:19.206949,2,False,False,SYNTHETIC
EV000021400,P0000214,payment.attempted,2026-01-01T11:20:33.135567,2026-01-01T11:20:33.392351,0,False,False,SYNTHETIC
EV000021401,P0000214,payment.authorized,2026-01-01T11:20:38.692418,2026-01-01T11:20:39.293337,1,False,False,SYNTHETIC
EV000021402,P0000214,payment.captured,2026-01-01T11:20:40.172120,2026-01-01T11:20:40.607889,2,False,False,SYNTHETIC
EV000021500,P0000215,payment.attempted,2026-01-01T21:25:54.128203,2026-01-01T21:25:55.310176,0,False,False,SYNTHETIC
EV000021501,P0000215,payment.authorized,2026-01-01T21:25:58.812700,2026-01-01T21:25:59.506433,1,False,False,SYNTHETIC
EV000021502,P0000215,payment.captured,2026-01-01T21:26:00.934959,2026-01-01T21:26:02.497326,2,False,False,SYNTHETIC
EV000021600,P0000216,payment.attempted,2026-01-01T01:34:57.383460,2026-01-01T01:35:01.035378,0,False,False,SYNTHETIC
EV000021601,P0000216,payment.failed,2026-01-01T01:35:00.583908,2026-01-01T01:35:01.240827,1,False,False,SYNTHETIC
EV000021700,P0000217,payment.attempted,2026-01-01T02:38:58.822511,2026-01-01T02:38:59.271308,0,False,False,SYNTHETIC
EV000021701,P0000217,payment.authorized,2026-01-01T02:39:04.168342,2026-01-01T02:39:04.689587,1,False,False,SYNTHETIC
EV000021702,P0000217,payment.captured,2026-01-01T02:41:55.562957,2026-01-01T02:41:55.713109,2,False,False,SYNTHETIC
EV000021702D,P0000217,payment.captured,2026-01-01T02:41:55.562957,2026-01-01T02:41:55.995774,2,True,False,SYNTHETIC
EV000021800,P0000218,payment.attempted,2026-01-01T08:23:45.386466,2026-01-01T08:23:48.154968,0,False,False,SYNTHETIC
EV000021801,P0000218,payment.authorized,2026-01-01T08:23:49.532508,2026-01-01T08:23:51.752527,1,False,False,SYNTHETIC
EV000021802,P0000218,payment.captured,2026-01-01T08:23:51.845422,2026-01-01T08:23:55.704034,2,False,False,SYNTHETIC
EV000021900,P0000219,payment.attempted,2026-01-01T18:02:25.367497,2026-01-01T18:02:25.982728,0,False,False,SYNTHETIC
EV000021901,P0000219,payment.authorized,2026-01-01T18:02:30.327305,2026-01-01T18:02:30.619556,1,False,False,SYNTHETIC
EV000021902,P0000219,payment.captured,2026-01-01T18:02:34.418698,2026-01-01T18:02:34.595778,2,False,False,SYNTHETIC
EV000022000,P0000220,payment.attempted,2026-01-01T02:12:38.709004,2026-01-01T02:12:39.760015,0,False,False,SYNTHETIC
EV000022001,P0000220,payment.authorized,2026-01-01T02:12:40.200459,2026-01-01T02:13:33.327529,1,False,False,SYNTHETIC
EV000022002,P0000220,payment.captured,2026-01-01T02:12:43.649715,2026-01-01T02:12:44.626220,2,False,False,SYNTHETIC
EV000022002D,P0000220,payment.captured,2026-01-01T02:12:43.649715,2026-01-01T02:12:45.505672,2,True,False,SYNTHETIC
EV000022100,P0000221,payment.attempted,2026-01-01T14:05:18.045582,2026-01-01T14:05:18.389902,0,False,False,SYNTHETIC
EV000022101,P0000221,payment.authorized,2026-01-01T14:05:23.369432,2026-01-01T14:11:53.554888,1,False,True,SYNTHETIC
EV000022102,P0000221,payment.captured,2026-01-01T14:11:52.982669,2026-01-01T14:05:23.723208,2,False,True,SYNTHETIC
EV000022200,P0000222,payment.attempted,2026-01-01T06:32:04.178206,2026-01-01T06:32:04.521615,0,False,False,SYNTHETIC
EV000022201,P0000222,payment.authorized,2026-01-01T06:32:06.733015,2026-01-01T06:32:08.618570,1,False,False,SYNTHETIC
EV000022202,P0000222,payment.captured,2026-01-01T06:32:11.595962,2026-01-01T06:32:14.950658,2,False,False,SYNTHETIC
EV000022300,P0000223,payment.attempted,2026-01-01T23:47:38.722892,2026-01-01T23:47:39.654210,0,False,False,SYNTHETIC
EV000022301,P0000223,payment.authorized,2026-01-01T23:47:44.591820,2026-01-01T23:47:44.850465,1,False,False,SYNTHETIC
EV000022302,P0000223,payment.captured,2026-01-01T23:47:48.465728,2026-01-01T23:47:49.710146,2,False,False,SYNTHETIC
EV000022400,P0000224,payment.attempted,2026-01-01T21:39:44.699577,2026-01-01T21:39:44.807684,0,False,False,SYNTHETIC
EV000022401,P0000224,payment.authorized,2026-01-01T21:39:48.079491,2026-01-01T21:39:48.777097,1,False,False,SYNTHETIC
EV000022402,P0000224,payment.captured,2026-01-01T21:39:51.790318,2026-01-01T21:39:52.116285,2,False,False,SYNTHETIC
EV000022500,P0000225,payment.attempted,2026-01-01T23:06:41.191547,2026-01-01T23:06:42.338533,0,False,False,SYNTHETIC
EV000022501,P0000225,payment.authorized,2026-01-01T23:06:46.457506,2026-01-01T23:06:47.991693,1,False,False,SYNTHETIC
EV000022502,P0000225,payment.captured,2026-01-01T23:06:48.351461,2026-01-01T23:06:49.754587,2,False,False,SYNTHETIC
EV000022600,P0000226,payment.attempted,2026-01-01T14:30:37.830864,2026-01-01T14:30:38.108719,0,False,False,SYNTHETIC
EV000022601,P0000226,payment.authorized,2026-01-01T14:30:38.875193,2026-01-01T14:30:39.553447,1,False,False,SYNTHETIC
EV000022602,P0000226,payment.captured,2026-01-01T14:36:24.343057,2026-01-01T14:36:24.440061,2,False,False,SYNTHETIC
EV000022700,P0000227,payment.attempted,2026-01-01T16:05:44.805412,2026-01-01T16:05:55.839441,0,False,True,SYNTHETIC
EV000022701,P0000227,payment.authorized,2026-01-01T16:05:50.008901,2026-01-01T16:05:52.304931,1,False,False,SYNTHETIC
EV000022702,P0000227,payment.captured,2026-01-01T16:05:54.718052,2026-01-01T16:05:45.372238,2,False,True,SYNTHETIC
EV000022800,P0000228,payment.attempted,2026-01-01T18:26:27.700771,2026-01-01T18:26:29.326550,0,False,False,SYNTHETIC
EV000022801,P0000228,payment.authorized,2026-01-01T18:26:29.132038,2026-01-01T18:26:30.283432,1,False,False,SYNTHETIC
EV000022802,P0000228,payment.captured,2026-01-01T18:26:30.886676,2026-01-01T18:26:31.651014,2,False,False,SYNTHETIC
EV000022900,P0000229,payment.attempted,2026-01-01T23:50:15.227425,2026-01-01T23:50:15.823733,0,False,False,SYNTHETIC
EV000022901,P0000229,payment.authorized,2026-01-01T23:50:19.917485,2026-01-01T23:50:20.263428,1,False,False,SYNTHETIC
EV000022902,P0000229,payment.captured,2026-01-01T23:50:22.120157,2026-01-01T23:50:22.782739,2,False,False,SYNTHETIC
EV000023000,P0000230,payment.attempted,2026-01-01T17:20:33.100697,2026-01-01T17:20:38.488450,0,False,True,SYNTHETIC
EV000023000D,P0000230,payment.attempted,2026-01-01T17:20:33.100697,2026-01-01T17:20:33.898747,0,True,False,SYNTHETIC
EV000023001,P0000230,payment.authorized,2026-01-01T17:20:34.870726,2026-01-01T17:20:35.637409,1,False,False,SYNTHETIC
EV000023002,P0000230,payment.captured,2026-01-01T17:20:38.088249,2026-01-01T17:20:33.461443,2,False,True,SYNTHETIC
EV000023100,P0000231,payment.attempted,2026-01-01T18:52:54.744007,2026-01-01T18:52:55.238302,0,False,False,SYNTHETIC
EV000023101,P0000231,payment.authorized,2026-01-01T18:52:57.643505,2026-01-01T18:52:58.255408,1,False,False,SYNTHETIC
EV000023102,P0000231,payment.captured,2026-01-01T18:59:24.359468,2026-01-01T18:59:24.900389,2,False,False,SYNTHETIC
EV000023200,P0000232,payment.attempted,2026-01-01T22:48:37.222730,2026-01-01T22:48:38.496221,0,False,False,SYNTHETIC
EV000023201,P0000232,payment.authorized,2026-01-01T22:48:39.458042,2026-01-01T22:48:40.377698,1,False,False,SYNTHETIC
EV000023202,P0000232,payment.captured,2026-01-01T22:48:42.263860,2026-01-01T22:48:43.065572,2,False,False,SYNTHETIC
EV000023300,P0000233,payment.attempted,2026-01-01T00:44:42.465711,2026-01-01T00:44:47.300952,0,False,True,SYNTHETIC
EV000023301,P0000233,payment.authorized,2026-01-01T00:44:46.979129,2026-01-01T00:44:43.397350,1,False,True,SYNTHETIC
EV000023302,P0000233,payment.captured,2026-01-01T00:44:48.576582,2026-01-01T00:44:49.244732,2,False,False,SYNTHETIC
EV000023400,P0000234,payment.attempted,2026-01-01T08:08:20.328317,2026-01-01T08:08:22.345233,0,False,False,SYNTHETIC
EV000023401,P0000234,payment.authorized,2026-01-01T08:08:21.379060,2026-01-01T08:08:22.284077,1,False,False,SYNTHETIC
EV000023402,P0000234,payment.captured,2026-01-01T08:08:25.020590,2026-01-01T08:08:26.922148,2,False,False,SYNTHETIC
EV000023500,P0000235,payment.attempted,2026-01-01T04:00:34.039179,2026-01-01T04:00:35.087506,0,False,False,SYNTHETIC
EV000023501,P0000235,payment.authorized,2026-01-01T04:00:39.204703,2026-01-01T04:00:39.880237,1,False,False,SYNTHETIC
EV000023502,P0000235,payment.captured,2026-01-01T04:00:42.270029,2026-01-01T04:00:42.458150,2,False,False,SYNTHETIC
EV000023600,P0000236,payment.attempted,2026-01-01T13:51:29.998819,2026-01-01T13:51:31.048730,0,False,False,SYNTHETIC
EV000023601,P0000236,payment.authorized,2026-01-01T13:51:32.138292,2026-01-01T13:51:33.530919,1,False,False,SYNTHETIC
EV000023602,P0000236,payment.captured,2026-01-01T13:51:34.236879,2026-01-01T13:51:35.829131,2,False,False,SYNTHETIC
EV000023700,P0000237,payment.attempted,2026-01-01T17:00:06.630847,2026-01-01T17:00:07.248861,0,False,False,SYNTHETIC
EV000023701,P0000237,payment.authorized,2026-01-01T17:00:07.772240,2026-01-01T17:00:08.131318,1,False,False,SYNTHETIC
EV000023702,P0000237,payment.captured,2026-01-01T17:00:11.106253,2026-01-01T17:00:11.613137,2,False,False,SYNTHETIC
EV000023800,P0000238,payment.attempted,2026-01-01T11:50:52.670235,2026-01-01T11:50:53.530878,0,False,False,SYNTHETIC
EV000023801,P0000238,payment.authorized,2026-01-01T11:50:54.041994,2026-01-01T11:50:55.173262,1,False,False,SYNTHETIC
EV000023802,P0000238,payment.captured,2026-01-01T11:50:56.933694,2026-01-01T11:50:57.881682,2,False,False,SYNTHETIC
EV000023900,P0000239,payment.attempted,2026-01-01T10:26:28.199116,2026-01-01T10:26:29.385916,0,False,False,SYNTHETIC
EV000023901,P0000239,payment.authorized,2026-01-01T10:26:30.460008,2026-01-01T10:26:31.409030,1,False,False,SYNTHETIC
EV000023902,P0000239,payment.captured,2026-01-01T10:26:31.920481,2026-01-01T10:26:32.584790,2,False,False,SYNTHETIC
EV000024000,P0000240,payment.attempted,2026-01-01T16:49:14.361031,2026-01-01T16:49:15.282470,0,False,False,SYNTHETIC
EV000024001,P0000240,payment.authorized,2026-01-01T16:49:17.878407,2026-01-01T16:49:18.949885,1,False,False,SYNTHETIC
EV000024002,P0000240,payment.captured,2026-01-01T16:49:19.520664,2026-01-01T16:49:22.061242,2,False,False,SYNTHETIC
EV000024100,P0000241,payment.attempted,2026-01-01T05:24:46.915187,2026-01-01T05:24:47.827843,0,False,False,SYNTHETIC
EV000024101,P0000241,payment.authorized,2026-01-01T05:24:50.447511,2026-01-01T05:24:50.703524,1,False,False,SYNTHETIC
EV000024102,P0000241,payment.captured,2026-01-01T05:24:52.144436,2026-01-01T05:24:54.782312,2,False,False,SYNTHETIC
EV000024200,P0000242,payment.attempted,2026-01-01T10:21:12.619550,2026-01-01T10:21:14.234680,0,False,False,SYNTHETIC
EV000024201,P0000242,payment.failed,2026-01-01T10:21:14.496277,2026-01-01T10:21:17.602844,1,False,False,SYNTHETIC
EV000024300,P0000243,payment.attempted,2026-01-01T02:10:44.562954,2026-01-01T02:10:45.145712,0,False,False,SYNTHETIC
EV000024301,P0000243,payment.authorized,2026-01-01T02:10:50.281712,2026-01-01T02:10:52.057489,1,False,False,SYNTHETIC
EV000024302,P0000243,payment.captured,2026-01-01T02:10:54.741004,2026-01-01T02:10:56.702396,2,False,False,SYNTHETIC
EV000024400,P0000244,payment.attempted,2026-01-01T16:11:29.041141,2026-01-01T16:11:29.797682,0,False,False,SYNTHETIC
EV000024401,P0000244,payment.authorized,2026-01-01T16:11:33.578323,2026-01-01T16:11:34.437603,1,False,False,SYNTHETIC
EV000024402,P0000244,payment.captured,2026-01-01T16:11:38.107807,2026-01-01T16:11:38.990888,2,False,False,SYNTHETIC
EV000024500,P0000245,payment.attempted,2026-01-01T03:00:17.397417,2026-01-01T03:00:18.087671,0,False,False,SYNTHETIC
EV000024501,P0000245,payment.authorized,2026-01-01T03:00:19.620512,2026-01-01T03:00:21.983620,1,False,False,SYNTHETIC
EV000024502,P0000245,payment.captured,2026-01-01T03:00:24.064568,2026-01-01T03:00:24.842274,2,False,False,SYNTHETIC
EV000024600,P0000246,payment.attempted,2026-01-01T03:17:24.175551,2026-01-01T03:17:25.491616,0,False,False,SYNTHETIC
EV000024601,P0000246,payment.authorized,2026-01-01T03:17:26.732202,2026-01-01T03:17:27.194098,1,False,False,SYNTHETIC
EV000024602,P0000246,payment.captured,2026-01-01T03:17:30.458109,2026-01-01T03:17:31.900495,2,False,False,SYNTHETIC
EV000024700,P0000247,payment.attempted,2026-01-01T01:11:31.098823,2026-01-01T01:11:31.621017,0,False,False,SYNTHETIC
EV000024701,P0000247,payment.authorized,2026-01-01T01:11:36.037503,2026-01-01T01:11:36.918157,1,False,False,SYNTHETIC
EV000024702,P0000247,payment.captured,2026-01-01T01:11:39.225796,2026-01-01T01:11:39.524913,2,False,False,SYNTHETIC
EV000024800,P0000248,payment.attempted,2026-01-01T08:55:56.439891,2026-01-01T08:55:57.026928,0,False,False,SYNTHETIC
EV000024801,P0000248,payment.failed,2026-01-01T08:55:59.004893,2026-01-01T08:55:59.593154,1,False,False,SYNTHETIC
EV000024900,P0000249,payment.attempted,2026-01-01T00:27:51.517912,2026-01-01T00:27:53.958785,0,False,False,SYNTHETIC
EV000024901,P0000249,payment.authorized,2026-01-01T00:27:56.916491,2026-01-01T00:28:21.158831,1,False,False,SYNTHETIC
EV000024902,P0000249,payment.captured,2026-01-01T00:28:00.408725,2026-01-01T00:28:01.860757,2,False,False,SYNTHETIC
EV000025000,P0000250,payment.attempted,2026-01-01T18:38:16.898328,2026-01-01T18:38:17.233204,0,False,False,SYNTHETIC
EV000025000D,P0000250,payment.attempted,2026-01-01T18:38:16.898328,2026-01-01T18:38:18.031496,0,True,False,SYNTHETIC
EV000025001,P0000250,payment.authorized,2026-01-01T18:38:19.564931,2026-01-01T18:38:20.744435,1,False,False,SYNTHETIC
EV000025002,P0000250,payment.captured,2026-01-01T18:38:24.429411,2026-01-01T18:38:24.939647,2,False,False,SYNTHETIC
EV000025100,P0000251,payment.attempted,2026-01-01T16:43:47.867568,2026-01-01T16:43:48.982076,0,False,False,SYNTHETIC
EV000025101,P0000251,payment.authorized,2026-01-01T16:43:52.462026,2026-01-01T16:43:53.906942,1,False,False,SYNTHETIC
EV000025102,P0000251,payment.captured,2026-01-01T16:43:55.279650,2026-01-01T16:43:56.560330,2,False,False,SYNTHETIC
EV000025200,P0000252,payment.attempted,2026-01-01T20:35:34.988822,2026-01-01T20:35:35.500676,0,False,False,SYNTHETIC
EV000025201,P0000252,payment.authorized,2026-01-01T20:35:37.902453,2026-01-01T20:35:38.762058,1,False,False,SYNTHETIC
EV000025202,P0000252,payment.captured,2026-01-01T20:35:41.131247,2026-01-01T20:35:42.123784,2,False,False,SYNTHETIC
EV000025300,P0000253,payment.attempted,2026-01-01T07:45:30.955029,2026-01-01T07:45:35.265979,0,False,False,SYNTHETIC
EV000025301,P0000253,payment.authorized,2026-01-01T07:45:32.410214,2026-01-01T07:45:33.338790,1,False,False,SYNTHETIC
EV000025302,P0000253,payment.captured,2026-01-01T07:45:33.944452,2026-01-01T07:45:35.337783,2,False,False,SYNTHETIC
EV000025400,P0000254,payment.attempted,2026-01-01T06:53:51.697473,2026-01-01T06:53:55.161189,0,False,True,SYNTHETIC
EV000025401,P0000254,payment.authorized,2026-01-01T06:53:54.373296,2026-01-01T06:53:53.208718,1,False,True,SYNTHETIC
EV000025402,P0000254,payment.captured,2026-01-01T06:53:58.867262,2026-01-01T06:53:59.588841,2,False,False,SYNTHETIC
EV000025500,P0000255,payment.attempted,2026-01-01T09:48:38.104737,2026-01-01T09:48:39.615332,0,False,False,SYNTHETIC
EV000025501,P0000255,payment.failed,2026-01-01T09:48:43.765910,2026-01-01T09:48:44.336492,1,False,False,SYNTHETIC
EV000025501D,P0000255,payment.failed,2026-01-01T09:48:43.765910,2026-01-01T09:48:45.745919,1,True,False,SYNTHETIC
EV000025600,P0000256,payment.attempted,2026-01-01T00:28:48.711903,2026-01-01T00:28:49.374409,0,False,False,SYNTHETIC
EV000025601,P0000256,payment.authorized,2026-01-01T00:28:50.008436,2026-01-01T00:28:50.479046,1,False,False,SYNTHETIC
EV000025602,P0000256,payment.captured,2026-01-01T00:28:54.970500,2026-01-01T00:28:55.450035,2,False,False,SYNTHETIC
EV000025700,P0000257,payment.attempted,2026-01-01T00:46:52.999239,2026-01-01T00:46:53.567815,0,False,False,SYNTHETIC
EV000025701,P0000257,payment.authorized,2026-01-01T00:46:54.988518,2026-01-01T00:46:56.689706,1,False,False,SYNTHETIC
EV000025702,P0000257,payment.captured,2026-01-01T00:46:59.910201,2026-01-01T00:47:01.347883,2,False,False,SYNTHETIC
EV000025800,P0000258,payment.attempted,2026-01-01T21:57:23.805056,2026-01-01T21:58:20.224503,0,False,False,SYNTHETIC
EV000025801,P0000258,payment.authorized,2026-01-01T21:57:27.641196,2026-01-01T21:57:31.033051,1,False,True,SYNTHETIC
EV000025802,P0000258,payment.captured,2026-01-01T21:57:29.997134,2026-01-01T21:57:28.657541,2,False,True,SYNTHETIC
EV000025900,P0000259,payment.attempted,2026-01-01T13:15:28.820727,2026-01-01T13:15:29.650240,0,False,False,SYNTHETIC
EV000025901,P0000259,payment.authorized,2026-01-01T13:15:30.984904,2026-01-01T13:15:31.559094,1,False,False,SYNTHETIC
EV000025902,P0000259,payment.captured,2026-01-01T13:15:34.782415,2026-01-01T13:15:35.043312,2,False,False,SYNTHETIC
EV000026000,P0000260,payment.attempted,2026-01-01T15:55:35.020123,2026-01-01T15:55:35.431043,0,False,False,SYNTHETIC
EV000026001,P0000260,payment.authorized,2026-01-01T15:55:40.335259,2026-01-01T15:55:40.730389,1,False,False,SYNTHETIC
EV000026002,P0000260,payment.captured,2026-01-01T15:55:44.895856,2026-01-01T15:55:45.499146,2,False,False,SYNTHETIC
EV000026100,P0000261,payment.attempted,2026-01-01T20:19:25.051108,2026-01-01T20:19:26.376837,0,False,False,SYNTHETIC
EV000026101,P0000261,payment.authorized,2026-01-01T20:19:28.618522,2026-01-01T20:19:29.664583,1,False,False,SYNTHETIC
EV000026102,P0000261,payment.captured,2026-01-01T20:19:29.874260,2026-01-01T20:19:30.371304,2,False,False,SYNTHETIC
EV000026200,P0000262,payment.attempted,2026-01-01T06:36:07.391930,2026-01-01T06:36:07.761567,0,False,False,SYNTHETIC
EV000026201,P0000262,payment.failed,2026-01-01T06:36:12.573185,2026-01-01T06:36:13.201048,1,False,False,SYNTHETIC
EV000026300,P0000263,payment.attempted,2026-01-01T02:13:00.154755,2026-01-01T02:13:01.785108,0,False,False,SYNTHETIC
EV000026301,P0000263,payment.authorized,2026-01-01T02:13:03.924829,2026-01-01T02:13:04.301115,1,False,False,SYNTHETIC
EV000026301D,P0000263,payment.authorized,2026-01-01T02:13:03.924829,2026-01-01T02:13:04.726273,1,True,False,SYNTHETIC
EV000026302,P0000263,payment.captured,2026-01-01T02:13:07.422609,2026-01-01T02:13:07.791587,2,False,False,SYNTHETIC
EV000026400,P0000264,payment.attempted,2026-01-01T11:57:55.824200,2026-01-01T11:57:57.224619,0,False,False,SYNTHETIC
EV000026401,P0000264,payment.failed,2026-01-01T11:57:57.815271,2026-01-01T11:57:59.387370,1,False,False,SYNTHETIC
EV000026500,P0000265,payment.attempted,2026-01-01T21:47:16.033244,2026-01-01T21:47:17.373027,0,False,False,SYNTHETIC
EV000026501,P0000265,payment.authorized,2026-01-01T21:47:17.361489,2026-01-01T21:47:19.382457,1,False,False,SYNTHETIC
EV000026502,P0000265,payment.captured,2026-01-01T21:47:18.433383,2026-01-01T21:47:18.938439,2,False,False,SYNTHETIC
EV000026600,P0000266,payment.attempted,2026-01-01T11:35:17.743232,2026-01-01T11:35:18.118303,0,False,False,SYNTHETIC
EV000026601,P0000266,payment.authorized,2026-01-01T11:35:23.452191,2026-01-01T11:35:24.423770,1,False,False,SYNTHETIC
EV000026602,P0000266,payment.captured,2026-01-01T11:35:27.287441,2026-01-01T11:35:28.362300,2,False,False,SYNTHETIC
EV000026700,P0000267,payment.attempted,2026-01-01T21:17:08.914979,2026-01-01T21:17:10.555244,0,False,False,SYNTHETIC
EV000026701,P0000267,payment.authorized,2026-01-01T21:17:13.510637,2026-01-01T21:17:14.942198,1,False,False,SYNTHETIC
EV000026702,P0000267,payment.captured,2026-01-01T21:17:17.577108,2026-01-01T21:17:19.538853,2,False,False,SYNTHETIC
EV000026800,P0000268,payment.attempted,2026-01-01T11:07:37.806335,2026-01-01T11:07:39.299341,0,False,False,SYNTHETIC
EV000026801,P0000268,payment.authorized,2026-01-01T11:07:43.746483,2026-01-01T11:07:45.632356,1,False,False,SYNTHETIC
EV000026802,P0000268,payment.captured,2026-01-01T11:07:45.157485,2026-01-01T11:07:45.896484,2,False,False,SYNTHETIC
EV000026900,P0000269,payment.attempted,2026-01-01T16:42:49.572678,2026-01-01T16:42:51.081798,0,False,False,SYNTHETIC
EV000026901,P0000269,payment.authorized,2026-01-01T16:42:54.674060,2026-01-01T16:42:55.700337,1,False,False,SYNTHETIC
EV000026902,P0000269,payment.captured,2026-01-01T16:42:59.547287,2026-01-01T16:43:00.560869,2,False,False,SYNTHETIC
EV000027000,P0000270,payment.attempted,2026-01-01T06:39:41.388710,2026-01-01T06:39:41.844331,0,False,False,SYNTHETIC
EV000027001,P0000270,payment.authorized,2026-01-01T06:39:43.121272,2026-01-01T06:39:47.132999,1,False,True,SYNTHETIC
EV000027002,P0000270,payment.captured,2026-01-01T06:39:46.941666,2026-01-01T06:39:44.746183,2,False,True,SYNTHETIC
EV000027100,P0000271,payment.attempted,2026-01-01T21:18:35.666587,2026-01-01T21:18:36.105011,0,False,False,SYNTHETIC
EV000027101,P0000271,payment.authorized,2026-01-01T21:18:40.405161,2026-01-01T21:18:41.923233,1,False,False,SYNTHETIC
EV000027102,P0000271,payment.captured,2026-01-01T21:18:42.716987,2026-01-01T21:18:42.916480,2,False,False,SYNTHETIC
EV000027200,P0000272,payment.attempted,2026-01-01T13:28:55.128412,2026-01-01T13:29:01.021500,0,False,False,SYNTHETIC
EV000027201,P0000272,payment.authorized,2026-01-01T13:28:58.335152,2026-01-01T13:28:59.427680,1,False,False,SYNTHETIC
EV000027202,P0000272,payment.captured,2026-01-01T13:28:59.984028,2026-01-01T13:29:02.880558,2,False,False,SYNTHETIC
EV000027300,P0000273,payment.attempted,2026-01-01T11:37:18.027662,2026-01-01T11:37:20.373879,0,False,False,SYNTHETIC
EV000027301,P0000273,payment.authorized,2026-01-01T11:37:21.318652,2026-01-01T11:37:22.145776,1,False,False,SYNTHETIC
EV000027302,P0000273,payment.failed,2026-01-01T11:37:26.270824,2026-01-01T11:37:26.622882,2,False,False,SYNTHETIC
EV000027303,P0000273,payment.captured,2026-01-01T11:40:49.412693,2026-01-01T11:40:50.802231,3,False,False,SYNTHETIC
EV000027400,P0000274,payment.attempted,2026-01-01T23:46:53.959855,2026-01-01T23:46:54.316558,0,False,False,SYNTHETIC
EV000027401,P0000274,payment.authorized,2026-01-01T23:46:56.852348,2026-01-01T23:47:26.916492,1,False,False,SYNTHETIC
EV000027402,P0000274,payment.captured,2026-01-01T23:47:01.746444,2026-01-01T23:47:02.451488,2,False,False,SYNTHETIC
EV000027500,P0000275,payment.attempted,2026-01-01T16:11:38.556021,2026-01-01T16:11:39.057525,0,False,False,SYNTHETIC
EV000027501,P0000275,payment.authorized,2026-01-01T16:11:40.743739,2026-01-01T16:11:45.226844,1,False,True,SYNTHETIC
EV000027502,P0000275,payment.captured,2026-01-01T16:11:44.591419,2026-01-01T16:11:41.784944,2,False,True,SYNTHETIC
EV000027600,P0000276,payment.attempted,2026-01-01T08:27:29.021718,2026-01-01T08:27:29.491436,0,False,False,SYNTHETIC
EV000027601,P0000276,payment.failed,2026-01-01T08:27:35.443515,2026-01-01T08:27:37.352447,1,False,False,SYNTHETIC
EV000027700,P0000277,payment.attempted,2026-01-01T03:33:58.471374,2026-01-01T03:33:59.185273,0,False,False,SYNTHETIC
EV000027701,P0000277,payment.authorized,2026-01-01T03:34:04.087749,2026-01-01T03:34:05.948141,1,False,False,SYNTHETIC
EV000027702,P0000277,payment.captured,2026-01-01T03:34:08.436717,2026-01-01T03:34:08.948266,2,False,False,SYNTHETIC
EV000027800,P0000278,payment.attempted,2026-01-01T16:24:54.655080,2026-01-01T16:24:55.215410,0,False,False,SYNTHETIC
EV000027801,P0000278,payment.authorized,2026-01-01T16:24:56.345515,2026-01-01T16:24:56.778864,1,False,False,SYNTHETIC
EV000027802,P0000278,payment.captured,2026-01-01T16:24:58.322719,2026-01-01T16:24:58.678554,2,False,False,SYNTHETIC
EV000027900,P0000279,payment.attempted,2026-01-01T05:26:12.675988,2026-01-01T05:26:13.217196,0,False,False,SYNTHETIC
EV000027901,P0000279,payment.authorized,2026-01-01T05:26:17.004576,2026-01-01T05:26:17.542135,1,False,False,SYNTHETIC
EV000027902,P0000279,payment.captured,2026-01-01T05:26:18.307410,2026-01-01T05:26:18.616157,2,False,False,SYNTHETIC
EV000027902D,P0000279,payment.captured,2026-01-01T05:26:18.307410,2026-01-01T05:26:18.921582,2,True,False,SYNTHETIC
EV000028000,P0000280,payment.attempted,2026-01-01T02:03:15.778055,2026-01-01T02:03:40.251861,0,False,False,SYNTHETIC
EV000028000D,P0000280,payment.attempted,2026-01-01T02:03:15.778055,2026-01-01T02:03:40.804050,0,True,False,SYNTHETIC
EV000028001,P0000280,payment.authorized,2026-01-01T02:03:20.225739,2026-01-01T02:03:21.382873,1,False,False,SYNTHETIC
EV000028002,P0000280,payment.captured,2026-01-01T02:03:24.617746,2026-01-01T02:03:26.964130,2,False,False,SYNTHETIC
EV000028100,P0000281,payment.attempted,2026-01-01T20:34:59.869049,2026-01-01T20:35:00.687996,0,False,False,SYNTHETIC
EV000028101,P0000281,payment.failed,2026-01-01T20:35:02.768031,2026-01-01T20:35:03.309937,1,False,False,SYNTHETIC
EV000028200,P0000282,payment.attempted,2026-01-01T12:26:35.298187,2026-01-01T12:26:39.623493,0,False,False,SYNTHETIC
EV000028201,P0000282,payment.authorized,2026-01-01T12:26:39.243061,2026-01-01T12:26:41.074518,1,False,False,SYNTHETIC
EV000028202,P0000282,payment.captured,2026-01-01T12:26:42.079340,2026-01-01T12:26:43.246360,2,False,False,SYNTHETIC
EV000028300,P0000283,payment.attempted,2026-01-01T22:06:58.325469,2026-01-01T22:06:58.747378,0,False,False,SYNTHETIC
EV000028301,P0000283,payment.authorized,2026-01-01T22:07:00.048537,2026-01-01T22:07:00.724282,1,False,False,SYNTHETIC
EV000028302,P0000283,payment.captured,2026-01-01T22:07:01.870515,2026-01-01T22:07:03.095057,2,False,False,SYNTHETIC
EV000028302D,P0000283,payment.captured,2026-01-01T22:07:01.870515,2026-01-01T22:07:03.620877,2,True,False,SYNTHETIC
EV000028400,P0000284,payment.attempted,2026-01-01T07:17:56.737162,2026-01-01T07:17:57.031608,0,False,False,SYNTHETIC
EV000028401,P0000284,payment.authorized,2026-01-01T07:17:57.742957,2026-01-01T07:17:58.394323,1,False,False,SYNTHETIC
EV000028402,P0000284,payment.captured,2026-01-01T07:17:59.815851,2026-01-01T07:18:00.868367,2,False,False,SYNTHETIC
EV000028500,P0000285,payment.attempted,2026-01-01T01:17:58.295307,2026-01-01T01:17:59.231431,0,False,False,SYNTHETIC
EV000028501,P0000285,payment.authorized,2026-01-01T01:18:01.643156,2026-01-01T01:18:21.163108,1,False,False,SYNTHETIC
EV000028501D,P0000285,payment.authorized,2026-01-01T01:18:01.643156,2026-01-01T01:18:22.119260,1,True,False,SYNTHETIC
EV000028502,P0000285,payment.captured,2026-01-01T01:18:04.276235,2026-01-01T01:18:04.684146,2,False,False,SYNTHETIC
EV000028600,P0000286,payment.attempted,2026-01-01T16:11:28.889416,2026-01-01T16:11:29.099170,0,False,False,SYNTHETIC
EV000028601,P0000286,payment.authorized,2026-01-01T16:11:34.641298,2026-01-01T16:11:35.207861,1,False,False,SYNTHETIC
EV000028602,P0000286,payment.captured,2026-01-01T16:11:38.809209,2026-01-01T16:11:39.111648,2,False,False,SYNTHETIC
EV000028700,P0000287,payment.attempted,2026-01-01T16:55:56.672485,2026-01-01T16:56:51.296114,0,False,False,SYNTHETIC
EV000028700D,P0000287,payment.attempted,2026-01-01T16:55:56.672485,2026-01-01T16:56:51.653525,0,True,False,SYNTHETIC
EV000028701,P0000287,payment.authorized,2026-01-01T16:56:01.322244,2026-01-01T16:56:01.848964,1,False,False,SYNTHETIC
EV000028702,P0000287,payment.captured,2026-01-01T16:56:03.170619,2026-01-01T16:56:03.922773,2,False,False,SYNTHETIC
EV000028800,P0000288,payment.attempted,2026-01-01T03:17:59.857668,2026-01-01T03:18:00.568466,0,False,False,SYNTHETIC
EV000028801,P0000288,payment.authorized,2026-01-01T03:18:04.733479,2026-01-01T03:18:05.769535,1,False,False,SYNTHETIC
EV000028802,P0000288,payment.captured,2026-01-01T03:18:07.944554,2026-01-01T03:18:08.715747,2,False,False,SYNTHETIC
EV000028900,P0000289,payment.attempted,2026-01-01T10:11:22.361638,2026-01-01T10:11:23.677450,0,False,False,SYNTHETIC
EV000028901,P0000289,payment.authorized,2026-01-01T10:11:23.862710,2026-01-01T10:11:26.383301,1,False,False,SYNTHETIC
EV000028902,P0000289,payment.captured,2026-01-01T10:14:37.204174,2026-01-01T10:14:38.454810,2,False,False,SYNTHETIC
EV000029000,P0000290,payment.attempted,2026-01-01T15:51:22.766662,2026-01-01T15:51:23.540263,0,False,False,SYNTHETIC
EV000029001,P0000290,payment.authorized,2026-01-01T15:51:24.072332,2026-01-01T15:51:25.659901,1,False,False,SYNTHETIC
EV000029002,P0000290,payment.captured,2026-01-01T15:51:26.464756,2026-01-01T15:51:28.910468,2,False,False,SYNTHETIC
EV000029100,P0000291,payment.attempted,2026-01-01T15:40:48.120607,2026-01-01T15:40:48.460138,0,False,False,SYNTHETIC
EV000029101,P0000291,payment.authorized,2026-01-01T15:40:50.291332,2026-01-01T15:40:53.296081,1,False,True,SYNTHETIC
EV000029102,P0000291,payment.captured,2026-01-01T15:40:51.626577,2026-01-01T15:40:54.537592,2,False,True,SYNTHETIC
EV000029200,P0000292,payment.attempted,2026-01-01T14:08:05.375988,2026-01-01T14:08:05.820618,0,False,False,SYNTHETIC
EV000029201,P0000292,payment.authorized,2026-01-01T14:08:06.471478,2026-01-01T14:08:06.875281,1,False,False,SYNTHETIC
EV000029202,P0000292,payment.captured,2026-01-01T14:08:11.388816,2026-01-01T14:08:59.743306,2,False,False,SYNTHETIC
EV000029300,P0000293,payment.attempted,2026-01-01T17:34:38.400743,2026-01-01T17:34:40.233234,0,False,False,SYNTHETIC
EV000029300D,P0000293,payment.attempted,2026-01-01T17:34:38.400743,2026-01-01T17:34:40.912940,0,True,False,SYNTHETIC
EV000029301,P0000293,payment.authorized,2026-01-01T17:34:40.477345,2026-01-01T17:34:41.783640,1,False,False,SYNTHETIC
EV000029302,P0000293,payment.captured,2026-01-01T17:34:42.369994,2026-01-01T17:34:43.746223,2,False,False,SYNTHETIC
EV000029400,P0000294,payment.attempted,2026-01-01T21:54:00.942442,2026-01-01T21:54:44.235616,0,False,False,SYNTHETIC
EV000029401,P0000294,payment.authorized,2026-01-01T21:54:02.403852,2026-01-01T21:54:03.054331,1,False,False,SYNTHETIC
EV000029402,P0000294,payment.captured,2026-01-01T21:58:04.110047,2026-01-01T21:58:04.230646,2,False,False,SYNTHETIC
EV000029500,P0000295,payment.attempted,2026-01-01T15:49:32.941871,2026-01-01T15:49:33.317691,0,False,False,SYNTHETIC
EV000029501,P0000295,payment.authorized,2026-01-01T15:49:36.387633,2026-01-01T15:49:36.851155,1,False,False,SYNTHETIC
EV000029502,P0000295,payment.captured,2026-01-01T15:49:39.005463,2026-01-01T15:49:39.403406,2,False,False,SYNTHETIC
EV000029600,P0000296,payment.attempted,2026-01-01T00:29:23.813933,2026-01-01T00:29:24.244899,0,False,False,SYNTHETIC
EV000029601,P0000296,payment.authorized,2026-01-01T00:29:27.398611,2026-01-01T00:29:27.665911,1,False,False,SYNTHETIC
EV000029602,P0000296,payment.captured,2026-01-01T00:29:29.009309,2026-01-01T00:29:29.598654,2,False,False,SYNTHETIC
EV000029700,P0000297,payment.attempted,2026-01-01T04:22:01.091573,2026-01-01T04:22:01.772989,0,False,False,SYNTHETIC
EV000029701,P0000297,payment.authorized,2026-01-01T04:22:04.148522,2026-01-01T04:22:04.811602,1,False,False,SYNTHETIC
EV000029702,P0000297,payment.captured,2026-01-01T04:22:06.356270,2026-01-01T04:22:06.968528,2,False,False,SYNTHETIC
EV000029800,P0000298,payment.attempted,2026-01-01T18:35:08.888317,2026-01-01T18:35:10.173095,0,False,False,SYNTHETIC
EV000029801,P0000298,payment.authorized,2026-01-01T18:35:13.684972,2026-01-01T18:35:17.727759,1,False,False,SYNTHETIC
EV000029802,P0000298,payment.captured,2026-01-01T18:35:15.168564,2026-01-01T18:35:15.909514,2,False,False,SYNTHETIC
EV000029900,P0000299,payment.attempted,2026-01-01T20:01:25.240465,2026-01-01T20:01:25.768871,0,False,False,SYNTHETIC
EV000029901,P0000299,payment.authorized,2026-01-01T20:01:26.337790,2026-01-01T20:01:26.990921,1,False,False,SYNTHETIC
EV000029902,P0000299,payment.captured,2026-01-01T20:01:27.927208,2026-01-01T20:01:28.490044,2,False,False,SYNTHETIC
EV000030000,P0000300,payment.attempted,2026-01-01T20:41:02.018693,2026-01-01T20:41:02.999020,0,False,False,SYNTHETIC
EV000030001,P0000300,payment.failed,2026-01-01T20:41:08.381062,2026-01-01T20:41:09.081926,1,False,False,SYNTHETIC
EV000030001D,P0000300,payment.failed,2026-01-01T20:41:08.381062,2026-01-01T20:41:09.498698,1,True,False,SYNTHETIC
EV000030100,P0000301,payment.attempted,2026-01-01T06:29:25.181104,2026-01-01T06:29:33.004915,0,False,True,SYNTHETIC
EV000030100D,P0000301,payment.attempted,2026-01-01T06:29:25.181104,2026-01-01T06:29:26.460347,0,True,False,SYNTHETIC
EV000030101,P0000301,payment.authorized,2026-01-01T06:29:28.146190,2026-01-01T06:29:29.431103,1,False,False,SYNTHETIC
EV000030102,P0000301,payment.captured,2026-01-01T06:29:32.435186,2026-01-01T06:29:25.956509,2,False,True,SYNTHETIC
EV000030200,P0000302,payment.attempted,2026-01-01T23:00:41.177181,2026-01-01T23:00:41.920842,0,False,False,SYNTHETIC
EV000030201,P0000302,payment.authorized,2026-01-01T23:00:45.380781,2026-01-01T23:00:46.389370,1,False,False,SYNTHETIC
EV000030202,P0000302,payment.captured,2026-01-01T23:00:49.087476,2026-01-01T23:00:50.271700,2,False,False,SYNTHETIC
EV000030300,P0000303,payment.attempted,2026-01-01T23:32:19.133150,2026-01-01T23:32:20.115616,0,False,False,SYNTHETIC
EV000030301,P0000303,payment.authorized,2026-01-01T23:32:21.360124,2026-01-01T23:32:21.939082,1,False,False,SYNTHETIC
EV000030302,P0000303,payment.captured,2026-01-01T23:32:24.643447,2026-01-01T23:32:26.100006,2,False,False,SYNTHETIC
EV000030302D,P0000303,payment.captured,2026-01-01T23:32:24.643447,2026-01-01T23:32:26.686836,2,True,False,SYNTHETIC
EV000030400,P0000304,payment.attempted,2026-01-01T04:32:02.160098,2026-01-01T04:32:04.837141,0,False,True,SYNTHETIC
EV000030401,P0000304,payment.authorized,2026-01-01T04:32:03.945555,2026-01-01T04:32:03.019639,1,False,True,SYNTHETIC
EV000030402,P0000304,payment.captured,2026-01-01T04:32:08.076797,2026-01-01T04:32:08.847710,2,False,False,SYNTHETIC
EV000030500,P0000305,payment.attempted,2026-01-01T22:09:54.399478,2026-01-01T22:09:54.784622,0,False,False,SYNTHETIC
EV000030501,P0000305,payment.authorized,2026-01-01T22:09:59.276047,2026-01-01T22:09:59.822352,1,False,False,SYNTHETIC
EV000030501D,P0000305,payment.authorized,2026-01-01T22:09:59.276047,2026-01-01T22:10:00.216971,1,True,False,SYNTHETIC
EV000030502,P0000305,payment.captured,2026-01-01T22:10:01.574761,2026-01-01T22:10:01.891369,2,False,False,SYNTHETIC
EV000030600,P0000306,payment.attempted,2026-01-01T04:21:02.809810,2026-01-01T04:21:03.637872,0,False,False,SYNTHETIC
EV000030601,P0000306,payment.authorized,2026-01-01T04:21:04.011529,2026-01-01T04:21:06.810177,1,False,True,SYNTHETIC
EV000030602,P0000306,payment.captured,2026-01-01T04:21:05.579670,2026-01-01T04:21:04.613008,2,False,True,SYNTHETIC
EV000030700,P0000307,payment.attempted,2026-01-01T01:31:08.086417,2026-01-01T01:31:09.146295,0,False,False,SYNTHETIC
EV000030701,P0000307,payment.authorized,2026-01-01T01:31:12.577943,2026-01-01T01:31:12.857194,1,False,False,SYNTHETIC
EV000030702,P0000307,payment.captured,2026-01-01T01:31:14.682767,2026-01-01T01:31:15.161044,2,False,False,SYNTHETIC
EV000030800,P0000308,payment.attempted,2026-01-01T06:59:53.460519,2026-01-01T06:59:54.915056,0,False,False,SYNTHETIC
EV000030801,P0000308,payment.authorized,2026-01-01T06:59:58.884625,2026-01-01T07:00:03.178478,1,False,False,SYNTHETIC
EV000030802,P0000308,payment.captured,2026-01-01T07:00:01.936926,2026-01-01T07:00:02.513796,2,False,False,SYNTHETIC
EV000030900,P0000309,payment.attempted,2026-01-01T06:03:15.592697,2026-01-01T06:03:16.926678,0,False,False,SYNTHETIC
EV000030901,P0000309,payment.authorized,2026-01-01T06:03:21.558634,2026-01-01T06:03:23.831659,1,False,False,SYNTHETIC
EV000030902,P0000309,payment.captured,2026-01-01T06:03:24.217900,2026-01-01T06:03:25.815502,2,False,False,SYNTHETIC
EV000031000,P0000310,payment.attempted,2026-01-01T19:24:08.604140,2026-01-01T19:24:09.902992,0,False,False,SYNTHETIC
EV000031001,P0000310,payment.authorized,2026-01-01T19:24:13.891229,2026-01-01T19:24:14.957252,1,False,False,SYNTHETIC
EV000031001D,P0000310,payment.authorized,2026-01-01T19:24:13.891229,2026-01-01T19:24:15.614463,1,True,False,SYNTHETIC
EV000031002,P0000310,payment.captured,2026-01-01T19:24:17.832216,2026-01-01T19:24:19.071936,2,False,False,SYNTHETIC
EV000031100,P0000311,payment.attempted,2026-01-01T17:13:46.901488,2026-01-01T17:13:47.797582,0,False,False,SYNTHETIC
EV000031101,P0000311,payment.authorized,2026-01-01T17:13:50.566381,2026-01-01T17:13:51.732633,1,False,False,SYNTHETIC
EV000031102,P0000311,payment.captured,2026-01-01T17:13:53.411244,2026-01-01T17:13:54.645261,2,False,False,SYNTHETIC
EV000031200,P0000312,payment.attempted,2026-01-01T06:15:59.405857,2026-01-01T06:15:59.763612,0,False,False,SYNTHETIC
EV000031201,P0000312,payment.authorized,2026-01-01T06:16:03.200253,2026-01-01T06:16:03.301489,1,False,False,SYNTHETIC
EV000031202,P0000312,payment.captured,2026-01-01T06:16:08.051167,2026-01-01T06:16:08.562035,2,False,False,SYNTHETIC
EV000031300,P0000313,payment.attempted,2026-01-01T10:46:19.237407,2026-01-01T10:46:20.263945,0,False,False,SYNTHETIC
EV000031300D,P0000313,payment.attempted,2026-01-01T10:46:19.237407,2026-01-01T10:46:21.180076,0,True,False,SYNTHETIC
EV000031301,P0000313,payment.authorized,2026-01-01T10:46:20.308009,2026-01-01T10:46:21.880021,1,False,False,SYNTHETIC
EV000031302,P0000313,payment.captured,2026-01-01T10:46:22.978066,2026-01-01T10:46:24.078212,2,False,False,SYNTHETIC
EV000031400,P0000314,payment.attempted,2026-01-01T06:29:43.086920,2026-01-01T06:29:43.457540,0,False,False,SYNTHETIC
EV000031401,P0000314,payment.authorized,2026-01-01T06:29:48.532109,2026-01-01T06:29:51.412710,1,False,False,SYNTHETIC
EV000031402,P0000314,payment.captured,2026-01-01T06:29:51.758777,2026-01-01T06:29:54.761077,2,False,False,SYNTHETIC
EV000031402D,P0000314,payment.captured,2026-01-01T06:29:51.758777,2026-01-01T06:29:55.114732,2,True,False,SYNTHETIC
EV000031500,P0000315,payment.attempted,2026-01-01T19:45:30.834928,2026-01-01T19:45:31.196906,0,False,False,SYNTHETIC
EV000031501,P0000315,payment.failed,2026-01-01T19:45:35.688786,2026-01-01T19:45:35.910571,1,False,False,SYNTHETIC
EV000031600,P0000316,payment.attempted,2026-01-01T23:50:30.565210,2026-01-01T23:50:31.436557,0,False,False,SYNTHETIC
EV000031601,P0000316,payment.failed,2026-01-01T23:50:31.974346,2026-01-01T23:50:32.692576,1,False,False,SYNTHETIC
EV000031700,P0000317,payment.attempted,2026-01-01T00:39:41.845183,2026-01-01T00:39:42.780871,0,False,False,SYNTHETIC
EV000031701,P0000317,payment.authorized,2026-01-01T00:39:46.749717,2026-01-01T00:39:47.369179,1,False,False,SYNTHETIC
EV000031702,P0000317,payment.captured,2026-01-01T00:39:48.450770,2026-01-01T00:39:49.285103,2,False,False,SYNTHETIC
EV000031800,P0000318,payment.attempted,2026-01-01T08:11:40.779745,2026-01-01T08:11:42.346697,0,False,False,SYNTHETIC
EV000031801,P0000318,payment.authorized,2026-01-01T08:11:43.958462,2026-01-01T08:11:44.316460,1,False,False,SYNTHETIC
EV000031802,P0000318,payment.captured,2026-01-01T08:11:45.686408,2026-01-01T08:11:49.563879,2,False,False,SYNTHETIC
EV000031900,P0000319,payment.attempted,2026-01-01T14:16:03.571826,2026-01-01T14:16:04.564806,0,False,False,SYNTHETIC
EV000031901,P0000319,payment.authorized,2026-01-01T14:16:07.684624,2026-01-01T14:16:08.184058,1,False,False,SYNTHETIC
EV000031902,P0000319,payment.captured,2026-01-01T14:16:09.230124,2026-01-01T14:17:00.694119,2,False,False,SYNTHETIC
EV000032000,P0000320,payment.attempted,2026-01-01T15:55:07.588762,2026-01-01T15:55:08.158922,0,False,False,SYNTHETIC
EV000032001,P0000320,payment.authorized,2026-01-01T15:55:10.842111,2026-01-01T15:55:11.415679,1,False,False,SYNTHETIC
EV000032002,P0000320,payment.captured,2026-01-01T15:59:46.249141,2026-01-01T15:59:47.014056,2,False,False,SYNTHETIC
EV000032100,P0000321,payment.attempted,2026-01-01T17:36:22.926582,2026-01-01T17:36:24.016812,0,False,False,SYNTHETIC
EV000032101,P0000321,payment.authorized,2026-01-01T17:36:25.751999,2026-01-01T17:36:26.546562,1,False,False,SYNTHETIC
EV000032102,P0000321,payment.captured,2026-01-01T17:36:28.685610,2026-01-01T17:36:30.122427,2,False,False,SYNTHETIC
EV000032200,P0000322,payment.attempted,2026-01-01T13:07:48.416621,2026-01-01T13:07:49.351002,0,False,False,SYNTHETIC
EV000032201,P0000322,payment.authorized,2026-01-01T13:07:51.820811,2026-01-01T13:07:52.411882,1,False,False,SYNTHETIC
EV000032202,P0000322,payment.captured,2026-01-01T13:07:54.966954,2026-01-01T13:07:57.079857,2,False,False,SYNTHETIC
EV000032300,P0000323,payment.attempted,2026-01-01T17:46:13.603540,2026-01-01T17:46:15.313297,0,False,False,SYNTHETIC
EV000032301,P0000323,payment.authorized,2026-01-01T17:46:15.076863,2026-01-01T17:46:16.756506,1,False,False,SYNTHETIC
EV000032302,P0000323,payment.captured,2026-01-01T17:51:01.020286,2026-01-01T17:51:03.808487,2,False,False,SYNTHETIC
EV000032400,P0000324,payment.attempted,2026-01-01T03:17:17.692488,2026-01-01T03:17:18.375890,0,False,False,SYNTHETIC
EV000032401,P0000324,payment.authorized,2026-01-01T03:17:19.647624,2026-01-01T03:17:20.031660,1,False,False,SYNTHETIC
EV000032402,P0000324,payment.captured,2026-01-01T03:17:20.717867,2026-01-01T03:17:22.467874,2,False,False,SYNTHETIC
EV000032500,P0000325,payment.attempted,2026-01-01T21:24:38.548358,2026-01-01T21:24:40.109844,0,False,False,SYNTHETIC
EV000032501,P0000325,payment.authorized,2026-01-01T21:24:40.794655,2026-01-01T21:24:42.245966,1,False,False,SYNTHETIC
EV000032502,P0000325,payment.captured,2026-01-01T21:24:42.660414,2026-01-01T21:25:43.392902,2,False,False,SYNTHETIC
EV000032600,P0000326,payment.attempted,2026-01-01T11:54:29.583207,2026-01-01T11:54:31.626040,0,False,False,SYNTHETIC
EV000032601,P0000326,payment.authorized,2026-01-01T11:54:33.019538,2026-01-01T11:54:33.776166,1,False,False,SYNTHETIC
EV000032602,P0000326,payment.captured,2026-01-01T11:54:34.357525,2026-01-01T11:54:36.829239,2,False,False,SYNTHETIC
EV000032700,P0000327,payment.attempted,2026-01-01T00:02:20.210902,2026-01-01T00:02:21.307454,0,False,False,SYNTHETIC
EV000032701,P0000327,payment.authorized,2026-01-01T00:02:23.542297,2026-01-01T00:02:24.769747,1,False,False,SYNTHETIC
EV000032702,P0000327,payment.captured,2026-01-01T00:02:27.620272,2026-01-01T00:02:28.123060,2,False,False,SYNTHETIC
EV000032702D,P0000327,payment.captured,2026-01-01T00:02:27.620272,2026-01-01T00:02:29.109814,2,True,False,SYNTHETIC
EV000032800,P0000328,payment.attempted,2026-01-01T02:24:04.311898,2026-01-01T02:24:05.208156,0,False,False,SYNTHETIC
EV000032801,P0000328,payment.authorized,2026-01-01T02:24:06.331536,2026-01-01T02:24:08.699762,1,False,False,SYNTHETIC
EV000032802,P0000328,payment.captured,2026-01-01T02:24:07.399730,2026-01-01T02:24:07.649511,2,False,False,SYNTHETIC
EV000032900,P0000329,payment.attempted,2026-01-01T19:45:14.755379,2026-01-01T19:45:16.986958,0,False,False,SYNTHETIC
EV000032901,P0000329,payment.authorized,2026-01-01T19:45:15.759973,2026-01-01T19:45:17.608431,1,False,False,SYNTHETIC
EV000032902,P0000329,payment.captured,2026-01-01T19:45:19.650612,2026-01-01T19:45:20.813017,2,False,False,SYNTHETIC
EV000032902D,P0000329,payment.captured,2026-01-01T19:45:19.650612,2026-01-01T19:45:21.455300,2,True,False,SYNTHETIC
EV000033000,P0000330,payment.attempted,2026-01-01T11:50:15.435108,2026-01-01T11:50:16.456540,0,False,False,SYNTHETIC
EV000033001,P0000330,payment.authorized,2026-01-01T11:50:18.655186,2026-01-01T11:50:19.980010,1,False,False,SYNTHETIC
EV000033002,P0000330,payment.captured,2026-01-01T11:50:20.151851,2026-01-01T11:50:22.248092,2,False,False,SYNTHETIC
EV000033100,P0000331,payment.attempted,2026-01-01T09:08:49.383111,2026-01-01T09:08:58.986399,0,False,True,SYNTHETIC
EV000033101,P0000331,payment.authorized,2026-01-01T09:08:54.739997,2026-01-01T09:08:56.865428,1,False,False,SYNTHETIC
EV000033102,P0000331,payment.captured,2026-01-01T09:08:57.924228,2026-01-01T09:08:51.225005,2,False,True,SYNTHETIC
EV000033102D,P0000331,payment.captured,2026-01-01T09:08:57.924228,2026-01-01T09:09:00.052764,2,True,False,SYNTHETIC
EV000033200,P0000332,payment.attempted,2026-01-01T11:37:20.971059,2026-01-01T11:37:21.187611,0,False,False,SYNTHETIC
EV000033201,P0000332,payment.authorized,2026-01-01T11:37:22.500311,2026-01-01T11:37:23.131851,1,False,False,SYNTHETIC
EV000033202,P0000332,payment.captured,2026-01-01T11:37:24.257738,2026-01-01T11:37:47.131111,2,False,False,SYNTHETIC
EV000033300,P0000333,payment.attempted,2026-01-01T18:48:25.413036,2026-01-01T18:48:26.822192,0,False,False,SYNTHETIC
EV000033300D,P0000333,payment.attempted,2026-01-01T18:48:25.413036,2026-01-01T18:48:27.206489,0,True,False,SYNTHETIC
EV000033301,P0000333,payment.authorized,2026-01-01T18:48:29.317169,2026-01-01T18:48:29.656200,1,False,False,SYNTHETIC
EV000033302,P0000333,payment.captured,2026-01-01T18:48:32.477548,2026-01-01T18:48:32.906731,2,False,False,SYNTHETIC
EV000033302D,P0000333,payment.captured,2026-01-01T18:48:32.477548,2026-01-01T18:48:33.390323,2,True,False,SYNTHETIC
EV000033400,P0000334,payment.attempted,2026-01-01T11:45:37.937054,2026-01-01T11:45:38.631635,0,False,False,SYNTHETIC
EV000033401,P0000334,payment.authorized,2026-01-01T11:45:42.792007,2026-01-01T11:45:45.722800,1,False,False,SYNTHETIC
EV000033402,P0000334,payment.failed,2026-01-01T11:45:51.083662,2026-01-01T11:45:51.516696,2,False,False,SYNTHETIC
EV000033403,P0000334,payment.captured,2026-01-01T11:49:31.576148,2026-01-01T11:49:33.690145,3,False,False,SYNTHETIC
EV000033500,P0000335,payment.attempted,2026-01-01T06:12:55.523829,2026-01-01T06:12:56.391348,0,False,False,SYNTHETIC
EV000033501,P0000335,payment.authorized,2026-01-01T06:12:57.341525,2026-01-01T06:12:58.535177,1,False,False,SYNTHETIC
EV000033502,P0000335,payment.captured,2026-01-01T06:12:58.850468,2026-01-01T06:13:00.305480,2,False,False,SYNTHETIC
EV000033600,P0000336,payment.attempted,2026-01-01T08:11:04.755430,2026-01-01T08:11:07.774242,0,False,False,SYNTHETIC
EV000033601,P0000336,payment.authorized,2026-01-01T08:11:08.718670,2026-01-01T08:11:11.076582,1,False,False,SYNTHETIC
EV000033602,P0000336,payment.captured,2026-01-01T08:11:11.593850,2026-01-01T08:11:17.671200,2,False,False,SYNTHETIC
EV000033700,P0000337,payment.attempted,2026-01-01T21:45:39.636613,2026-01-01T21:45:40.764246,0,False,False,SYNTHETIC
EV000033701,P0000337,payment.authorized,2026-01-01T21:45:41.975825,2026-01-01T21:45:42.729908,1,False,False,SYNTHETIC
EV000033702,P0000337,payment.captured,2026-01-01T21:45:43.833907,2026-01-01T21:45:44.364840,2,False,False,SYNTHETIC
EV000033800,P0000338,payment.attempted,2026-01-01T14:52:13.841092,2026-01-01T14:52:16.446576,0,False,False,SYNTHETIC
EV000033801,P0000338,payment.authorized,2026-01-01T14:52:15.812684,2026-01-01T14:52:16.694708,1,False,False,SYNTHETIC
EV000033802,P0000338,payment.captured,2026-01-01T14:52:17.805372,2026-01-01T14:52:19.428846,2,False,False,SYNTHETIC
EV000033900,P0000339,payment.attempted,2026-01-01T03:30:15.074919,2026-01-01T03:30:17.738285,0,False,False,SYNTHETIC
EV000033901,P0000339,payment.authorized,2026-01-01T03:30:18.589608,2026-01-01T03:31:11.455382,1,False,False,SYNTHETIC
EV000033902,P0000339,payment.captured,2026-01-01T03:30:19.738918,2026-01-01T03:30:21.501887,2,False,False,SYNTHETIC
EV000034000,P0000340,payment.attempted,2026-01-01T05:59:19.988425,2026-01-01T05:59:20.211214,0,False,False,SYNTHETIC
EV000034001,P0000340,payment.authorized,2026-01-01T05:59:21.626627,2026-01-01T05:59:24.294034,1,False,False,SYNTHETIC
EV000034002,P0000340,payment.captured,2026-01-01T06:04:29.378497,2026-01-01T06:04:29.796958,2,False,False,SYNTHETIC
EV000034100,P0000341,payment.attempted,2026-01-01T22:16:55.168853,2026-01-01T22:16:56.353007,0,False,False,SYNTHETIC
EV000034101,P0000341,payment.authorized,2026-01-01T22:16:58.858865,2026-01-01T22:17:01.591842,1,False,False,SYNTHETIC
EV000034102,P0000341,payment.captured,2026-01-01T22:17:01.595640,2026-01-01T22:17:04.111912,2,False,False,SYNTHETIC
EV000034200,P0000342,payment.attempted,2026-01-01T21:41:47.924812,2026-01-01T21:41:48.325363,0,False,False,SYNTHETIC
EV000034201,P0000342,payment.failed,2026-01-01T21:41:53.129612,2026-01-01T21:41:55.381210,1,False,False,SYNTHETIC
EV000034300,P0000343,payment.attempted,2026-01-01T16:37:30.133326,2026-01-01T16:37:30.501884,0,False,False,SYNTHETIC
EV000034301,P0000343,payment.authorized,2026-01-01T16:37:33.952995,2026-01-01T16:37:34.776896,1,False,False,SYNTHETIC
EV000034302,P0000343,payment.captured,2026-01-01T16:37:37.745151,2026-01-01T16:37:38.688765,2,False,False,SYNTHETIC
EV000034400,P0000344,payment.attempted,2026-01-01T08:42:44.937324,2026-01-01T08:42:48.401646,0,False,False,SYNTHETIC
EV000034401,P0000344,payment.authorized,2026-01-01T08:42:48.358126,2026-01-01T08:43:08.383129,1,False,False,SYNTHETIC
EV000034402,P0000344,payment.captured,2026-01-01T08:42:49.944929,2026-01-01T08:42:52.570918,2,False,False,SYNTHETIC
EV000034500,P0000345,payment.attempted,2026-01-01T05:39:04.623674,2026-01-01T05:39:05.662160,0,False,False,SYNTHETIC
EV000034501,P0000345,payment.authorized,2026-01-01T05:39:06.957067,2026-01-01T05:39:07.484169,1,False,False,SYNTHETIC
EV000034502,P0000345,payment.captured,2026-01-01T05:39:10.634701,2026-01-01T05:39:12.664774,2,False,False,SYNTHETIC
EV000034600,P0000346,payment.attempted,2026-01-01T02:58:05.658890,2026-01-01T02:58:07.499319,0,False,False,SYNTHETIC
EV000034601,P0000346,payment.authorized,2026-01-01T02:58:11.097298,2026-01-01T02:58:13.018150,1,False,False,SYNTHETIC
EV000034602,P0000346,payment.captured,2026-01-01T02:58:15.240280,2026-01-01T02:58:15.637183,2,False,False,SYNTHETIC
EV000034700,P0000347,payment.attempted,2026-01-01T13:54:25.009162,2026-01-01T13:54:25.666353,0,False,False,SYNTHETIC
EV000034701,P0000347,payment.authorized,2026-01-01T13:54:26.141952,2026-01-01T13:54:29.098260,1,False,False,SYNTHETIC
EV000034702,P0000347,payment.captured,2026-01-01T13:54:30.567230,2026-01-01T13:54:31.225967,2,False,False,SYNTHETIC
EV000034800,P0000348,payment.attempted,2026-01-01T12:06:08.169400,2026-01-01T12:06:09.440235,0,False,False,SYNTHETIC
EV000034801,P0000348,payment.authorized,2026-01-01T12:06:09.383844,2026-01-01T12:06:10.521891,1,False,False,SYNTHETIC
EV000034802,P0000348,payment.captured,2026-01-01T12:06:11.412358,2026-01-01T12:06:13.476018,2,False,False,SYNTHETIC
EV000034900,P0000349,payment.attempted,2026-01-01T17:23:53.658198,2026-01-01T17:23:54.362990,0,False,False,SYNTHETIC
EV000034901,P0000349,payment.authorized,2026-01-01T17:23:59.289918,2026-01-01T17:23:59.695397,1,False,False,SYNTHETIC
EV000034902,P0000349,payment.captured,2026-01-01T17:24:03.929812,2026-01-01T17:24:05.074296,2,False,False,SYNTHETIC
EV000034902D,P0000349,payment.captured,2026-01-01T17:24:03.929812,2026-01-01T17:24:05.476573,2,True,False,SYNTHETIC
EV000035000,P0000350,payment.attempted,2026-01-01T18:32:53.924320,2026-01-01T18:32:54.556810,0,False,False,SYNTHETIC
EV000035001,P0000350,payment.authorized,2026-01-01T18:32:58.349065,2026-01-01T18:32:59.018742,1,False,False,SYNTHETIC
EV000035002,P0000350,payment.captured,2026-01-01T18:33:01.830692,2026-01-01T18:33:02.051445,2,False,False,SYNTHETIC
EV000035100,P0000351,payment.attempted,2026-01-01T16:34:30.185277,2026-01-01T16:34:30.646530,0,False,False,SYNTHETIC
EV000035101,P0000351,payment.authorized,2026-01-01T16:34:32.371424,2026-01-01T16:34:33.573997,1,False,False,SYNTHETIC
EV000035102,P0000351,payment.captured,2026-01-01T16:34:35.060271,2026-01-01T16:35:05.422802,2,False,False,SYNTHETIC
EV000035102D,P0000351,payment.captured,2026-01-01T16:34:35.060271,2026-01-01T16:35:05.756132,2,True,False,SYNTHETIC
EV000035200,P0000352,payment.attempted,2026-01-01T05:02:42.943000,2026-01-01T05:02:44.007839,0,False,False,SYNTHETIC
EV000035201,P0000352,payment.authorized,2026-01-01T05:02:46.180835,2026-01-01T05:02:46.966067,1,False,False,SYNTHETIC
EV000035202,P0000352,payment.captured,2026-01-01T05:02:50.523166,2026-01-01T05:02:51.552851,2,False,False,SYNTHETIC
EV000035300,P0000353,payment.attempted,2026-01-01T14:10:50.600902,2026-01-01T14:10:52.443903,0,False,False,SYNTHETIC
EV000035301,P0000353,payment.authorized,2026-01-01T14:10:53.732895,2026-01-01T14:10:54.776922,1,False,False,SYNTHETIC
EV000035301D,P0000353,payment.authorized,2026-01-01T14:10:53.732895,2026-01-01T14:10:55.654748,1,True,False,SYNTHETIC
EV000035302,P0000353,payment.failed,2026-01-01T14:11:02.680911,2026-01-01T14:11:04.356805,2,False,False,SYNTHETIC
EV000035303,P0000353,payment.captured,2026-01-01T14:15:57.891758,2026-01-01T14:16:00.541016,3,False,False,SYNTHETIC
EV000035400,P0000354,payment.attempted,2026-01-01T16:39:50.624713,2026-01-01T16:40:02.195343,0,False,True,SYNTHETIC
EV000035401,P0000354,payment.authorized,2026-01-01T16:39:56.356669,2026-01-01T16:39:57.061737,1,False,False,SYNTHETIC
EV000035402,P0000354,payment.captured,2026-01-01T16:40:00.294686,2026-01-01T16:39:51.266042,2,False,True,SYNTHETIC
EV000035500,P0000355,payment.attempted,2026-01-01T05:51:40.786886,2026-01-01T05:51:45.925359,0,False,True,SYNTHETIC
EV000035501,P0000355,payment.authorized,2026-01-01T05:51:44.623108,2026-01-01T05:51:42.376241,1,False,True,SYNTHETIC
EV000035502,P0000355,payment.captured,2026-01-01T05:51:46.246567,2026-01-01T05:51:47.083962,2,False,False,SYNTHETIC
EV000035600,P0000356,payment.attempted,2026-01-01T05:57:55.346142,2026-01-01T05:57:55.802574,0,False,False,SYNTHETIC
EV000035601,P0000356,payment.authorized,2026-01-01T05:58:00.570953,2026-01-01T05:58:03.903231,1,False,True,SYNTHETIC
EV000035602,P0000356,payment.captured,2026-01-01T05:58:03.394929,2026-01-01T05:58:01.179026,2,False,True,SYNTHETIC
EV000035700,P0000357,payment.attempted,2026-01-01T14:32:35.978203,2026-01-01T14:32:36.559054,0,False,False,SYNTHETIC
EV000035700D,P0000357,payment.attempted,2026-01-01T14:32:35.978203,2026-01-01T14:32:36.866197,0,True,False,SYNTHETIC
EV000035701,P0000357,payment.authorized,2026-01-01T14:32:39.514916,2026-01-01T14:32:39.979636,1,False,False,SYNTHETIC
EV000035702,P0000357,payment.captured,2026-01-01T14:32:41.854717,2026-01-01T14:32:42.827995,2,False,False,SYNTHETIC
EV000035800,P0000358,payment.attempted,2026-01-01T01:32:54.170584,2026-01-01T01:32:55.132406,0,False,False,SYNTHETIC
EV000035801,P0000358,payment.authorized,2026-01-01T01:32:57.932753,2026-01-01T01:32:58.919628,1,False,False,SYNTHETIC
EV000035802,P0000358,payment.captured,2026-01-01T01:33:01.541406,2026-01-01T01:33:01.810020,2,False,False,SYNTHETIC
EV000035900,P0000359,payment.attempted,2026-01-01T07:04:27.169988,2026-01-01T07:04:27.704744,0,False,False,SYNTHETIC
EV000035901,P0000359,payment.authorized,2026-01-01T07:04:30.878258,2026-01-01T07:04:31.232937,1,False,False,SYNTHETIC
EV000035902,P0000359,payment.captured,2026-01-01T07:04:34.984603,2026-01-01T07:04:36.082530,2,False,False,SYNTHETIC
EV000036000,P0000360,payment.attempted,2026-01-01T17:55:44.656606,2026-01-01T17:55:45.828229,0,False,False,SYNTHETIC
EV000036001,P0000360,payment.authorized,2026-01-01T17:55:50.330518,2026-01-01T17:55:51.816912,1,False,False,SYNTHETIC
EV000036001D,P0000360,payment.authorized,2026-01-01T17:55:50.330518,2026-01-01T17:55:52.373002,1,True,False,SYNTHETIC
EV000036002,P0000360,payment.captured,2026-01-01T17:55:52.016280,2026-01-01T17:55:53.343296,2,False,False,SYNTHETIC
EV000036002D,P0000360,payment.captured,2026-01-01T17:55:52.016280,2026-01-01T17:55:54.135712,2,True,False,SYNTHETIC
EV000036100,P0000361,payment.attempted,2026-01-01T12:11:39.603462,2026-01-01T12:11:40.860103,0,False,False,SYNTHETIC
EV000036101,P0000361,payment.authorized,2026-01-01T12:11:45.593998,2026-01-01T12:11:48.264230,1,False,True,SYNTHETIC
EV000036102,P0000361,payment.captured,2026-01-01T12:11:47.839734,2026-01-01T12:11:47.301783,2,False,True,SYNTHETIC
EV000036200,P0000362,payment.attempted,2026-01-01T06:41:30.456464,2026-01-01T06:41:32.003157,0,False,False,SYNTHETIC
EV000036201,P0000362,payment.authorized,2026-01-01T06:41:36.232815,2026-01-01T06:41:36.981016,1,False,False,SYNTHETIC
EV000036202,P0000362,payment.captured,2026-01-01T06:41:39.516720,2026-01-01T06:41:40.580708,2,False,False,SYNTHETIC
EV000036202D,P0000362,payment.captured,2026-01-01T06:41:39.516720,2026-01-01T06:41:41.019487,2,True,False,SYNTHETIC
EV000036300,P0000363,payment.attempted,2026-01-01T11:01:22.799695,2026-01-01T11:01:27.498225,0,False,True,SYNTHETIC
EV000036301,P0000363,payment.authorized,2026-01-01T11:01:26.821371,2026-01-01T11:01:23.861675,1,False,True,SYNTHETIC
EV000036302,P0000363,payment.captured,2026-01-01T11:01:30.928187,2026-01-01T11:01:31.559185,2,False,False,SYNTHETIC
EV000036400,P0000364,payment.attempted,2026-01-01T14:46:54.369740,2026-01-01T14:47:30.954357,0,False,False,SYNTHETIC
EV000036401,P0000364,payment.authorized,2026-01-01T14:46:58.694679,2026-01-01T14:47:00.594331,1,False,False,SYNTHETIC
EV000036402,P0000364,payment.captured,2026-01-01T14:47:01.119566,2026-01-01T14:47:02.248676,2,False,False,SYNTHETIC
EV000036500,P0000365,payment.attempted,2026-01-01T06:48:18.095522,2026-01-01T06:48:18.960423,0,False,False,SYNTHETIC
EV000036501,P0000365,payment.failed,2026-01-01T06:48:22.997427,2026-01-01T06:48:23.653317,1,False,False,SYNTHETIC
EV000036600,P0000366,payment.attempted,2026-01-01T13:46:19.797041,2026-01-01T13:46:20.378470,0,False,False,SYNTHETIC
EV000036601,P0000366,payment.authorized,2026-01-01T13:46:21.826346,2026-01-01T13:46:22.915412,1,False,False,SYNTHETIC
EV000036602,P0000366,payment.captured,2026-01-01T13:46:24.624574,2026-01-01T13:46:25.678474,2,False,False,SYNTHETIC
EV000036700,P0000367,payment.attempted,2026-01-01T14:47:08.383740,2026-01-01T14:47:09.339534,0,False,False,SYNTHETIC
EV000036701,P0000367,payment.authorized,2026-01-01T14:47:12.810773,2026-01-01T14:47:13.110283,1,False,False,SYNTHETIC
EV000036702,P0000367,payment.captured,2026-01-01T14:47:15.920987,2026-01-01T14:47:16.111944,2,False,False,SYNTHETIC
EV000036702D,P0000367,payment.captured,2026-01-01T14:47:15.920987,2026-01-01T14:47:16.406785,2,True,False,SYNTHETIC
EV000036800,P0000368,payment.attempted,2026-01-01T18:28:32.477111,2026-01-01T18:28:33.187492,0,False,False,SYNTHETIC
EV000036801,P0000368,payment.failed,2026-01-01T18:28:33.812417,2026-01-01T18:28:34.923936,1,False,False,SYNTHETIC
EV000036900,P0000369,payment.attempted,2026-01-01T02:38:38.710903,2026-01-01T02:38:39.977323,0,False,False,SYNTHETIC
EV000036901,P0000369,payment.authorized,2026-01-01T02:38:44.625865,2026-01-01T02:38:46.299366,1,False,False,SYNTHETIC
EV000036902,P0000369,payment.captured,2026-01-01T02:38:49.530028,2026-01-01T02:38:50.422713,2,False,False,SYNTHETIC
EV000037000,P0000370,payment.attempted,2026-01-01T02:35:17.596664,2026-01-01T02:35:19.145238,0,False,False,SYNTHETIC
EV000037001,P0000370,payment.authorized,2026-01-01T02:35:22.463703,2026-01-01T02:35:23.089993,1,False,False,SYNTHETIC
EV000037002,P0000370,payment.failed,2026-01-01T02:35:28.134875,2026-01-01T02:35:29.477242,2,False,False,SYNTHETIC
EV000037003,P0000370,payment.captured,2026-01-01T02:36:07.325667,2026-01-01T02:36:09.394427,3,False,False,SYNTHETIC
EV000037100,P0000371,payment.attempted,2026-01-01T02:08:22.337675,2026-01-01T02:08:24.154830,0,False,False,SYNTHETIC
EV000037101,P0000371,payment.authorized,2026-01-01T02:08:26.178236,2026-01-01T02:08:27.551846,1,False,False,SYNTHETIC
EV000037102,P0000371,payment.captured,2026-01-01T02:08:27.441930,2026-01-01T02:08:28.309342,2,False,False,SYNTHETIC
EV000037200,P0000372,payment.attempted,2026-01-01T19:33:21.247716,2026-01-01T19:33:24.061049,0,False,False,SYNTHETIC
EV000037200D,P0000372,payment.attempted,2026-01-01T19:33:21.247716,2026-01-01T19:33:24.835782,0,True,False,SYNTHETIC
EV000037201,P0000372,payment.authorized,2026-01-01T19:33:23.417006,2026-01-01T19:33:24.235250,1,False,False,SYNTHETIC
EV000037201D,P0000372,payment.authorized,2026-01-01T19:33:23.417006,2026-01-01T19:33:24.712677,1,True,False,SYNTHETIC
EV000037202,P0000372,payment.captured,2026-01-01T19:33:26.009832,2026-01-01T19:33:26.842863,2,False,False,SYNTHETIC
EV000037300,P0000373,payment.attempted,2026-01-01T22:42:24.705804,2026-01-01T22:42:24.867213,0,False,False,SYNTHETIC
EV000037301,P0000373,payment.authorized,2026-01-01T22:42:30.584256,2026-01-01T22:42:32.200725,1,False,False,SYNTHETIC
EV000037302,P0000373,payment.captured,2026-01-01T22:42:35.142429,2026-01-01T22:42:36.089779,2,False,False,SYNTHETIC
EV000037400,P0000374,payment.attempted,2026-01-01T12:56:08.502290,2026-01-01T12:56:11.284592,0,False,False,SYNTHETIC
EV000037401,P0000374,payment.failed,2026-01-01T12:56:11.827533,2026-01-01T12:56:12.335004,1,False,False,SYNTHETIC
EV000037500,P0000375,payment.attempted,2026-01-01T06:48:15.544831,2026-01-01T06:48:15.930206,0,False,False,SYNTHETIC
EV000037501,P0000375,payment.authorized,2026-01-01T06:48:17.911086,2026-01-01T06:48:18.872150,1,False,False,SYNTHETIC
EV000037502,P0000375,payment.captured,2026-01-01T06:48:19.350776,2026-01-01T06:48:21.249292,2,False,False,SYNTHETIC
EV000037600,P0000376,payment.attempted,2026-01-01T14:29:11.080232,2026-01-01T14:29:18.384333,0,False,True,SYNTHETIC
EV000037601,P0000376,payment.authorized,2026-01-01T14:29:15.011870,2026-01-01T14:29:16.529147,1,False,False,SYNTHETIC
EV000037602,P0000376,payment.captured,2026-01-01T14:29:16.558297,2026-01-01T14:29:13.100387,2,False,True,SYNTHETIC
EV000037700,P0000377,payment.attempted,2026-01-01T17:18:34.247563,2026-01-01T17:18:36.655077,0,False,False,SYNTHETIC
EV000037701,P0000377,payment.authorized,2026-01-01T17:18:39.738828,2026-01-01T17:18:41.854725,1,False,False,SYNTHETIC
EV000037702,P0000377,payment.captured,2026-01-01T17:18:44.218631,2026-01-01T17:18:44.712812,2,False,False,SYNTHETIC
EV000037800,P0000378,payment.attempted,2026-01-01T03:26:49.281376,2026-01-01T03:26:49.890181,0,False,False,SYNTHETIC
EV000037801,P0000378,payment.authorized,2026-01-01T03:26:53.894367,2026-01-01T03:26:55.316860,1,False,False,SYNTHETIC
EV000037802,P0000378,payment.captured,2026-01-01T03:26:55.357904,2026-01-01T03:26:55.795406,2,False,False,SYNTHETIC
EV000037900,P0000379,payment.attempted,2026-01-01T19:21:13.613131,2026-01-01T19:21:14.220334,0,False,False,SYNTHETIC
EV000037901,P0000379,payment.authorized,2026-01-01T19:21:16.045102,2026-01-01T19:21:17.228473,1,False,False,SYNTHETIC
EV000037902,P0000379,payment.captured,2026-01-01T19:21:19.199124,2026-01-01T19:21:19.518600,2,False,False,SYNTHETIC
EV000038000,P0000380,payment.attempted,2026-01-01T03:11:42.829487,2026-01-01T03:11:44.128701,0,False,False,SYNTHETIC
EV000038001,P0000380,payment.authorized,2026-01-01T03:11:46.413997,2026-01-01T03:11:47.081004,1,False,False,SYNTHETIC
EV000038001D,P0000380,payment.authorized,2026-01-01T03:11:46.413997,2026-01-01T03:11:47.517592,1,True,False,SYNTHETIC
EV000038002,P0000380,payment.captured,2026-01-01T03:14:15.749022,2026-01-01T03:14:18.371472,2,False,False,SYNTHETIC
EV000038100,P0000381,payment.attempted,2026-01-01T11:15:27.147584,2026-01-01T11:15:27.570921,0,False,False,SYNTHETIC
EV000038101,P0000381,payment.authorized,2026-01-01T11:15:31.378411,2026-01-01T11:15:38.348968,1,False,True,SYNTHETIC
EV000038102,P0000381,payment.captured,2026-01-01T11:15:35.665774,2026-01-01T11:15:31.987104,2,False,True,SYNTHETIC
EV000038200,P0000382,payment.attempted,2026-01-01T04:34:18.732917,2026-01-01T04:34:19.362329,0,False,False,SYNTHETIC
EV000038201,P0000382,payment.failed,2026-01-01T04:34:22.150143,2026-01-01T04:34:22.462647,1,False,False,SYNTHETIC
EV000038300,P0000383,payment.attempted,2026-01-01T05:19:27.637802,2026-01-01T05:19:28.402308,0,False,False,SYNTHETIC
EV000038301,P0000383,payment.authorized,2026-01-01T05:19:30.796672,2026-01-01T05:19:31.005139,1,False,False,SYNTHETIC
EV000038302,P0000383,payment.captured,2026-01-01T05:19:34.336189,2026-01-01T05:19:34.729257,2,False,False,SYNTHETIC
EV000038400,P0000384,payment.attempted,2026-01-01T23:03:03.619972,2026-01-01T23:03:04.054130,0,False,False,SYNTHETIC
EV000038401,P0000384,payment.authorized,2026-01-01T23:03:06.603593,2026-01-01T23:03:08.121179,1,False,False,SYNTHETIC
EV000038402,P0000384,payment.captured,2026-01-01T23:03:11.097181,2026-01-01T23:03:11.602643,2,False,False,SYNTHETIC
EV000038500,P0000385,payment.attempted,2026-01-01T19:55:44.929121,2026-01-01T19:55:45.192185,0,False,False,SYNTHETIC
EV000038501,P0000385,payment.authorized,2026-01-01T19:55:49.299232,2026-01-01T19:55:49.741028,1,False,False,SYNTHETIC
EV000038502,P0000385,payment.failed,2026-01-01T19:55:53.479885,2026-01-01T19:55:55.312844,2,False,False,SYNTHETIC
EV000038503,P0000385,payment.captured,2026-01-01T19:58:06.174454,2026-01-01T19:58:06.654892,3,False,False,SYNTHETIC
EV000038600,P0000386,payment.attempted,2026-01-01T15:16:38.221649,2026-01-01T15:16:38.423783,0,False,False,SYNTHETIC
EV000038601,P0000386,payment.authorized,2026-01-01T15:16:43.530707,2026-01-01T15:16:43.855488,1,False,False,SYNTHETIC
EV000038602,P0000386,payment.captured,2026-01-01T15:16:44.920813,2026-01-01T15:16:45.570952,2,False,False,SYNTHETIC
EV000038700,P0000387,payment.attempted,2026-01-01T04:25:39.290658,2026-01-01T04:25:40.335796,0,False,False,SYNTHETIC
EV000038701,P0000387,payment.failed,2026-01-01T04:25:43.461828,2026-01-01T04:25:44.576021,1,False,False,SYNTHETIC
EV000038800,P0000388,payment.attempted,2026-01-01T03:31:26.282811,2026-01-01T03:31:27.203683,0,False,False,SYNTHETIC
EV000038801,P0000388,payment.authorized,2026-01-01T03:31:27.796135,2026-01-01T03:31:28.335838,1,False,False,SYNTHETIC
EV000038802,P0000388,payment.captured,2026-01-01T03:31:32.493351,2026-01-01T03:31:33.197069,2,False,False,SYNTHETIC
EV000038900,P0000389,payment.attempted,2026-01-01T16:41:58.680814,2026-01-01T16:41:59.180774,0,False,False,SYNTHETIC
EV000038901,P0000389,payment.authorized,2026-01-01T16:42:00.540761,2026-01-01T16:42:01.308542,1,False,False,SYNTHETIC
EV000038902,P0000389,payment.captured,2026-01-01T16:42:04.944819,2026-01-01T16:42:06.058726,2,False,False,SYNTHETIC
EV000039000,P0000390,payment.attempted,2026-01-01T22:32:14.630769,2026-01-01T22:32:15.520900,0,False,False,SYNTHETIC
EV000039000D,P0000390,payment.attempted,2026-01-01T22:32:14.630769,2026-01-01T22:32:15.985749,0,True,False,SYNTHETIC
EV000039001,P0000390,payment.authorized,2026-01-01T22:32:16.441309,2026-01-01T22:32:18.142152,1,False,False,SYNTHETIC
EV000039002,P0000390,payment.captured,2026-01-01T22:32:17.554658,2026-01-01T22:32:18.289485,2,False,False,SYNTHETIC
EV000039002D,P0000390,payment.captured,2026-01-01T22:32:17.554658,2026-01-01T22:32:20.134644,2,True,False,SYNTHETIC
EV000039100,P0000391,payment.attempted,2026-01-01T08:08:27.361886,2026-01-01T08:08:27.967280,0,False,False,SYNTHETIC
EV000039101,P0000391,payment.failed,2026-01-01T08:08:33.796643,2026-01-01T08:08:35.271915,1,False,False,SYNTHETIC
EV000039200,P0000392,payment.attempted,2026-01-01T20:41:55.818272,2026-01-01T20:41:57.051690,0,False,False,SYNTHETIC
EV000039201,P0000392,payment.authorized,2026-01-01T20:41:57.142545,2026-01-01T20:42:00.785704,1,False,True,SYNTHETIC
EV000039202,P0000392,payment.captured,2026-01-01T20:41:59.203256,2026-01-01T20:41:59.467236,2,False,True,SYNTHETIC
EV000039300,P0000393,payment.attempted,2026-01-01T12:59:08.416787,2026-01-01T12:59:09.135487,0,False,False,SYNTHETIC
EV000039301,P0000393,payment.authorized,2026-01-01T12:59:13.307608,2026-01-01T12:59:13.752262,1,False,False,SYNTHETIC
EV000039301D,P0000393,payment.authorized,2026-01-01T12:59:13.307608,2026-01-01T12:59:30.122779,1,True,False,SYNTHETIC
EV000039302,P0000393,payment.captured,2026-01-01T12:59:16.044285,2026-01-01T12:59:16.713221,2,False,False,SYNTHETIC
EV000039400,P0000394,payment.attempted,2026-01-01T00:45:46.197238,2026-01-01T00:45:47.428995,0,False,False,SYNTHETIC
EV000039401,P0000394,payment.authorized,2026-01-01T00:45:49.014915,2026-01-01T00:45:51.555627,1,False,True,SYNTHETIC
EV000039402,P0000394,payment.captured,2026-01-01T00:45:50.758772,2026-01-01T00:45:49.837274,2,False,True,SYNTHETIC
EV000039500,P0000395,payment.attempted,2026-01-01T08:37:45.269224,2026-01-01T08:37:46.308382,0,False,False,SYNTHETIC
EV000039501,P0000395,payment.authorized,2026-01-01T08:37:50.461560,2026-01-01T08:37:52.605556,1,False,False,SYNTHETIC
EV000039502,P0000395,payment.captured,2026-01-01T08:37:53.437670,2026-01-01T08:37:54.959638,2,False,False,SYNTHETIC
EV000039600,P0000396,payment.attempted,2026-01-01T04:24:54.322032,2026-01-01T04:24:55.270268,0,False,False,SYNTHETIC
EV000039601,P0000396,payment.authorized,2026-01-01T04:24:58.610919,2026-01-01T04:24:59.444351,1,False,False,SYNTHETIC
EV000039602,P0000396,payment.captured,2026-01-01T04:24:59.658758,2026-01-01T04:25:00.125741,2,False,False,SYNTHETIC
EV000039700,P0000397,payment.attempted,2026-01-01T20:34:24.072231,2026-01-01T20:34:25.058726,0,False,False,SYNTHETIC
EV000039701,P0000397,payment.authorized,2026-01-01T20:34:25.291690,2026-01-01T20:34:25.927932,1,False,False,SYNTHETIC
EV000039702,P0000397,payment.captured,2026-01-01T20:34:26.507185,2026-01-01T20:34:27.117590,2,False,False,SYNTHETIC
EV000039800,P0000398,payment.attempted,2026-01-01T12:50:32.945001,2026-01-01T12:50:33.244715,0,False,False,SYNTHETIC
EV000039801,P0000398,payment.authorized,2026-01-01T12:50:38.419611,2026-01-01T12:50:38.840807,1,False,False,SYNTHETIC
EV000039802,P0000398,payment.captured,2026-01-01T12:50:41.706026,2026-01-01T12:50:42.048385,2,False,False,SYNTHETIC
EV000039802D,P0000398,payment.captured,2026-01-01T12:50:41.706026,2026-01-01T12:50:42.494003,2,True,False,SYNTHETIC
EV000039900,P0000399,payment.attempted,2026-01-01T13:57:29.011812,2026-01-01T13:57:31.399971,0,False,False,SYNTHETIC
EV000039901,P0000399,payment.authorized,2026-01-01T13:57:33.980262,2026-01-01T13:57:34.706057,1,False,False,SYNTHETIC
EV000039902,P0000399,payment.captured,2026-01-01T13:57:35.477586,2026-01-01T13:57:36.488131,2,False,False,SYNTHETIC
EV000040000,P0000400,payment.attempted,2026-01-01T14:12:13.497333,2026-01-01T14:12:14.664398,0,False,False,SYNTHETIC
EV000040001,P0000400,payment.authorized,2026-01-01T14:12:14.585450,2026-01-01T14:12:21.034962,1,False,True,SYNTHETIC
EV000040002,P0000400,payment.captured,2026-01-01T14:12:18.002764,2026-01-01T14:12:16.134376,2,False,True,SYNTHETIC
EV000040100,P0000401,payment.attempted,2026-01-01T07:37:34.502861,2026-01-01T07:38:06.996650,0,False,False,SYNTHETIC
EV000040101,P0000401,payment.authorized,2026-01-01T07:37:40.479969,2026-01-01T07:37:41.282735,1,False,False,SYNTHETIC
EV000040102,P0000401,payment.captured,2026-01-01T07:37:41.929244,2026-01-01T07:38:04.210873,2,False,False,SYNTHETIC
EV000040200,P0000402,payment.attempted,2026-01-01T12:32:32.677255,2026-01-01T12:32:32.998445,0,False,False,SYNTHETIC
EV000040201,P0000402,payment.authorized,2026-01-01T12:32:33.919124,2026-01-01T12:32:34.730536,1,False,False,SYNTHETIC
EV000040202,P0000402,payment.captured,2026-01-01T12:32:36.788376,2026-01-01T12:32:37.621718,2,False,False,SYNTHETIC
EV000040300,P0000403,payment.attempted,2026-01-01T19:22:20.203486,2026-01-01T19:22:22.205625,0,False,False,SYNTHETIC
EV000040301,P0000403,payment.authorized,2026-01-01T19:22:25.062672,2026-01-01T19:22:25.561795,1,False,False,SYNTHETIC
EV000040302,P0000403,payment.captured,2026-01-01T19:22:27.783941,2026-01-01T19:22:28.659255,2,False,False,SYNTHETIC
EV000040400,P0000404,payment.attempted,2026-01-01T01:32:05.486284,2026-01-01T01:32:06.069688,0,False,False,SYNTHETIC
EV000040401,P0000404,payment.failed,2026-01-01T01:32:11.026585,2026-01-01T01:32:12.071853,1,False,False,SYNTHETIC
EV000040500,P0000405,payment.attempted,2026-01-01T08:04:02.264894,2026-01-01T08:04:05.294124,0,False,False,SYNTHETIC
EV000040501,P0000405,payment.authorized,2026-01-01T08:04:04.235512,2026-01-01T08:04:06.858589,1,False,False,SYNTHETIC
EV000040502,P0000405,payment.captured,2026-01-01T08:04:08.314139,2026-01-01T08:04:11.165264,2,False,False,SYNTHETIC
EV000040600,P0000406,payment.attempted,2026-01-01T01:53:00.613404,2026-01-01T01:53:03.434233,0,False,False,SYNTHETIC
EV000040601,P0000406,payment.authorized,2026-01-01T01:53:05.334149,2026-01-01T01:53:09.656940,1,False,False,SYNTHETIC
EV000040602,P0000406,payment.captured,2026-01-01T01:53:06.426843,2026-01-01T01:53:08.815077,2,False,False,SYNTHETIC
EV000040700,P0000407,payment.attempted,2026-01-01T14:11:18.939130,2026-01-01T14:11:19.733714,0,False,False,SYNTHETIC
EV000040701,P0000407,payment.authorized,2026-01-01T14:11:23.551117,2026-01-01T14:11:24.556261,1,False,False,SYNTHETIC
EV000040702,P0000407,payment.captured,2026-01-01T14:11:26.262431,2026-01-01T14:11:26.954531,2,False,False,SYNTHETIC
EV000040800,P0000408,payment.attempted,2026-01-01T11:44:24.434110,2026-01-01T11:44:24.871771,0,False,False,SYNTHETIC
EV000040801,P0000408,payment.authorized,2026-01-01T11:44:26.316420,2026-01-01T11:44:27.825881,1,False,False,SYNTHETIC
EV000040802,P0000408,payment.captured,2026-01-01T11:44:29.638118,2026-01-01T11:44:30.273829,2,False,False,SYNTHETIC
EV000040900,P0000409,payment.attempted,2026-01-01T23:15:38.512732,2026-01-01T23:15:38.946425,0,False,False,SYNTHETIC
EV000040901,P0000409,payment.authorized,2026-01-01T23:15:42.612927,2026-01-01T23:15:43.135892,1,False,False,SYNTHETIC
EV000040902,P0000409,payment.captured,2026-01-01T23:15:44.008886,2026-01-01T23:15:45.043624,2,False,False,SYNTHETIC
EV000041000,P0000410,payment.attempted,2026-01-01T06:57:53.868747,2026-01-01T06:57:55.021598,0,False,False,SYNTHETIC
EV000041001,P0000410,payment.authorized,2026-01-01T06:57:56.471867,2026-01-01T06:57:57.501103,1,False,False,SYNTHETIC
EV000041002,P0000410,payment.captured,2026-01-01T07:03:03.839079,2026-01-01T07:03:04.484686,2,False,False,SYNTHETIC
EV000041100,P0000411,payment.attempted,2026-01-01T06:50:00.552723,2026-01-01T06:50:02.164405,0,False,False,SYNTHETIC
EV000041101,P0000411,payment.authorized,2026-01-01T06:50:05.819422,2026-01-01T06:50:07.269921,1,False,False,SYNTHETIC
EV000041102,P0000411,payment.captured,2026-01-01T06:50:06.936333,2026-01-01T06:50:08.987152,2,False,False,SYNTHETIC
EV000041200,P0000412,payment.attempted,2026-01-01T02:29:07.591809,2026-01-01T02:29:08.138516,0,False,False,SYNTHETIC
EV000041201,P0000412,payment.failed,2026-01-01T02:29:10.386854,2026-01-01T02:29:11.313585,1,False,False,SYNTHETIC
EV000041300,P0000413,payment.attempted,2026-01-01T03:33:23.131167,2026-01-01T03:33:23.434109,0,False,False,SYNTHETIC
EV000041301,P0000413,payment.authorized,2026-01-01T03:33:25.748360,2026-01-01T03:33:26.066083,1,False,False,SYNTHETIC
EV000041302,P0000413,payment.captured,2026-01-01T03:33:27.319747,2026-01-01T03:33:28.076798,2,False,False,SYNTHETIC
EV000041302D,P0000413,payment.captured,2026-01-01T03:33:27.319747,2026-01-01T03:33:28.356118,2,True,False,SYNTHETIC
EV000041400,P0000414,payment.attempted,2026-01-01T19:35:00.044431,2026-01-01T19:35:03.695089,0,False,True,SYNTHETIC
EV000041401,P0000414,payment.failed,2026-01-01T19:35:03.463237,2026-01-01T19:35:00.393878,1,False,True,SYNTHETIC
EV000041500,P0000415,payment.attempted,2026-01-01T21:47:33.170396,2026-01-01T21:47:34.100772,0,False,False,SYNTHETIC
EV000041501,P0000415,payment.authorized,2026-01-01T21:47:36.796317,2026-01-01T21:47:37.841932,1,False,False,SYNTHETIC
EV000041502,P0000415,payment.captured,2026-01-01T21:47:41.337587,2026-01-01T21:47:43.719722,2,False,False,SYNTHETIC
EV000041600,P0000416,payment.attempted,2026-01-01T15:28:56.041328,2026-01-01T15:28:56.883168,0,False,False,SYNTHETIC
EV000041601,P0000416,payment.authorized,2026-01-01T15:28:58.438528,2026-01-01T15:28:59.132445,1,False,False,SYNTHETIC
EV000041602,P0000416,payment.captured,2026-01-01T15:29:01.877660,2026-01-01T15:29:02.818766,2,False,False,SYNTHETIC
EV000041602D,P0000416,payment.captured,2026-01-01T15:29:01.877660,2026-01-01T15:29:03.428684,2,True,False,SYNTHETIC
EV000041700,P0000417,payment.attempted,2026-01-01T00:41:52.410707,2026-01-01T00:41:53.513243,0,False,False,SYNTHETIC
EV000041701,P0000417,payment.authorized,2026-01-01T00:41:56.260848,2026-01-01T00:42:22.652650,1,False,False,SYNTHETIC
EV000041702,P0000417,payment.captured,2026-01-01T00:41:59.886291,2026-01-01T00:42:00.948604,2,False,False,SYNTHETIC
EV000041800,P0000418,payment.attempted,2026-01-01T07:50:45.123557,2026-01-01T07:50:45.828488,0,False,False,SYNTHETIC
EV000041801,P0000418,payment.authorized,2026-01-01T07:50:50.448278,2026-01-01T07:50:51.408297,1,False,False,SYNTHETIC
EV000041802,P0000418,payment.captured,2026-01-01T07:50:55.179491,2026-01-01T07:50:56.080841,2,False,False,SYNTHETIC
EV000041900,P0000419,payment.attempted,2026-01-01T11:49:22.186975,2026-01-01T11:49:22.871715,0,False,False,SYNTHETIC
EV000041901,P0000419,payment.authorized,2026-01-01T11:49:27.405693,2026-01-01T11:49:28.645940,1,False,False,SYNTHETIC
EV000041902,P0000419,payment.captured,2026-01-01T11:49:30.294233,2026-01-01T11:49:31.060061,2,False,False,SYNTHETIC
EV000042000,P0000420,payment.attempted,2026-01-01T09:37:57.189175,2026-01-01T09:37:58.311347,0,False,False,SYNTHETIC
EV000042001,P0000420,payment.authorized,2026-01-01T09:38:02.061213,2026-01-01T09:38:03.654765,1,False,False,SYNTHETIC
EV000042002,P0000420,payment.captured,2026-01-01T09:38:05.142975,2026-01-01T09:38:06.900749,2,False,False,SYNTHETIC
EV000042100,P0000421,payment.attempted,2026-01-01T20:30:47.215219,2026-01-01T20:30:47.541540,0,False,False,SYNTHETIC
EV000042101,P0000421,payment.authorized,2026-01-01T20:30:50.388153,2026-01-01T20:30:51.018756,1,False,False,SYNTHETIC
EV000042102,P0000421,payment.captured,2026-01-01T20:30:53.796545,2026-01-01T20:30:54.008216,2,False,False,SYNTHETIC
EV000042200,P0000422,payment.attempted,2026-01-01T08:25:47.165805,2026-01-01T08:26:11.108635,0,False,False,SYNTHETIC
EV000042201,P0000422,payment.authorized,2026-01-01T08:25:49.327554,2026-01-01T08:25:50.103779,1,False,False,SYNTHETIC
EV000042202,P0000422,payment.captured,2026-01-01T08:25:50.674110,2026-01-01T08:25:51.542999,2,False,False,SYNTHETIC
EV000042300,P0000423,payment.attempted,2026-01-01T00:38:22.284719,2026-01-01T00:38:50.783510,0,False,False,SYNTHETIC
EV000042301,P0000423,payment.authorized,2026-01-01T00:38:25.092584,2026-01-01T00:38:26.044968,1,False,False,SYNTHETIC
EV000042302,P0000423,payment.captured,2026-01-01T00:38:26.181664,2026-01-01T00:38:26.367968,2,False,False,SYNTHETIC
EV000042400,P0000424,payment.attempted,2026-01-01T22:24:30.187664,2026-01-01T22:24:31.487657,0,False,False,SYNTHETIC
EV000042401,P0000424,payment.authorized,2026-01-01T22:24:34.236940,2026-01-01T22:24:35.680339,1,False,False,SYNTHETIC
EV000042402,P0000424,payment.captured,2026-01-01T22:24:36.381000,2026-01-01T22:24:37.119141,2,False,False,SYNTHETIC
EV000042500,P0000425,payment.attempted,2026-01-01T23:03:26.046535,2026-01-01T23:03:26.474774,0,False,False,SYNTHETIC
EV000042501,P0000425,payment.authorized,2026-01-01T23:03:27.365520,2026-01-01T23:03:27.694433,1,False,False,SYNTHETIC
EV000042502,P0000425,payment.captured,2026-01-01T23:03:31.799492,2026-01-01T23:03:33.203352,2,False,False,SYNTHETIC
EV000042600,P0000426,payment.attempted,2026-01-01T23:03:24.737078,2026-01-01T23:03:27.991070,0,False,False,SYNTHETIC
EV000042601,P0000426,payment.authorized,2026-01-01T23:03:28.628638,2026-01-01T23:03:29.915505,1,False,False,SYNTHETIC
EV000042602,P0000426,payment.captured,2026-01-01T23:03:33.401004,2026-01-01T23:03:34.836493,2,False,False,SYNTHETIC
EV000042700,P0000427,payment.attempted,2026-01-01T18:46:10.423977,2026-01-01T18:46:10.832827,0,False,False,SYNTHETIC
EV000042701,P0000427,payment.authorized,2026-01-01T18:46:15.534315,2026-01-01T18:46:16.015474,1,False,False,SYNTHETIC
EV000042702,P0000427,payment.captured,2026-01-01T18:46:17.515605,2026-01-01T18:46:18.891190,2,False,False,SYNTHETIC
EV000042800,P0000428,payment.attempted,2026-01-01T16:24:38.021736,2026-01-01T16:24:39.205469,0,False,False,SYNTHETIC
EV000042801,P0000428,payment.authorized,2026-01-01T16:24:41.745408,2026-01-01T16:24:42.412091,1,False,False,SYNTHETIC
EV000042802,P0000428,payment.captured,2026-01-01T16:24:45.649447,2026-01-01T16:24:46.762449,2,False,False,SYNTHETIC
EV000042900,P0000429,payment.attempted,2026-01-01T10:38:56.320026,2026-01-01T10:38:58.107375,0,False,False,SYNTHETIC
EV000042901,P0000429,payment.authorized,2026-01-01T10:38:58.318193,2026-01-01T10:38:59.343077,1,False,False,SYNTHETIC
EV000042902,P0000429,payment.captured,2026-01-01T10:39:02.047184,2026-01-01T10:39:02.901946,2,False,False,SYNTHETIC
EV000042902D,P0000429,payment.captured,2026-01-01T10:39:02.047184,2026-01-01T10:39:03.467654,2,True,False,SYNTHETIC
EV000043000,P0000430,payment.attempted,2026-01-01T20:28:38.366540,2026-01-01T20:28:40.184990,0,False,False,SYNTHETIC
EV000043001,P0000430,payment.authorized,2026-01-01T20:28:40.826427,2026-01-01T20:28:41.501084,1,False,False,SYNTHETIC
EV000043002,P0000430,payment.captured,2026-01-01T20:28:45.710154,2026-01-01T20:28:46.675156,2,False,False,SYNTHETIC
EV000043100,P0000431,payment.attempted,2026-01-01T21:02:22.361158,2026-01-01T21:02:23.088440,0,False,False,SYNTHETIC
EV000043101,P0000431,payment.authorized,2026-01-01T21:02:25.261552,2026-01-01T21:02:26.307518,1,False,False,SYNTHETIC
EV000043102,P0000431,payment.captured,2026-01-01T21:02:27.009184,2026-01-01T21:02:28.180009,2,False,False,SYNTHETIC
EV000043200,P0000432,payment.attempted,2026-01-01T09:01:26.677949,2026-01-01T09:01:27.496241,0,False,False,SYNTHETIC
EV000043201,P0000432,payment.authorized,2026-01-01T09:01:31.291469,2026-01-01T09:01:32.158860,1,False,False,SYNTHETIC
EV000043202,P0000432,payment.captured,2026-01-01T09:01:33.136674,2026-01-01T09:01:33.839666,2,False,False,SYNTHETIC
EV000043300,P0000433,payment.attempted,2026-01-01T10:19:01.788167,2026-01-01T10:19:04.031803,0,False,False,SYNTHETIC
EV000043301,P0000433,payment.authorized,2026-01-01T10:19:05.780683,2026-01-01T10:19:07.211100,1,False,False,SYNTHETIC
EV000043302,P0000433,payment.captured,2026-01-01T10:19:07.577098,2026-01-01T10:19:08.667478,2,False,False,SYNTHETIC
EV000043400,P0000434,payment.attempted,2026-01-01T12:03:19.384508,2026-01-01T12:03:20.470981,0,False,False,SYNTHETIC
EV000043401,P0000434,payment.authorized,2026-01-01T12:03:20.671417,2026-01-01T12:03:23.789838,1,False,False,SYNTHETIC
EV000043402,P0000434,payment.captured,2026-01-01T12:03:24.084322,2026-01-01T12:03:26.400063,2,False,False,SYNTHETIC
EV000043402D,P0000434,payment.captured,2026-01-01T12:03:24.084322,2026-01-01T12:03:26.938616,2,True,False,SYNTHETIC
EV000043500,P0000435,payment.attempted,2026-01-01T13:44:54.618390,2026-01-01T13:44:55.785197,0,False,False,SYNTHETIC
EV000043501,P0000435,payment.authorized,2026-01-01T13:44:58.644970,2026-01-01T13:44:59.238692,1,False,False,SYNTHETIC
EV000043501D,P0000435,payment.authorized,2026-01-01T13:44:58.644970,2026-01-01T13:44:59.690946,1,True,False,SYNTHETIC
EV000043502,P0000435,payment.captured,2026-01-01T13:45:01.269786,2026-01-01T13:45:02.004863,2,False,False,SYNTHETIC
EV000043600,P0000436,payment.attempted,2026-01-01T09:34:37.493038,2026-01-01T09:34:39.196928,0,False,False,SYNTHETIC
EV000043601,P0000436,payment.authorized,2026-01-01T09:34:40.299128,2026-01-01T09:34:40.967239,1,False,False,SYNTHETIC
EV000043602,P0000436,payment.captured,2026-01-01T09:34:41.692518,2026-01-01T09:34:45.222674,2,False,False,SYNTHETIC
EV000043700,P0000437,payment.attempted,2026-01-01T22:25:52.795620,2026-01-01T22:25:54.590235,0,False,False,SYNTHETIC
EV000043701,P0000437,payment.authorized,2026-01-01T22:25:55.000687,2026-01-01T22:25:55.219608,1,False,False,SYNTHETIC
EV000043702,P0000437,payment.captured,2026-01-01T22:25:58.175776,2026-01-01T22:26:00.198373,2,False,False,SYNTHETIC
EV000043800,P0000438,payment.attempted,2026-01-01T10:28:35.185777,2026-01-01T10:28:35.483536,0,False,False,SYNTHETIC
EV000043801,P0000438,payment.authorized,2026-01-01T10:28:36.628661,2026-01-01T10:28:37.971397,1,False,False,SYNTHETIC
EV000043802,P0000438,payment.captured,2026-01-01T10:28:39.295610,2026-01-01T10:28:40.595601,2,False,False,SYNTHETIC
EV000043900,P0000439,payment.attempted,2026-01-01T10:59:41.747012,2026-01-01T10:59:45.168522,0,False,False,SYNTHETIC
EV000043900D,P0000439,payment.attempted,2026-01-01T10:59:41.747012,2026-01-01T10:59:45.816859,0,True,False,SYNTHETIC
EV000043901,P0000439,payment.authorized,2026-01-01T10:59:44.776042,2026-01-01T10:59:45.223336,1,False,False,SYNTHETIC
EV000043902,P0000439,payment.captured,2026-01-01T10:59:49.528644,2026-01-01T10:59:52.548743,2,False,False,SYNTHETIC
EV000044000,P0000440,payment.attempted,2026-01-01T02:46:47.545627,2026-01-01T02:46:48.088035,0,False,False,SYNTHETIC
EV000044001,P0000440,payment.authorized,2026-01-01T02:46:49.515035,2026-01-01T02:46:50.787464,1,False,False,SYNTHETIC
EV000044002,P0000440,payment.captured,2026-01-01T02:46:52.051373,2026-01-01T02:46:55.230420,2,False,False,SYNTHETIC
EV000044100,P0000441,payment.attempted,2026-01-01T03:28:26.899660,2026-01-01T03:28:27.511115,0,False,False,SYNTHETIC
EV000044101,P0000441,payment.authorized,2026-01-01T03:28:31.413228,2026-01-01T03:28:32.014811,1,False,False,SYNTHETIC
EV000044102,P0000441,payment.captured,2026-01-01T03:28:32.449233,2026-01-01T03:28:33.281729,2,False,False,SYNTHETIC
EV000044200,P0000442,payment.attempted,2026-01-01T12:04:11.335774,2026-01-01T12:04:11.724759,0,False,False,SYNTHETIC
EV000044201,P0000442,payment.authorized,2026-01-01T12:04:16.437032,2026-01-01T12:04:16.723212,1,False,False,SYNTHETIC
EV000044202,P0000442,payment.captured,2026-01-01T12:04:19.189656,2026-01-01T12:04:19.875519,2,False,False,SYNTHETIC
EV000044202D,P0000442,payment.captured,2026-01-01T12:04:19.189656,2026-01-01T12:04:20.422995,2,True,False,SYNTHETIC
EV000044300,P0000443,payment.attempted,2026-01-01T18:30:43.447509,2026-01-01T18:30:44.164328,0,False,False,SYNTHETIC
EV000044301,P0000443,payment.authorized,2026-01-01T18:30:44.635913,2026-01-01T18:30:45.671963,1,False,False,SYNTHETIC
EV000044302,P0000443,payment.captured,2026-01-01T18:30:47.029073,2026-01-01T18:30:50.481459,2,False,False,SYNTHETIC
EV000044400,P0000444,payment.attempted,2026-01-01T13:31:00.815394,2026-01-01T13:31:01.912286,0,False,False,SYNTHETIC
EV000044401,P0000444,payment.authorized,2026-01-01T13:31:02.698142,2026-01-01T13:31:05.170052,1,False,False,SYNTHETIC
EV000044402,P0000444,payment.captured,2026-01-01T13:31:06.385043,2026-01-01T13:31:06.868774,2,False,False,SYNTHETIC
EV000044500,P0000445,payment.attempted,2026-01-01T21:01:35.032897,2026-01-01T21:01:35.434502,0,False,False,SYNTHETIC
EV000044501,P0000445,payment.authorized,2026-01-01T21:01:40.792823,2026-01-01T21:01:43.842806,1,False,True,SYNTHETIC
EV000044502,P0000445,payment.captured,2026-01-01T21:01:43.577419,2026-01-01T21:01:42.071715,2,False,True,SYNTHETIC
EV000044600,P0000446,payment.attempted,2026-01-01T06:01:39.358053,2026-01-01T06:01:39.810081,0,False,False,SYNTHETIC
EV000044601,P0000446,payment.authorized,2026-01-01T06:01:44.486199,2026-01-01T06:01:45.279529,1,False,False,SYNTHETIC
EV000044602,P0000446,payment.captured,2026-01-01T06:01:49.188410,2026-01-01T06:01:50.112959,2,False,False,SYNTHETIC
EV000044700,P0000447,payment.attempted,2026-01-01T02:47:12.978943,2026-01-01T02:47:13.531287,0,False,False,SYNTHETIC
EV000044701,P0000447,payment.authorized,2026-01-01T02:47:14.619948,2026-01-01T02:47:15.939791,1,False,False,SYNTHETIC
EV000044702,P0000447,payment.captured,2026-01-01T02:47:16.037003,2026-01-01T02:47:17.013761,2,False,False,SYNTHETIC
EV000044800,P0000448,payment.attempted,2026-01-01T09:41:40.625474,2026-01-01T09:41:41.738896,0,False,False,SYNTHETIC
EV000044801,P0000448,payment.authorized,2026-01-01T09:41:43.672835,2026-01-01T09:41:44.139085,1,False,False,SYNTHETIC
EV000044802,P0000448,payment.captured,2026-01-01T09:41:46.739723,2026-01-01T09:41:48.415509,2,False,False,SYNTHETIC
EV000044900,P0000449,payment.attempted,2026-01-01T05:14:52.464764,2026-01-01T05:14:53.189396,0,False,False,SYNTHETIC
EV000044901,P0000449,payment.authorized,2026-01-01T05:14:54.359440,2026-01-01T05:14:55.194295,1,False,False,SYNTHETIC
EV000044902,P0000449,payment.captured,2026-01-01T05:14:55.609135,2026-01-01T05:14:56.156966,2,False,False,SYNTHETIC
EV000045000,P0000450,payment.attempted,2026-01-01T14:33:27.822818,2026-01-01T14:33:28.374596,0,False,False,SYNTHETIC
EV000045001,P0000450,payment.authorized,2026-01-01T14:33:29.162531,2026-01-01T14:33:29.571060,1,False,False,SYNTHETIC
EV000045002,P0000450,payment.captured,2026-01-01T14:33:30.632474,2026-01-01T14:33:31.854179,2,False,False,SYNTHETIC
EV000045100,P0000451,payment.attempted,2026-01-01T21:24:54.580360,2026-01-01T21:24:54.977757,0,False,False,SYNTHETIC
EV000045100D,P0000451,payment.attempted,2026-01-01T21:24:54.580360,2026-01-01T21:24:55.754003,0,True,False,SYNTHETIC
EV000045101,P0000451,payment.authorized,2026-01-01T21:24:59.400889,2026-01-01T21:25:00.178266,1,False,False,SYNTHETIC
EV000045101D,P0000451,payment.authorized,2026-01-01T21:24:59.400889,2026-01-01T21:25:00.662099,1,True,False,SYNTHETIC
EV000045102,P0000451,payment.captured,2026-01-01T21:25:02.622407,2026-01-01T21:25:03.391016,2,False,False,SYNTHETIC
EV000045200,P0000452,payment.attempted,2026-01-01T07:06:32.264278,2026-01-01T07:06:35.295918,0,False,False,SYNTHETIC
EV000045201,P0000452,payment.authorized,2026-01-01T07:06:33.312064,2026-01-01T07:06:35.952630,1,False,False,SYNTHETIC
EV000045202,P0000452,payment.captured,2026-01-01T07:06:34.640465,2026-01-01T07:06:36.789961,2,False,False,SYNTHETIC
EV000045300,P0000453,payment.attempted,2026-01-01T08:24:39.402139,2026-01-01T08:24:39.903679,0,False,False,SYNTHETIC
EV000045301,P0000453,payment.authorized,2026-01-01T08:24:43.339298,2026-01-01T08:24:44.776513,1,False,False,SYNTHETIC
EV000045302,P0000453,payment.captured,2026-01-01T08:24:47.061025,2026-01-01T08:24:50.256178,2,False,False,SYNTHETIC
EV000045400,P0000454,payment.attempted,2026-01-01T11:42:41.475588,2026-01-01T11:42:42.865020,0,False,False,SYNTHETIC
EV000045401,P0000454,payment.authorized,2026-01-01T11:42:44.747166,2026-01-01T11:42:46.099436,1,False,False,SYNTHETIC
EV000045402,P0000454,payment.captured,2026-01-01T11:42:47.964677,2026-01-01T11:42:49.515958,2,False,False,SYNTHETIC
EV000045402D,P0000454,payment.captured,2026-01-01T11:42:47.964677,2026-01-01T11:42:49.955003,2,True,False,SYNTHETIC
EV000045500,P0000455,payment.attempted,2026-01-01T07:26:40.916630,2026-01-01T07:26:42.631579,0,False,False,SYNTHETIC
EV000045501,P0000455,payment.authorized,2026-01-01T07:26:43.044706,2026-01-01T07:26:43.573712,1,False,False,SYNTHETIC
EV000045502,P0000455,payment.captured,2026-01-01T07:26:45.810618,2026-01-01T07:26:46.996234,2,False,False,SYNTHETIC
EV000045600,P0000456,payment.attempted,2026-01-01T20:48:16.725625,2026-01-01T20:48:17.795417,0,False,False,SYNTHETIC
EV000045601,P0000456,payment.authorized,2026-01-01T20:48:19.204552,2026-01-01T20:48:19.954762,1,False,False,SYNTHETIC
EV000045602,P0000456,payment.captured,2026-01-01T20:48:23.307179,2026-01-01T20:48:23.609132,2,False,False,SYNTHETIC
EV000045700,P0000457,payment.attempted,2026-01-01T08:07:21.948766,2026-01-01T08:07:23.587438,0,False,False,SYNTHETIC
EV000045701,P0000457,payment.authorized,2026-01-01T08:07:24.638598,2026-01-01T08:07:25.302898,1,False,False,SYNTHETIC
EV000045701D,P0000457,payment.authorized,2026-01-01T08:07:24.638598,2026-01-01T08:07:25.677341,1,True,False,SYNTHETIC
EV000045702,P0000457,payment.captured,2026-01-01T08:07:27.132721,2026-01-01T08:07:27.645226,2,False,False,SYNTHETIC
EV000045800,P0000458,payment.attempted,2026-01-01T19:25:00.254715,2026-01-01T19:25:01.020127,0,False,False,SYNTHETIC
EV000045801,P0000458,payment.authorized,2026-01-01T19:25:03.186825,2026-01-01T19:25:03.756019,1,False,False,SYNTHETIC
EV000045802,P0000458,payment.captured,2026-01-01T19:25:05.523554,2026-01-01T19:25:05.912759,2,False,False,SYNTHETIC
EV000045900,P0000459,payment.attempted,2026-01-01T22:38:18.781771,2026-01-01T22:38:20.051691,0,False,False,SYNTHETIC
EV000045901,P0000459,payment.authorized,2026-01-01T22:38:21.502309,2026-01-01T22:38:22.392606,1,False,False,SYNTHETIC
EV000045902,P0000459,payment.captured,2026-01-01T22:38:23.307309,2026-01-01T22:38:24.571797,2,False,False,SYNTHETIC
EV000046000,P0000460,payment.attempted,2026-01-01T10:18:20.774958,2026-01-01T10:18:22.500842,0,False,False,SYNTHETIC
EV000046001,P0000460,payment.authorized,2026-01-01T10:18:23.108120,2026-01-01T10:18:24.628619,1,False,False,SYNTHETIC
EV000046001D,P0000460,payment.authorized,2026-01-01T10:18:23.108120,2026-01-01T10:18:25.377316,1,True,False,SYNTHETIC
EV000046002,P0000460,payment.captured,2026-01-01T10:18:25.484418,2026-01-01T10:18:27.625074,2,False,False,SYNTHETIC
EV000046100,P0000461,payment.attempted,2026-01-01T23:49:20.464382,2026-01-01T23:49:20.760577,0,False,False,SYNTHETIC
EV000046101,P0000461,payment.authorized,2026-01-01T23:49:22.634396,2026-01-01T23:49:22.753983,1,False,False,SYNTHETIC
EV000046101D,P0000461,payment.authorized,2026-01-01T23:49:22.634396,2026-01-01T23:49:23.070242,1,True,False,SYNTHETIC
EV000046102,P0000461,payment.captured,2026-01-01T23:49:24.059185,2026-01-01T23:49:25.344000,2,False,False,SYNTHETIC
EV000046200,P0000462,payment.attempted,2026-01-01T14:39:41.057610,2026-01-01T14:39:41.838038,0,False,False,SYNTHETIC
EV000046201,P0000462,payment.authorized,2026-01-01T14:39:45.039746,2026-01-01T14:39:45.514352,1,False,False,SYNTHETIC
EV000046202,P0000462,payment.captured,2026-01-01T14:39:47.010393,2026-01-01T14:39:49.838494,2,False,False,SYNTHETIC
EV000046300,P0000463,payment.attempted,2026-01-01T10:59:52.187048,2026-01-01T10:59:53.751691,0,False,False,SYNTHETIC
EV000046301,P0000463,payment.authorized,2026-01-01T10:59:55.005687,2026-01-01T10:59:55.967922,1,False,False,SYNTHETIC
EV000046302,P0000463,payment.failed,2026-01-01T11:00:04.630416,2026-01-01T11:00:06.206835,2,False,False,SYNTHETIC
EV000046303,P0000463,payment.captured,2026-01-01T11:02:24.652385,2026-01-01T11:02:25.487495,3,False,False,SYNTHETIC
EV000046400,P0000464,payment.attempted,2026-01-01T22:13:23.140838,2026-01-01T22:13:25.087611,0,False,False,SYNTHETIC
EV000046401,P0000464,payment.authorized,2026-01-01T22:13:28.901118,2026-01-01T22:13:29.562061,1,False,False,SYNTHETIC
EV000046401D,P0000464,payment.authorized,2026-01-01T22:13:28.901118,2026-01-01T22:13:30.253645,1,True,False,SYNTHETIC
EV000046402,P0000464,payment.captured,2026-01-01T22:13:31.865187,2026-01-01T22:13:34.746474,2,False,False,SYNTHETIC
EV000046500,P0000465,payment.attempted,2026-01-01T22:51:44.160351,2026-01-01T22:51:44.871945,0,False,False,SYNTHETIC
EV000046501,P0000465,payment.authorized,2026-01-01T22:51:49.892900,2026-01-01T22:51:51.161670,1,False,False,SYNTHETIC
EV000046502,P0000465,payment.captured,2026-01-01T22:51:52.817756,2026-01-01T22:51:58.064804,2,False,False,SYNTHETIC
EV000046600,P0000466,payment.attempted,2026-01-01T23:47:41.258484,2026-01-01T23:47:41.454534,0,False,False,SYNTHETIC
EV000046601,P0000466,payment.authorized,2026-01-01T23:47:44.873334,2026-01-01T23:47:45.545207,1,False,False,SYNTHETIC
EV000046602,P0000466,payment.captured,2026-01-01T23:47:48.552209,2026-01-01T23:47:48.990129,2,False,False,SYNTHETIC
EV000046700,P0000467,payment.attempted,2026-01-01T09:29:08.455672,2026-01-01T09:29:09.228667,0,False,False,SYNTHETIC
EV000046701,P0000467,payment.authorized,2026-01-01T09:29:10.565693,2026-01-01T09:29:12.768883,1,False,False,SYNTHETIC
EV000046702,P0000467,payment.captured,2026-01-01T09:29:14.307761,2026-01-01T09:30:13.028323,2,False,False,SYNTHETIC
EV000046800,P0000468,payment.attempted,2026-01-01T06:22:24.867107,2026-01-01T06:22:25.645046,0,False,False,SYNTHETIC
EV000046801,P0000468,payment.authorized,2026-01-01T06:22:27.318990,2026-01-01T06:23:18.415464,1,False,False,SYNTHETIC
EV000046802,P0000468,payment.failed,2026-01-01T06:22:31.022324,2026-01-01T06:22:31.747381,2,False,False,SYNTHETIC
EV000046803,P0000468,payment.captured,2026-01-01T06:23:48.267760,2026-01-01T06:23:48.554122,3,False,False,SYNTHETIC
EV000046900,P0000469,payment.attempted,2026-01-01T04:21:32.053659,2026-01-01T04:21:33.412956,0,False,False,SYNTHETIC
EV000046901,P0000469,payment.authorized,2026-01-01T04:21:35.689969,2026-01-01T04:21:36.697243,1,False,False,SYNTHETIC
EV000046902,P0000469,payment.captured,2026-01-01T04:21:39.288336,2026-01-01T04:21:39.790068,2,False,False,SYNTHETIC
EV000047000,P0000470,payment.attempted,2026-01-01T19:55:20.894701,2026-01-01T19:55:21.664349,0,False,False,SYNTHETIC
EV000047001,P0000470,payment.authorized,2026-01-01T19:55:23.027101,2026-01-01T19:55:23.779943,1,False,False,SYNTHETIC
EV000047002,P0000470,payment.captured,2026-01-01T19:55:27.562292,2026-01-01T19:55:28.189328,2,False,False,SYNTHETIC
EV000047100,P0000471,payment.attempted,2026-01-01T02:02:57.995643,2026-01-01T02:03:03.736056,0,False,True,SYNTHETIC
EV000047101,P0000471,payment.authorized,2026-01-01T02:03:00.638082,2026-01-01T02:02:59.283685,1,False,True,SYNTHETIC
EV000047102,P0000471,payment.captured,2026-01-01T02:03:03.631794,2026-01-01T02:03:05.921001,2,False,False,SYNTHETIC
EV000047200,P0000472,payment.attempted,2026-01-01T08:54:09.893874,2026-01-01T08:54:10.233187,0,False,False,SYNTHETIC
EV000047201,P0000472,payment.authorized,2026-01-01T08:54:11.556212,2026-01-01T08:54:12.610315,1,False,False,SYNTHETIC
EV000047202,P0000472,payment.captured,2026-01-01T08:54:14.081583,2026-01-01T08:54:17.683245,2,False,False,SYNTHETIC
EV000047300,P0000473,payment.attempted,2026-01-01T21:07:17.445007,2026-01-01T21:07:18.011773,0,False,False,SYNTHETIC
EV000047301,P0000473,payment.authorized,2026-01-01T21:07:19.255685,2026-01-01T21:07:19.684917,1,False,False,SYNTHETIC
EV000047302,P0000473,payment.captured,2026-01-01T21:07:23.665265,2026-01-01T21:07:24.931153,2,False,False,SYNTHETIC
EV000047400,P0000474,payment.attempted,2026-01-01T00:19:25.203230,2026-01-01T00:19:25.806448,0,False,False,SYNTHETIC
EV000047401,P0000474,payment.authorized,2026-01-01T00:19:28.244448,2026-01-01T00:19:28.846434,1,False,False,SYNTHETIC
EV000047402,P0000474,payment.captured,2026-01-01T00:19:30.354762,2026-01-01T00:19:30.648320,2,False,False,SYNTHETIC
EV000047500,P0000475,payment.attempted,2026-01-01T06:40:11.364084,2026-01-01T06:40:31.037220,0,False,False,SYNTHETIC
EV000047500D,P0000475,payment.attempted,2026-01-01T06:40:11.364084,2026-01-01T06:40:32.215468,0,True,False,SYNTHETIC
EV000047501,P0000475,payment.authorized,2026-01-01T06:40:16.643581,2026-01-01T06:40:17.760009,1,False,False,SYNTHETIC
EV000047502,P0000475,payment.captured,2026-01-01T06:40:17.779015,2026-01-01T06:40:19.316355,2,False,False,SYNTHETIC
EV000047600,P0000476,payment.attempted,2026-01-01T10:23:43.860428,2026-01-01T10:23:44.396503,0,False,False,SYNTHETIC
EV000047601,P0000476,payment.authorized,2026-01-01T10:23:45.066432,2026-01-01T10:23:46.420425,1,False,False,SYNTHETIC
EV000047602,P0000476,payment.captured,2026-01-01T10:23:47.675361,2026-01-01T10:23:49.428300,2,False,False,SYNTHETIC
EV000047602D,P0000476,payment.captured,2026-01-01T10:23:47.675361,2026-01-01T10:23:50.175138,2,True,False,SYNTHETIC
EV000047700,P0000477,payment.attempted,2026-01-01T05:01:55.719638,2026-01-01T05:01:56.617621,0,False,False,SYNTHETIC
EV000047701,P0000477,payment.authorized,2026-01-01T05:01:59.289719,2026-01-01T05:01:59.673873,1,False,False,SYNTHETIC
EV000047702,P0000477,payment.captured,2026-01-01T05:02:02.798341,2026-01-01T05:02:03.529819,2,False,False,SYNTHETIC
EV000047800,P0000478,payment.attempted,2026-01-01T17:24:15.172361,2026-01-01T17:24:15.612151,0,False,False,SYNTHETIC
EV000047801,P0000478,payment.authorized,2026-01-01T17:24:20.356293,2026-01-01T17:24:20.736909,1,False,False,SYNTHETIC
EV000047802,P0000478,payment.captured,2026-01-01T17:24:23.095271,2026-01-01T17:24:26.348332,2,False,False,SYNTHETIC
EV000047900,P0000479,payment.attempted,2026-01-01T06:49:32.117415,2026-01-01T06:49:32.505619,0,False,False,SYNTHETIC
EV000047901,P0000479,payment.authorized,2026-01-01T06:49:37.251026,2026-01-01T06:49:38.141626,1,False,False,SYNTHETIC
EV000047901D,P0000479,payment.authorized,2026-01-01T06:49:37.251026,2026-01-01T06:49:38.434228,1,True,False,SYNTHETIC
EV000047902,P0000479,payment.captured,2026-01-01T06:49:40.652145,2026-01-01T06:49:41.006842,2,False,False,SYNTHETIC
EV000048000,P0000480,payment.attempted,2026-01-01T06:11:48.322253,2026-01-01T06:11:49.881739,0,False,False,SYNTHETIC
EV000048001,P0000480,payment.authorized,2026-01-01T06:11:53.877424,2026-01-01T06:11:54.870863,1,False,False,SYNTHETIC
EV000048002,P0000480,payment.captured,2026-01-01T06:11:54.955100,2026-01-01T06:11:58.923446,2,False,False,SYNTHETIC
EV000048100,P0000481,payment.attempted,2026-01-01T16:47:19.410247,2026-01-01T16:47:21.493934,0,False,False,SYNTHETIC
EV000048101,P0000481,payment.authorized,2026-01-01T16:47:21.810704,2026-01-01T16:47:26.482907,1,False,True,SYNTHETIC
EV000048102,P0000481,payment.captured,2026-01-01T16:47:25.397709,2026-01-01T16:47:22.289461,2,False,True,SYNTHETIC
EV000048200,P0000482,payment.attempted,2026-01-01T19:07:35.681946,2026-01-01T19:07:36.416792,0,False,False,SYNTHETIC
EV000048201,P0000482,payment.authorized,2026-01-01T19:07:39.301577,2026-01-01T19:07:40.686982,1,False,False,SYNTHETIC
EV000048202,P0000482,payment.captured,2026-01-01T19:07:42.521109,2026-01-01T19:07:43.513811,2,False,False,SYNTHETIC
EV000048300,P0000483,payment.attempted,2026-01-01T06:57:53.191391,2026-01-01T06:57:54.759135,0,False,False,SYNTHETIC
EV000048301,P0000483,payment.authorized,2026-01-01T06:57:54.443166,2026-01-01T06:57:55.963744,1,False,False,SYNTHETIC
EV000048302,P0000483,payment.captured,2026-01-01T06:57:57.854247,2026-01-01T06:57:58.576349,2,False,False,SYNTHETIC
EV000048400,P0000484,payment.attempted,2026-01-01T03:35:08.876094,2026-01-01T03:35:19.644706,0,False,True,SYNTHETIC
EV000048401,P0000484,payment.authorized,2026-01-01T03:35:14.747379,2026-01-01T03:35:16.085515,1,False,False,SYNTHETIC
EV000048402,P0000484,payment.captured,2026-01-01T03:35:18.744561,2026-01-01T03:35:09.328587,2,False,True,SYNTHETIC
EV000048500,P0000485,payment.attempted,2026-01-01T22:52:29.381529,2026-01-01T22:52:30.382859,0,False,False,SYNTHETIC
EV000048501,P0000485,payment.authorized,2026-01-01T22:52:33.924366,2026-01-01T22:52:34.520904,1,False,False,SYNTHETIC
EV000048502,P0000485,payment.captured,2026-01-01T22:52:34.990900,2026-01-01T22:52:35.368623,2,False,False,SYNTHETIC
EV000048600,P0000486,payment.attempted,2026-01-01T12:14:12.484416,2026-01-01T12:14:13.144030,0,False,False,SYNTHETIC
EV000048601,P0000486,payment.authorized,2026-01-01T12:14:16.821251,2026-01-01T12:14:17.564897,1,False,False,SYNTHETIC
EV000048602,P0000486,payment.captured,2026-01-01T12:14:19.456397,2026-01-01T12:14:20.492176,2,False,False,SYNTHETIC
EV000048700,P0000487,payment.attempted,2026-01-01T05:23:22.690845,2026-01-01T05:23:23.678346,0,False,False,SYNTHETIC
EV000048701,P0000487,payment.authorized,2026-01-01T05:23:24.615170,2026-01-01T05:23:25.251951,1,False,False,SYNTHETIC
EV000048701D,P0000487,payment.authorized,2026-01-01T05:23:24.615170,2026-01-01T05:23:25.635538,1,True,False,SYNTHETIC
EV000048702,P0000487,payment.captured,2026-01-01T05:23:27.022643,2026-01-01T05:23:27.223414,2,False,False,SYNTHETIC
EV000048800,P0000488,payment.attempted,2026-01-01T03:08:34.849358,2026-01-01T03:08:40.178243,0,False,False,SYNTHETIC
EV000048801,P0000488,payment.authorized,2026-01-01T03:08:40.601467,2026-01-01T03:09:35.916252,1,False,False,SYNTHETIC
EV000048802,P0000488,payment.captured,2026-01-01T03:08:44.579220,2026-01-01T03:08:45.246190,2,False,False,SYNTHETIC
EV000048900,P0000489,payment.attempted,2026-01-01T23:31:28.915638,2026-01-01T23:31:31.805261,0,False,False,SYNTHETIC
EV000048901,P0000489,payment.authorized,2026-01-01T23:31:31.568155,2026-01-01T23:31:32.110278,1,False,False,SYNTHETIC
EV000048902,P0000489,payment.captured,2026-01-01T23:31:35.929474,2026-01-01T23:31:38.211386,2,False,False,SYNTHETIC
EV000048902D,P0000489,payment.captured,2026-01-01T23:31:35.929474,2026-01-01T23:31:39.005249,2,True,False,SYNTHETIC
EV000049000,P0000490,payment.attempted,2026-01-01T06:58:18.786523,2026-01-01T06:58:19.278820,0,False,False,SYNTHETIC
EV000049001,P0000490,payment.authorized,2026-01-01T06:58:24.553886,2026-01-01T06:58:24.981071,1,False,False,SYNTHETIC
EV000049002,P0000490,payment.captured,2026-01-01T06:58:27.288578,2026-01-01T06:58:27.817944,2,False,False,SYNTHETIC
EV000049100,P0000491,payment.attempted,2026-01-01T22:23:00.096340,2026-01-01T22:23:00.303005,0,False,False,SYNTHETIC
EV000049101,P0000491,payment.authorized,2026-01-01T22:23:04.843809,2026-01-01T22:23:05.386026,1,False,False,SYNTHETIC
EV000049102,P0000491,payment.captured,2026-01-01T22:23:07.296955,2026-01-01T22:23:07.437570,2,False,False,SYNTHETIC
EV000049200,P0000492,payment.attempted,2026-01-01T07:13:57.611229,2026-01-01T07:13:59.840168,0,False,True,SYNTHETIC
EV000049201,P0000492,payment.authorized,2026-01-01T07:13:59.465646,2026-01-01T07:13:58.146604,1,False,True,SYNTHETIC
EV000049202,P0000492,payment.captured,2026-01-01T07:14:04.257189,2026-01-01T07:14:05.181950,2,False,False,SYNTHETIC
EV000049300,P0000493,payment.attempted,2026-01-01T05:24:08.996415,2026-01-01T05:24:09.950346,0,False,False,SYNTHETIC
EV000049301,P0000493,payment.authorized,2026-01-01T05:24:13.557587,2026-01-01T05:24:14.930515,1,False,False,SYNTHETIC
EV000049302,P0000493,payment.captured,2026-01-01T05:24:15.894879,2026-01-01T05:24:16.814383,2,False,False,SYNTHETIC
EV000049400,P0000494,payment.attempted,2026-01-01T03:35:30.166920,2026-01-01T03:35:32.073024,0,False,False,SYNTHETIC
EV000049401,P0000494,payment.authorized,2026-01-01T03:35:31.244542,2026-01-01T03:35:35.257689,1,False,False,SYNTHETIC
EV000049402,P0000494,payment.captured,2026-01-01T03:35:32.655561,2026-01-01T03:35:33.675849,2,False,False,SYNTHETIC
EV000049500,P0000495,payment.attempted,2026-01-01T08:35:31.090323,2026-01-01T08:35:33.327052,0,False,False,SYNTHETIC
EV000049501,P0000495,payment.authorized,2026-01-01T08:35:35.290295,2026-01-01T08:35:36.197638,1,False,False,SYNTHETIC
EV000049502,P0000495,payment.captured,2026-01-01T08:35:36.949755,2026-01-01T08:35:39.290657,2,False,False,SYNTHETIC
EV000049600,P0000496,payment.attempted,2026-01-01T23:46:22.724843,2026-01-01T23:46:23.230193,0,False,False,SYNTHETIC
EV000049601,P0000496,payment.authorized,2026-01-01T23:46:26.953962,2026-01-01T23:46:27.809239,1,False,False,SYNTHETIC
EV000049602,P0000496,payment.captured,2026-01-01T23:46:27.968018,2026-01-01T23:46:28.342122,2,False,False,SYNTHETIC
EV000049700,P0000497,payment.attempted,2026-01-01T19:13:59.660220,2026-01-01T19:14:00.969323,0,False,False,SYNTHETIC
EV000049701,P0000497,payment.authorized,2026-01-01T19:14:01.569992,2026-01-01T19:14:01.867143,1,False,False,SYNTHETIC
EV000049701D,P0000497,payment.authorized,2026-01-01T19:14:01.569992,2026-01-01T19:14:02.181039,1,True,False,SYNTHETIC
EV000049702,P0000497,payment.captured,2026-01-01T19:14:05.355639,2026-01-01T19:14:06.257399,2,False,False,SYNTHETIC
EV000049800,P0000498,payment.attempted,2026-01-01T15:38:37.142936,2026-01-01T15:38:37.565131,0,False,False,SYNTHETIC
EV000049801,P0000498,payment.authorized,2026-01-01T15:38:42.506997,2026-01-01T15:38:44.412243,1,False,False,SYNTHETIC
EV000049802,P0000498,payment.captured,2026-01-01T15:38:44.656228,2026-01-01T15:38:44.922391,2,False,False,SYNTHETIC
EV000049900,P0000499,payment.attempted,2026-01-01T14:55:40.925896,2026-01-01T14:55:41.920049,0,False,False,SYNTHETIC
EV000049901,P0000499,payment.authorized,2026-01-01T14:55:46.487800,2026-01-01T14:55:48.029123,1,False,False,SYNTHETIC
EV000049902,P0000499,payment.captured,2026-01-01T14:55:50.509987,2026-01-01T14:55:52.089110,2,False,False,SYNTHETIC
EV000050000,P0000500,payment.attempted,2026-01-01T02:53:03.737109,2026-01-01T02:53:04.354042,0,False,False,SYNTHETIC
EV000050001,P0000500,payment.authorized,2026-01-01T02:53:05.908020,2026-01-01T02:53:07.226403,1,False,False,SYNTHETIC
EV000050002,P0000500,payment.captured,2026-01-01T02:53:08.515829,2026-01-01T02:53:09.673730,2,False,False,SYNTHETIC
EV000050100,P0000501,payment.attempted,2026-01-01T02:19:16.049713,2026-01-01T02:19:17.024634,0,False,False,SYNTHETIC
EV000050100D,P0000501,payment.attempted,2026-01-01T02:19:16.049713,2026-01-01T02:19:25.973210,0,True,False,SYNTHETIC
EV000050101,P0000501,payment.authorized,2026-01-01T02:19:19.433395,2026-01-01T02:19:21.150420,1,False,False,SYNTHETIC
EV000050101D,P0000501,payment.authorized,2026-01-01T02:19:19.433395,2026-01-01T02:19:21.945843,1,True,False,SYNTHETIC
EV000050102,P0000501,payment.captured,2026-01-01T02:19:22.895099,2026-01-01T02:19:23.653592,2,False,False,SYNTHETIC
EV000050200,P0000502,payment.attempted,2026-01-01T04:40:40.654094,2026-01-01T04:40:41.914027,0,False,False,SYNTHETIC
EV000050201,P0000502,payment.authorized,2026-01-01T04:40:45.678970,2026-01-01T04:40:46.903604,1,False,False,SYNTHETIC
EV000050201D,P0000502,payment.authorized,2026-01-01T04:40:45.678970,2026-01-01T04:40:47.566882,1,True,False,SYNTHETIC
EV000050202,P0000502,payment.captured,2026-01-01T04:40:47.125407,2026-01-01T04:40:48.519442,2,False,False,SYNTHETIC
EV000050202D,P0000502,payment.captured,2026-01-01T04:40:47.125407,2026-01-01T04:40:48.913129,2,True,False,SYNTHETIC
EV000050300,P0000503,payment.attempted,2026-01-01T07:01:17.519714,2026-01-01T07:01:17.940134,0,False,False,SYNTHETIC
EV000050301,P0000503,payment.authorized,2026-01-01T07:01:19.693373,2026-01-01T07:01:20.359987,1,False,False,SYNTHETIC
EV000050302,P0000503,payment.captured,2026-01-01T07:07:03.741335,2026-01-01T07:07:03.920605,2,False,False,SYNTHETIC
EV000050400,P0000504,payment.attempted,2026-01-01T12:10:40.896948,2026-01-01T12:10:47.945694,0,False,True,SYNTHETIC
EV000050401,P0000504,payment.authorized,2026-01-01T12:10:45.516464,2026-01-01T12:10:47.550434,1,False,False,SYNTHETIC
EV000050402,P0000504,payment.captured,2026-01-01T12:10:47.136946,2026-01-01T12:10:41.392338,2,False,True,SYNTHETIC
EV000050500,P0000505,payment.attempted,2026-01-01T18:15:55.798813,2026-01-01T18:15:56.328272,0,False,False,SYNTHETIC
EV000050500D,P0000505,payment.attempted,2026-01-01T18:15:55.798813,2026-01-01T18:15:56.610341,0,True,False,SYNTHETIC
EV000050501,P0000505,payment.authorized,2026-01-01T18:16:00.654923,2026-01-01T18:16:01.228168,1,False,False,SYNTHETIC
EV000050502,P0000505,payment.captured,2026-01-01T18:16:03.806984,2026-01-01T18:16:04.442378,2,False,False,SYNTHETIC
EV000050600,P0000506,payment.attempted,2026-01-01T03:50:46.243797,2026-01-01T03:50:47.295608,0,False,False,SYNTHETIC
EV000050601,P0000506,payment.authorized,2026-01-01T03:50:47.431156,2026-01-01T03:50:48.853997,1,False,False,SYNTHETIC
EV000050602,P0000506,payment.captured,2026-01-01T03:50:49.198409,2026-01-01T03:50:50.717846,2,False,False,SYNTHETIC
EV000050700,P0000507,payment.attempted,2026-01-01T18:41:46.677029,2026-01-01T18:41:46.995763,0,False,False,SYNTHETIC
EV000050701,P0000507,payment.authorized,2026-01-01T18:41:48.041638,2026-01-01T18:41:48.602181,1,False,False,SYNTHETIC
EV000050702,P0000507,payment.captured,2026-01-01T18:41:50.208570,2026-01-01T18:41:50.503991,2,False,False,SYNTHETIC
EV000050800,P0000508,payment.attempted,2026-01-01T09:56:16.602443,2026-01-01T09:56:17.502936,0,False,False,SYNTHETIC
EV000050801,P0000508,payment.failed,2026-01-01T09:56:18.681681,2026-01-01T09:56:20.360215,1,False,False,SYNTHETIC
EV000050900,P0000509,payment.attempted,2026-01-01T13:39:50.185538,2026-01-01T13:39:50.431480,0,False,False,SYNTHETIC
EV000050901,P0000509,payment.authorized,2026-01-01T13:39:51.806543,2026-01-01T13:39:52.796308,1,False,False,SYNTHETIC
EV000050902,P0000509,payment.captured,2026-01-01T13:39:53.015420,2026-01-01T13:39:53.193501,2,False,False,SYNTHETIC
EV000051000,P0000510,payment.attempted,2026-01-01T21:44:14.124501,2026-01-01T21:44:42.848156,0,False,False,SYNTHETIC
EV000051001,P0000510,payment.authorized,2026-01-01T21:44:16.629719,2026-01-01T21:44:17.554407,1,False,False,SYNTHETIC
EV000051002,P0000510,payment.captured,2026-01-01T21:44:18.437144,2026-01-01T21:44:19.509787,2,False,False,SYNTHETIC
EV000051100,P0000511,payment.attempted,2026-01-01T15:53:12.660761,2026-01-01T15:53:13.161889,0,False,False,SYNTHETIC
EV000051101,P0000511,payment.authorized,2026-01-01T15:53:15.730216,2026-01-01T15:53:16.179112,1,False,False,SYNTHETIC
EV000051102,P0000511,payment.captured,2026-01-01T15:53:17.141914,2026-01-01T15:53:17.976955,2,False,False,SYNTHETIC
EV000051200,P0000512,payment.attempted,2026-01-01T12:19:01.441794,2026-01-01T12:19:01.888576,0,False,False,SYNTHETIC
EV000051200D,P0000512,payment.attempted,2026-01-01T12:19:01.441794,2026-01-01T12:19:02.317247,0,True,False,SYNTHETIC
EV000051201,P0000512,payment.authorized,2026-01-01T12:19:06.207353,2026-01-01T12:19:07.011486,1,False,False,SYNTHETIC
EV000051202,P0000512,payment.captured,2026-01-01T12:19:07.304437,2026-01-01T12:19:07.584289,2,False,False,SYNTHETIC
EV000051300,P0000513,payment.attempted,2026-01-01T14:49:38.881086,2026-01-01T14:49:43.970426,0,False,True,SYNTHETIC
EV000051301,P0000513,payment.authorized,2026-01-01T14:49:40.204958,2026-01-01T14:49:41.826273,1,False,False,SYNTHETIC
EV000051301D,P0000513,payment.authorized,2026-01-01T14:49:40.204958,2026-01-01T14:49:42.186946,1,True,False,SYNTHETIC
EV000051302,P0000513,payment.captured,2026-01-01T14:49:41.747270,2026-01-01T14:49:40.287909,2,False,True,SYNTHETIC
EV000051400,P0000514,payment.attempted,2026-01-01T10:17:24.592133,2026-01-01T10:17:26.523567,0,False,False,SYNTHETIC
EV000051401,P0000514,payment.authorized,2026-01-01T10:17:25.840622,2026-01-01T10:17:26.675573,1,False,False,SYNTHETIC
EV000051402,P0000514,payment.captured,2026-01-01T10:17:27.628287,2026-01-01T10:17:28.625589,2,False,False,SYNTHETIC
EV000051500,P0000515,payment.attempted,2026-01-01T14:17:40.845812,2026-01-01T14:17:41.208684,0,False,False,SYNTHETIC
EV000051501,P0000515,payment.failed,2026-01-01T14:17:42.371047,2026-01-01T14:17:42.735680,1,False,False,SYNTHETIC
EV000051600,P0000516,payment.attempted,2026-01-01T22:19:28.043865,2026-01-01T22:19:29.625437,0,False,False,SYNTHETIC
EV000051601,P0000516,payment.authorized,2026-01-01T22:19:33.734979,2026-01-01T22:19:34.531731,1,False,False,SYNTHETIC
EV000051602,P0000516,payment.failed,2026-01-01T22:19:41.793122,2026-01-01T22:19:42.317802,2,False,False,SYNTHETIC
EV000051603,P0000516,payment.captured,2026-01-01T22:21:07.706751,2026-01-01T22:21:09.906725,3,False,False,SYNTHETIC
EV000051700,P0000517,payment.attempted,2026-01-01T02:54:24.926085,2026-01-01T02:54:26.343328,0,False,False,SYNTHETIC
EV000051701,P0000517,payment.authorized,2026-01-01T02:54:28.287731,2026-01-01T02:54:29.037764,1,False,False,SYNTHETIC
EV000051702,P0000517,payment.captured,2026-01-01T02:54:31.369021,2026-01-01T02:54:32.557401,2,False,False,SYNTHETIC
EV000051800,P0000518,payment.attempted,2026-01-01T03:46:13.964473,2026-01-01T03:46:14.884608,0,False,False,SYNTHETIC
EV000051801,P0000518,payment.authorized,2026-01-01T03:46:17.355366,2026-01-01T03:46:18.012208,1,False,False,SYNTHETIC
EV000051802,P0000518,payment.captured,2026-01-01T03:46:20.239259,2026-01-01T03:46:20.877776,2,False,False,SYNTHETIC
EV000051900,P0000519,payment.attempted,2026-01-01T12:51:20.661930,2026-01-01T12:51:21.587171,0,False,False,SYNTHETIC
EV000051901,P0000519,payment.authorized,2026-01-01T12:51:21.699786,2026-01-01T12:51:22.210024,1,False,False,SYNTHETIC
EV000051902,P0000519,payment.captured,2026-01-01T12:51:26.561608,2026-01-01T12:51:27.050235,2,False,False,SYNTHETIC
EV000052000,P0000520,payment.attempted,2026-01-01T16:53:47.312522,2026-01-01T16:53:47.653440,0,False,False,SYNTHETIC
EV000052001,P0000520,payment.authorized,2026-01-01T16:53:51.076560,2026-01-01T16:53:52.095472,1,False,False,SYNTHETIC
EV000052002,P0000520,payment.failed,2026-01-01T16:53:55.486598,2026-01-01T16:53:56.211644,2,False,False,SYNTHETIC
EV000052003,P0000520,payment.captured,2026-01-01T16:58:07.183082,2026-01-01T16:58:08.261419,3,False,False,SYNTHETIC
EV000052100,P0000521,payment.attempted,2026-01-01T13:34:45.463475,2026-01-01T13:34:45.822755,0,False,False,SYNTHETIC
EV000052101,P0000521,payment.authorized,2026-01-01T13:34:49.690011,2026-01-01T13:34:51.584939,1,False,False,SYNTHETIC
EV000052102,P0000521,payment.captured,2026-01-01T13:38:53.754374,2026-01-01T13:38:54.586837,2,False,False,SYNTHETIC
EV000052200,P0000522,payment.attempted,2026-01-01T12:02:11.250620,2026-01-01T12:02:13.502234,0,False,False,SYNTHETIC
EV000052201,P0000522,payment.authorized,2026-01-01T12:02:15.136076,2026-01-01T12:02:16.951023,1,False,False,SYNTHETIC
EV000052202,P0000522,payment.captured,2026-01-01T12:02:18.142968,2026-01-01T12:02:21.725561,2,False,False,SYNTHETIC
EV000052300,P0000523,payment.attempted,2026-01-01T15:10:29.057098,2026-01-01T15:10:29.609117,0,False,False,SYNTHETIC
EV000052301,P0000523,payment.failed,2026-01-01T15:10:35.516844,2026-01-01T15:10:36.114108,1,False,False,SYNTHETIC
EV000052400,P0000524,payment.attempted,2026-01-01T03:28:27.099110,2026-01-01T03:28:28.175900,0,False,False,SYNTHETIC
EV000052401,P0000524,payment.failed,2026-01-01T03:28:28.792424,2026-01-01T03:28:29.630997,1,False,False,SYNTHETIC
EV000052500,P0000525,payment.attempted,2026-01-01T00:58:43.150080,2026-01-01T00:58:43.487688,0,False,False,SYNTHETIC
EV000052500D,P0000525,payment.attempted,2026-01-01T00:58:43.150080,2026-01-01T00:58:43.751625,0,True,False,SYNTHETIC
EV000052501,P0000525,payment.authorized,2026-01-01T00:58:45.804334,2026-01-01T00:58:46.163069,1,False,False,SYNTHETIC
EV000052502,P0000525,payment.captured,2026-01-01T00:58:49.611849,2026-01-01T00:58:50.139156,2,False,False,SYNTHETIC
EV000052600,P0000526,payment.attempted,2026-01-01T02:35:57.266486,2026-01-01T02:35:58.379548,0,False,False,SYNTHETIC
EV000052601,P0000526,payment.authorized,2026-01-01T02:35:59.494357,2026-01-01T02:36:00.399502,1,False,False,SYNTHETIC
EV000052602,P0000526,payment.captured,2026-01-01T02:36:00.835549,2026-01-01T02:36:02.991065,2,False,False,SYNTHETIC
EV000052700,P0000527,payment.attempted,2026-01-01T05:24:19.997776,2026-01-01T05:24:21.387433,0,False,False,SYNTHETIC
EV000052701,P0000527,payment.authorized,2026-01-01T05:24:25.423594,2026-01-01T05:24:26.413829,1,False,False,SYNTHETIC
EV000052702,P0000527,payment.captured,2026-01-01T05:24:26.946486,2026-01-01T05:24:29.741158,2,False,False,SYNTHETIC
EV000052702D,P0000527,payment.captured,2026-01-01T05:24:26.946486,2026-01-01T05:24:30.254418,2,True,False,SYNTHETIC
EV000052800,P0000528,payment.attempted,2026-01-01T07:33:09.829438,2026-01-01T07:33:10.532735,0,False,False,SYNTHETIC
EV000052801,P0000528,payment.authorized,2026-01-01T07:33:14.606382,2026-01-01T07:33:15.587410,1,False,False,SYNTHETIC
EV000052802,P0000528,payment.captured,2026-01-01T07:33:17.195555,2026-01-01T07:33:19.115870,2,False,False,SYNTHETIC
EV000052900,P0000529,payment.attempted,2026-01-01T18:28:15.527305,2026-01-01T18:28:16.640325,0,False,False,SYNTHETIC
EV000052901,P0000529,payment.authorized,2026-01-01T18:28:18.521350,2026-01-01T18:28:19.090687,1,False,False,SYNTHETIC
EV000052902,P0000529,payment.captured,2026-01-01T18:28:22.466453,2026-01-01T18:28:23.354049,2,False,False,SYNTHETIC
EV000053000,P0000530,payment.attempted,2026-01-01T22:36:02.835053,2026-01-01T22:36:03.201624,0,False,False,SYNTHETIC
EV000053001,P0000530,payment.authorized,2026-01-01T22:36:08.320495,2026-01-01T22:36:42.140685,1,False,False,SYNTHETIC
EV000053002,P0000530,payment.captured,2026-01-01T22:36:11.087551,2026-01-01T22:36:11.655746,2,False,False,SYNTHETIC
EV000053100,P0000531,payment.attempted,2026-01-01T23:44:49.457580,2026-01-01T23:44:49.931075,0,False,False,SYNTHETIC
EV000053101,P0000531,payment.authorized,2026-01-01T23:44:51.611583,2026-01-01T23:44:52.636542,1,False,False,SYNTHETIC
EV000053102,P0000531,payment.captured,2026-01-01T23:44:54.452566,2026-01-01T23:44:55.211936,2,False,False,SYNTHETIC
EV000053200,P0000532,payment.attempted,2026-01-01T17:35:25.175339,2026-01-01T17:35:25.812584,0,False,False,SYNTHETIC
EV000053201,P0000532,payment.authorized,2026-01-01T17:35:27.783941,2026-01-01T17:35:28.278814,1,False,False,SYNTHETIC
EV000053202,P0000532,payment.captured,2026-01-01T17:35:32.776160,2026-01-01T17:35:34.529975,2,False,False,SYNTHETIC
EV000053300,P0000533,payment.attempted,2026-01-01T18:59:48.518375,2026-01-01T18:59:49.092383,0,False,False,SYNTHETIC
EV000053301,P0000533,payment.authorized,2026-01-01T18:59:49.691365,2026-01-01T18:59:49.975673,1,False,False,SYNTHETIC
EV000053302,P0000533,payment.captured,2026-01-01T18:59:52.531883,2026-01-01T18:59:53.047594,2,False,False,SYNTHETIC
EV000053400,P0000534,payment.attempted,2026-01-01T19:05:18.975683,2026-01-01T19:05:19.706510,0,False,False,SYNTHETIC
EV000053401,P0000534,payment.authorized,2026-01-01T19:05:24.399128,2026-01-01T19:05:29.079196,1,False,True,SYNTHETIC
EV000053402,P0000534,payment.captured,2026-01-01T19:05:28.786830,2026-01-01T19:05:24.967107,2,False,True,SYNTHETIC
EV000053500,P0000535,payment.attempted,2026-01-01T01:07:38.519602,2026-01-01T01:07:39.754667,0,False,False,SYNTHETIC
EV000053501,P0000535,payment.authorized,2026-01-01T01:07:40.178175,2026-01-01T01:07:41.292434,1,False,False,SYNTHETIC
EV000053502,P0000535,payment.captured,2026-01-01T01:07:41.236216,2026-01-01T01:07:42.932400,2,False,False,SYNTHETIC
EV000053600,P0000536,payment.attempted,2026-01-01T04:49:40.556843,2026-01-01T04:49:44.542907,0,False,False,SYNTHETIC
EV000053601,P0000536,payment.authorized,2026-01-01T04:49:42.010803,2026-01-01T04:49:44.783494,1,False,False,SYNTHETIC
EV000053602,P0000536,payment.captured,2026-01-01T04:54:31.994934,2026-01-01T04:54:33.920608,2,False,False,SYNTHETIC
EV000053700,P0000537,payment.attempted,2026-01-01T18:32:16.524539,2026-01-01T18:32:18.661062,0,False,False,SYNTHETIC
EV000053701,P0000537,payment.authorized,2026-01-01T18:32:17.911267,2026-01-01T18:32:18.912999,1,False,False,SYNTHETIC
EV000053702,P0000537,payment.captured,2026-01-01T18:32:22.823864,2026-01-01T18:32:24.627477,2,False,False,SYNTHETIC
EV000053800,P0000538,payment.attempted,2026-01-01T08:29:40.404688,2026-01-01T08:29:41.246781,0,False,False,SYNTHETIC
EV000053801,P0000538,payment.authorized,2026-01-01T08:29:43.948723,2026-01-01T08:29:45.059781,1,False,False,SYNTHETIC
EV000053802,P0000538,payment.captured,2026-01-01T08:30:59.694349,2026-01-01T08:31:00.087898,2,False,False,SYNTHETIC
EV000053900,P0000539,payment.attempted,2026-01-01T17:34:53.174571,2026-01-01T17:34:53.776551,0,False,False,SYNTHETIC
EV000053901,P0000539,payment.authorized,2026-01-01T17:34:56.412398,2026-01-01T17:34:56.989723,1,False,False,SYNTHETIC
EV000053902,P0000539,payment.captured,2026-01-01T17:35:00.939962,2026-01-01T17:35:02.040108,2,False,False,SYNTHETIC
EV000054000,P0000540,payment.attempted,2026-01-01T14:12:35.149062,2026-01-01T14:12:36.406077,0,False,False,SYNTHETIC
EV000054001,P0000540,payment.authorized,2026-01-01T14:12:36.256797,2026-01-01T14:12:38.596019,1,False,False,SYNTHETIC
EV000054002,P0000540,payment.captured,2026-01-01T14:12:39.777246,2026-01-01T14:12:43.224638,2,False,False,SYNTHETIC
EV000054100,P0000541,payment.attempted,2026-01-01T14:24:21.125780,2026-01-01T14:24:23.905083,0,False,False,SYNTHETIC
EV000054101,P0000541,payment.authorized,2026-01-01T14:24:22.170510,2026-01-01T14:24:23.848881,1,False,False,SYNTHETIC
EV000054102,P0000541,payment.captured,2026-01-01T14:24:25.426255,2026-01-01T14:24:26.665114,2,False,False,SYNTHETIC
EV000054200,P0000542,payment.attempted,2026-01-01T14:21:37.810777,2026-01-01T14:21:39.187385,0,False,False,SYNTHETIC
EV000054201,P0000542,payment.authorized,2026-01-01T14:21:42.160579,2026-01-01T14:21:42.800494,1,False,False,SYNTHETIC
EV000054202,P0000542,payment.captured,2026-01-01T14:21:46.626229,2026-01-01T14:21:48.275916,2,False,False,SYNTHETIC
EV000054300,P0000543,payment.attempted,2026-01-01T22:48:32.152237,2026-01-01T22:48:35.793636,0,False,False,SYNTHETIC
EV000054301,P0000543,payment.authorized,2026-01-01T22:48:37.854915,2026-01-01T22:48:42.253175,1,False,False,SYNTHETIC
EV000054302,P0000543,payment.captured,2026-01-01T22:48:42.154614,2026-01-01T22:48:42.982669,2,False,False,SYNTHETIC
EV000054400,P0000544,payment.attempted,2026-01-01T12:41:34.898402,2026-01-01T12:41:35.506109,0,False,False,SYNTHETIC
EV000054401,P0000544,payment.authorized,2026-01-01T12:41:40.592645,2026-01-01T12:41:42.733578,1,False,False,SYNTHETIC
EV000054402,P0000544,payment.failed,2026-01-01T12:41:46.965158,2026-01-01T12:41:48.343795,2,False,False,SYNTHETIC
EV000054403,P0000544,payment.captured,2026-01-01T12:47:28.996480,2026-01-01T12:47:30.518162,3,False,False,SYNTHETIC
EV000054500,P0000545,payment.attempted,2026-01-01T12:24:08.960621,2026-01-01T12:24:09.659957,0,False,False,SYNTHETIC
EV000054501,P0000545,payment.authorized,2026-01-01T12:24:11.656555,2026-01-01T12:24:12.868252,1,False,False,SYNTHETIC
EV000054502,P0000545,payment.captured,2026-01-01T12:24:13.016751,2026-01-01T12:24:14.136818,2,False,False,SYNTHETIC
EV000054600,P0000546,payment.attempted,2026-01-01T10:10:21.188994,2026-01-01T10:10:22.465413,0,False,False,SYNTHETIC
EV000054601,P0000546,payment.authorized,2026-01-01T10:10:26.858488,2026-01-01T10:10:27.860756,1,False,False,SYNTHETIC
EV000054602,P0000546,payment.captured,2026-01-01T10:10:28.946026,2026-01-01T10:10:29.905092,2,False,False,SYNTHETIC
EV000054700,P0000547,payment.attempted,2026-01-01T23:29:22.767537,2026-01-01T23:29:23.257379,0,False,False,SYNTHETIC
EV000054701,P0000547,payment.authorized,2026-01-01T23:29:25.465981,2026-01-01T23:29:25.965724,1,False,False,SYNTHETIC
EV000054702,P0000547,payment.captured,2026-01-01T23:29:26.804693,2026-01-01T23:29:28.070749,2,False,False,SYNTHETIC
EV000054800,P0000548,payment.attempted,2026-01-01T14:52:17.536038,2026-01-01T14:52:18.647162,0,False,False,SYNTHETIC
EV000054801,P0000548,payment.authorized,2026-01-01T14:52:19.522483,2026-01-01T14:52:20.977299,1,False,False,SYNTHETIC
EV000054801D,P0000548,payment.authorized,2026-01-01T14:52:19.522483,2026-01-01T14:52:21.328504,1,True,False,SYNTHETIC
EV000054802,P0000548,payment.captured,2026-01-01T14:52:22.874775,2026-01-01T14:52:23.868002,2,False,False,SYNTHETIC
EV000054900,P0000549,payment.attempted,2026-01-01T17:40:32.382361,2026-01-01T17:40:34.661529,0,False,False,SYNTHETIC
EV000054901,P0000549,payment.authorized,2026-01-01T17:40:36.898980,2026-01-01T17:40:39.142865,1,False,False,SYNTHETIC
EV000054902,P0000549,payment.captured,2026-01-01T17:40:39.393627,2026-01-01T17:41:37.566993,2,False,False,SYNTHETIC
EV000055000,P0000550,payment.attempted,2026-01-01T03:36:57.505658,2026-01-01T03:36:58.681287,0,False,False,SYNTHETIC
EV000055001,P0000550,payment.authorized,2026-01-01T03:36:59.986019,2026-01-01T03:37:03.402220,1,False,False,SYNTHETIC
EV000055002,P0000550,payment.captured,2026-01-01T03:37:02.625127,2026-01-01T03:37:03.231030,2,False,False,SYNTHETIC
EV000055100,P0000551,payment.attempted,2026-01-01T19:08:33.078859,2026-01-01T19:08:33.614354,0,False,False,SYNTHETIC
EV000055101,P0000551,payment.authorized,2026-01-01T19:08:34.706493,2026-01-01T19:08:37.009473,1,False,False,SYNTHETIC
EV000055102,P0000551,payment.failed,2026-01-01T19:08:43.400748,2026-01-01T19:08:45.531994,2,False,False,SYNTHETIC
EV000055103,P0000551,payment.captured,2026-01-01T19:11:59.274316,2026-01-01T19:12:01.153856,3,False,False,SYNTHETIC
EV000055200,P0000552,payment.attempted,2026-01-01T02:25:09.674953,2026-01-01T02:25:10.920283,0,False,False,SYNTHETIC
EV000055201,P0000552,payment.authorized,2026-01-01T02:25:13.495155,2026-01-01T02:25:14.223544,1,False,False,SYNTHETIC
EV000055202,P0000552,payment.captured,2026-01-01T02:25:16.287259,2026-01-01T02:25:17.216394,2,False,False,SYNTHETIC
EV000055300,P0000553,payment.attempted,2026-01-01T08:58:39.652058,2026-01-01T08:58:41.032576,0,False,False,SYNTHETIC
EV000055301,P0000553,payment.authorized,2026-01-01T08:58:43.174867,2026-01-01T08:58:43.916607,1,False,False,SYNTHETIC
EV000055302,P0000553,payment.captured,2026-01-01T08:58:44.629889,2026-01-01T08:58:45.608572,2,False,False,SYNTHETIC
EV000055400,P0000554,payment.attempted,2026-01-01T17:46:06.024981,2026-01-01T17:46:06.848595,0,False,False,SYNTHETIC
EV000055401,P0000554,payment.authorized,2026-01-01T17:46:08.775987,2026-01-01T17:46:09.256139,1,False,False,SYNTHETIC
EV000055402,P0000554,payment.captured,2026-01-01T17:46:13.202468,2026-01-01T17:46:14.494891,2,False,False,SYNTHETIC
EV000055500,P0000555,payment.attempted,2026-01-01T20:20:58.636861,2026-01-01T20:20:59.576568,0,False,False,SYNTHETIC
EV000055501,P0000555,payment.authorized,2026-01-01T20:21:00.868711,2026-01-01T20:21:01.518041,1,False,False,SYNTHETIC
EV000055502,P0000555,payment.captured,2026-01-01T20:21:02.846359,2026-01-01T20:21:03.836776,2,False,False,SYNTHETIC
EV000055502D,P0000555,payment.captured,2026-01-01T20:21:02.846359,2026-01-01T20:21:04.288818,2,True,False,SYNTHETIC
EV000055600,P0000556,payment.attempted,2026-01-01T10:58:36.162686,2026-01-01T10:58:37.018719,0,False,False,SYNTHETIC
EV000055601,P0000556,payment.authorized,2026-01-01T10:58:41.457569,2026-01-01T10:58:42.117056,1,False,False,SYNTHETIC
EV000055602,P0000556,payment.captured,2026-01-01T10:58:43.389214,2026-01-01T10:58:43.943425,2,False,False,SYNTHETIC
EV000055700,P0000557,payment.attempted,2026-01-01T08:12:51.208073,2026-01-01T08:12:52.503484,0,False,False,SYNTHETIC
EV000055701,P0000557,payment.authorized,2026-01-01T08:12:55.530846,2026-01-01T08:12:58.076883,1,False,False,SYNTHETIC
EV000055701D,P0000557,payment.authorized,2026-01-01T08:12:55.530846,2026-01-01T08:12:58.387589,1,True,False,SYNTHETIC
EV000055702,P0000557,payment.captured,2026-01-01T08:17:38.281194,2026-01-01T08:17:40.351251,2,False,False,SYNTHETIC
EV000055800,P0000558,payment.attempted,2026-01-01T09:51:21.799101,2026-01-01T09:51:23.241710,0,False,False,SYNTHETIC
EV000055801,P0000558,payment.authorized,2026-01-01T09:51:23.351031,2026-01-01T09:51:23.928796,1,False,False,SYNTHETIC
EV000055802,P0000558,payment.captured,2026-01-01T09:51:27.489360,2026-01-01T09:51:30.814137,2,False,False,SYNTHETIC
EV000055900,P0000559,payment.attempted,2026-01-01T02:02:56.310168,2026-01-01T02:03:37.987418,0,False,True,SYNTHETIC
EV000055901,P0000559,payment.authorized,2026-01-01T02:02:57.936066,2026-01-01T02:02:58.088161,1,False,True,SYNTHETIC
EV000055902,P0000559,payment.captured,2026-01-01T02:03:01.212220,2026-01-01T02:03:01.804827,2,False,False,SYNTHETIC
EV000056000,P0000560,payment.attempted,2026-01-01T23:16:22.026658,2026-01-01T23:16:22.958564,0,False,False,SYNTHETIC
EV000056001,P0000560,payment.authorized,2026-01-01T23:16:23.481938,2026-01-01T23:16:25.563947,1,False,False,SYNTHETIC
EV000056001D,P0000560,payment.authorized,2026-01-01T23:16:23.481938,2026-01-01T23:16:26.000158,1,True,False,SYNTHETIC
EV000056002,P0000560,payment.captured,2026-01-01T23:22:49.465613,2026-01-01T23:22:49.690646,2,False,False,SYNTHETIC
EV000056100,P0000561,payment.attempted,2026-01-01T00:05:48.270918,2026-01-01T00:05:48.826893,0,False,False,SYNTHETIC
EV000056101,P0000561,payment.authorized,2026-01-01T00:05:50.221589,2026-01-01T00:05:50.660255,1,False,False,SYNTHETIC
EV000056102,P0000561,payment.captured,2026-01-01T00:05:53.496084,2026-01-01T00:05:54.559301,2,False,False,SYNTHETIC
EV000056200,P0000562,payment.attempted,2026-01-01T22:36:42.976496,2026-01-01T22:36:43.898780,0,False,False,SYNTHETIC
EV000056201,P0000562,payment.authorized,2026-01-01T22:36:48.442131,2026-01-01T22:36:49.064992,1,False,False,SYNTHETIC
EV000056202,P0000562,payment.captured,2026-01-01T22:36:50.146126,2026-01-01T22:36:50.847192,2,False,False,SYNTHETIC
EV000056300,P0000563,payment.attempted,2026-01-01T13:46:13.440145,2026-01-01T13:46:14.828520,0,False,False,SYNTHETIC
EV000056301,P0000563,payment.authorized,2026-01-01T13:46:19.260674,2026-01-01T13:46:20.014460,1,False,False,SYNTHETIC
EV000056302,P0000563,payment.captured,2026-01-01T13:46:22.639197,2026-01-01T13:46:23.813439,2,False,False,SYNTHETIC
EV000056400,P0000564,payment.attempted,2026-01-01T18:02:37.839638,2026-01-01T18:02:39.729114,0,False,False,SYNTHETIC
EV000056401,P0000564,payment.authorized,2026-01-01T18:02:39.850924,2026-01-01T18:02:41.304553,1,False,False,SYNTHETIC
EV000056402,P0000564,payment.captured,2026-01-01T18:02:43.365770,2026-01-01T18:02:45.207322,2,False,False,SYNTHETIC
EV000056500,P0000565,payment.attempted,2026-01-01T09:37:26.669934,2026-01-01T09:37:27.145571,0,False,False,SYNTHETIC
EV000056501,P0000565,payment.failed,2026-01-01T09:37:32.946574,2026-01-01T09:37:34.439824,1,False,False,SYNTHETIC
EV000056600,P0000566,payment.attempted,2026-01-01T07:01:15.742061,2026-01-01T07:01:16.419123,0,False,False,SYNTHETIC
EV000056601,P0000566,payment.authorized,2026-01-01T07:01:19.583335,2026-01-01T07:01:20.153936,1,False,False,SYNTHETIC
EV000056602,P0000566,payment.captured,2026-01-01T07:01:23.529090,2026-01-01T07:01:23.930781,2,False,False,SYNTHETIC
EV000056700,P0000567,payment.attempted,2026-01-01T08:40:28.030015,2026-01-01T08:40:29.004409,0,False,False,SYNTHETIC
EV000056701,P0000567,payment.authorized,2026-01-01T08:40:30.938153,2026-01-01T08:40:32.236732,1,False,False,SYNTHETIC
EV000056702,P0000567,payment.captured,2026-01-01T08:40:33.218884,2026-01-01T08:40:34.484306,2,False,False,SYNTHETIC
EV000056800,P0000568,payment.attempted,2026-01-01T13:48:46.475201,2026-01-01T13:48:57.080316,0,False,True,SYNTHETIC
EV000056801,P0000568,payment.authorized,2026-01-01T13:48:51.956421,2026-01-01T13:48:52.316234,1,False,False,SYNTHETIC
EV000056801D,P0000568,payment.authorized,2026-01-01T13:48:51.956421,2026-01-01T13:48:52.641979,1,True,False,SYNTHETIC
EV000056802,P0000568,payment.captured,2026-01-01T13:48:56.474332,2026-01-01T13:48:47.691499,2,False,True,SYNTHETIC
EV000056900,P0000569,payment.attempted,2026-01-01T19:50:27.409979,2026-01-01T19:50:28.509700,0,False,False,SYNTHETIC
EV000056901,P0000569,payment.authorized,2026-01-01T19:50:32.167472,2026-01-01T19:50:33.854558,1,False,False,SYNTHETIC
EV000056902,P0000569,payment.captured,2026-01-01T19:50:35.731131,2026-01-01T19:50:37.982994,2,False,False,SYNTHETIC
EV000056902D,P0000569,payment.captured,2026-01-01T19:50:35.731131,2026-01-01T19:50:38.416195,2,True,False,SYNTHETIC
EV000057000,P0000570,payment.attempted,2026-01-01T20:45:53.030387,2026-01-01T20:45:54.510760,0,False,False,SYNTHETIC
EV000057001,P0000570,payment.authorized,2026-01-01T20:45:55.425497,2026-01-01T20:45:55.718784,1,False,False,SYNTHETIC
EV000057002,P0000570,payment.failed,2026-01-01T20:46:00.406740,2026-01-01T20:46:02.618924,2,False,False,SYNTHETIC
EV000057003,P0000570,payment.captured,2026-01-01T20:48:04.300768,2026-01-01T20:48:04.936139,3,False,False,SYNTHETIC
EV000057100,P0000571,payment.attempted,2026-01-01T20:11:56.700901,2026-01-01T20:11:57.987633,0,False,False,SYNTHETIC
EV000057101,P0000571,payment.authorized,2026-01-01T20:12:00.528639,2026-01-01T20:12:05.114288,1,False,True,SYNTHETIC
EV000057102,P0000571,payment.captured,2026-01-01T20:12:03.736289,2026-01-01T20:12:01.661023,2,False,True,SYNTHETIC
EV000057200,P0000572,payment.attempted,2026-01-01T22:28:30.338852,2026-01-01T22:28:31.739433,0,False,False,SYNTHETIC
EV000057201,P0000572,payment.authorized,2026-01-01T22:28:33.587275,2026-01-01T22:28:34.490811,1,False,False,SYNTHETIC
EV000057202,P0000572,payment.captured,2026-01-01T22:28:38.169908,2026-01-01T22:28:38.809845,2,False,False,SYNTHETIC
EV000057300,P0000573,payment.attempted,2026-01-01T03:50:25.845712,2026-01-01T03:50:28.132546,0,False,False,SYNTHETIC
EV000057301,P0000573,payment.authorized,2026-01-01T03:50:30.332473,2026-01-01T03:50:31.461397,1,False,False,SYNTHETIC
EV000057302,P0000573,payment.captured,2026-01-01T03:50:31.408948,2026-01-01T03:50:33.954113,2,False,False,SYNTHETIC
EV000057400,P0000574,payment.attempted,2026-01-01T16:26:14.519871,2026-01-01T16:26:16.536063,0,False,False,SYNTHETIC
EV000057401,P0000574,payment.failed,2026-01-01T16:26:21.359225,2026-01-01T16:26:22.431680,1,False,False,SYNTHETIC
EV000057500,P0000575,payment.attempted,2026-01-01T17:57:27.448731,2026-01-01T17:57:27.855571,0,False,False,SYNTHETIC
EV000057501,P0000575,payment.authorized,2026-01-01T17:57:29.726637,2026-01-01T17:57:31.554090,1,False,False,SYNTHETIC
EV000057501D,P0000575,payment.authorized,2026-01-01T17:57:29.726637,2026-01-01T17:57:32.084768,1,True,False,SYNTHETIC
EV000057502,P0000575,payment.captured,2026-01-01T17:57:33.131121,2026-01-01T17:57:34.283626,2,False,False,SYNTHETIC
EV000057600,P0000576,payment.attempted,2026-01-01T13:27:28.844490,2026-01-01T13:27:29.222612,0,False,False,SYNTHETIC
EV000057601,P0000576,payment.authorized,2026-01-01T13:27:30.322418,2026-01-01T13:27:30.775918,1,False,False,SYNTHETIC
EV000057602,P0000576,payment.captured,2026-01-01T13:27:34.521011,2026-01-01T13:27:35.096725,2,False,False,SYNTHETIC
EV000057700,P0000577,payment.attempted,2026-01-01T14:30:05.849847,2026-01-01T14:30:06.783961,0,False,False,SYNTHETIC
EV000057701,P0000577,payment.authorized,2026-01-01T14:30:08.471563,2026-01-01T14:30:10.008507,1,False,False,SYNTHETIC
EV000057702,P0000577,payment.captured,2026-01-01T14:30:12.087432,2026-01-01T14:30:13.457785,2,False,False,SYNTHETIC
EV000057800,P0000578,payment.attempted,2026-01-01T15:32:13.807872,2026-01-01T15:32:14.959493,0,False,False,SYNTHETIC
EV000057801,P0000578,payment.authorized,2026-01-01T15:32:17.931073,2026-01-01T15:32:18.717922,1,False,False,SYNTHETIC
EV000057802,P0000578,payment.captured,2026-01-01T15:32:22.273380,2026-01-01T15:32:22.913935,2,False,False,SYNTHETIC
EV000057900,P0000579,payment.attempted,2026-01-01T01:59:58.495275,2026-01-01T01:59:59.307501,0,False,False,SYNTHETIC
EV000057901,P0000579,payment.authorized,2026-01-01T02:00:02.313285,2026-01-01T02:00:03.140159,1,False,False,SYNTHETIC
EV000057901D,P0000579,payment.authorized,2026-01-01T02:00:02.313285,2026-01-01T02:00:03.452385,1,True,False,SYNTHETIC
EV000057902,P0000579,payment.captured,2026-01-01T02:00:06.831250,2026-01-01T02:00:07.065843,2,False,False,SYNTHETIC
EV000058000,P0000580,payment.attempted,2026-01-01T03:42:11.949665,2026-01-01T03:42:12.338004,0,False,False,SYNTHETIC
EV000058001,P0000580,payment.failed,2026-01-01T03:42:13.061965,2026-01-01T03:42:13.603720,1,False,False,SYNTHETIC
EV000058100,P0000581,payment.attempted,2026-01-01T18:13:27.354837,2026-01-01T18:13:28.868953,0,False,False,SYNTHETIC
EV000058101,P0000581,payment.authorized,2026-01-01T18:13:29.288813,2026-01-01T18:13:29.963241,1,False,False,SYNTHETIC
EV000058102,P0000581,payment.captured,2026-01-01T18:13:33.465174,2026-01-01T18:13:34.870750,2,False,False,SYNTHETIC
EV000058200,P0000582,payment.attempted,2026-01-01T22:22:43.099836,2026-01-01T22:22:44.389874,0,False,False,SYNTHETIC
EV000058201,P0000582,payment.authorized,2026-01-01T22:22:48.689133,2026-01-01T22:22:50.135541,1,False,False,SYNTHETIC
EV000058201D,P0000582,payment.authorized,2026-01-01T22:22:48.689133,2026-01-01T22:22:51.232109,1,True,False,SYNTHETIC
EV000058202,P0000582,payment.captured,2026-01-01T22:22:52.071674,2026-01-01T22:22:52.512562,2,False,False,SYNTHETIC
EV000058300,P0000583,payment.attempted,2026-01-01T01:36:42.163010,2026-01-01T01:36:42.476500,0,False,False,SYNTHETIC
EV000058301,P0000583,payment.authorized,2026-01-01T01:36:45.267607,2026-01-01T01:36:45.503511,1,False,False,SYNTHETIC
EV000058302,P0000583,payment.captured,2026-01-01T01:36:49.263217,2026-01-01T01:36:50.174368,2,False,False,SYNTHETIC
EV000058400,P0000584,payment.attempted,2026-01-01T16:44:47.255730,2026-01-01T16:44:47.552444,0,False,False,SYNTHETIC
EV000058401,P0000584,payment.authorized,2026-01-01T16:44:48.787664,2026-01-01T16:44:49.636955,1,False,False,SYNTHETIC
EV000058402,P0000584,payment.captured,2026-01-01T16:44:49.930153,2026-01-01T16:44:50.661953,2,False,False,SYNTHETIC
EV000058500,P0000585,payment.attempted,2026-01-01T18:18:38.491840,2026-01-01T18:18:38.975238,0,False,False,SYNTHETIC
EV000058501,P0000585,payment.authorized,2026-01-01T18:18:39.951606,2026-01-01T18:18:40.912436,1,False,False,SYNTHETIC
EV000058501D,P0000585,payment.authorized,2026-01-01T18:18:39.951606,2026-01-01T18:18:41.414868,1,True,False,SYNTHETIC
EV000058502,P0000585,payment.captured,2026-01-01T18:18:41.695417,2026-01-01T18:18:43.061790,2,False,False,SYNTHETIC
EV000058600,P0000586,payment.attempted,2026-01-01T16:42:12.195529,2026-01-01T16:42:13.610402,0,False,False,SYNTHETIC
EV000058601,P0000586,payment.authorized,2026-01-01T16:42:16.907878,2026-01-01T16:42:19.294815,1,False,False,SYNTHETIC
EV000058602,P0000586,payment.captured,2026-01-01T16:42:20.038159,2026-01-01T16:42:21.123923,2,False,False,SYNTHETIC
EV000058700,P0000587,payment.attempted,2026-01-01T17:04:02.497573,2026-01-01T17:04:03.380538,0,False,False,SYNTHETIC
EV000058701,P0000587,payment.authorized,2026-01-01T17:04:05.628296,2026-01-01T17:04:08.623843,1,False,False,SYNTHETIC
EV000058702,P0000587,payment.captured,2026-01-01T17:04:06.759741,2026-01-01T17:04:08.129348,2,False,False,SYNTHETIC
EV000058800,P0000588,payment.attempted,2026-01-01T23:35:54.860108,2026-01-01T23:35:56.837050,0,False,False,SYNTHETIC
EV000058801,P0000588,payment.authorized,2026-01-01T23:35:57.713632,2026-01-01T23:35:59.288915,1,False,False,SYNTHETIC
EV000058802,P0000588,payment.captured,2026-01-01T23:36:00.632235,2026-01-01T23:36:01.334948,2,False,False,SYNTHETIC
EV000058900,P0000589,payment.attempted,2026-01-01T07:41:39.417326,2026-01-01T07:41:41.072938,0,False,False,SYNTHETIC
EV000058901,P0000589,payment.authorized,2026-01-01T07:41:43.089873,2026-01-01T07:41:43.688545,1,False,False,SYNTHETIC
EV000058902,P0000589,payment.captured,2026-01-01T07:41:45.666089,2026-01-01T07:41:46.867727,2,False,False,SYNTHETIC
EV000059000,P0000590,payment.attempted,2026-01-01T23:16:03.319736,2026-01-01T23:16:05.105120,0,False,False,SYNTHETIC
EV000059001,P0000590,payment.authorized,2026-01-01T23:16:07.955742,2026-01-01T23:16:09.372490,1,False,False,SYNTHETIC
EV000059002,P0000590,payment.captured,2026-01-01T23:16:11.996789,2026-01-01T23:16:12.388032,2,False,False,SYNTHETIC
EV000059100,P0000591,payment.attempted,2026-01-01T20:54:52.700479,2026-01-01T20:54:55.752656,0,False,False,SYNTHETIC
EV000059101,P0000591,payment.authorized,2026-01-01T20:54:55.961633,2026-01-01T20:55:47.314797,1,False,False,SYNTHETIC
EV000059102,P0000591,payment.captured,2026-01-01T20:54:58.864818,2026-01-01T20:55:00.246716,2,False,False,SYNTHETIC
EV000059200,P0000592,payment.attempted,2026-01-01T14:20:53.928678,2026-01-01T14:20:54.357078,0,False,False,SYNTHETIC
EV000059201,P0000592,payment.authorized,2026-01-01T14:20:55.081065,2026-01-01T14:20:55.232918,1,False,False,SYNTHETIC
EV000059202,P0000592,payment.captured,2026-01-01T14:20:58.950449,2026-01-01T14:20:59.253900,2,False,False,SYNTHETIC
EV000059300,P0000593,payment.attempted,2026-01-01T23:52:33.912446,2026-01-01T23:52:34.301532,0,False,False,SYNTHETIC
EV000059301,P0000593,payment.authorized,2026-01-01T23:52:39.305682,2026-01-01T23:52:40.051811,1,False,False,SYNTHETIC
EV000059302,P0000593,payment.captured,2026-01-01T23:52:44.225294,2026-01-01T23:52:45.514948,2,False,False,SYNTHETIC
EV000059302D,P0000593,payment.captured,2026-01-01T23:52:44.225294,2026-01-01T23:52:45.903349,2,True,False,SYNTHETIC
EV000059400,P0000594,payment.attempted,2026-01-01T16:47:14.464185,2026-01-01T16:47:15.525302,0,False,False,SYNTHETIC
EV000059400D,P0000594,payment.attempted,2026-01-01T16:47:14.464185,2026-01-01T16:47:16.397140,0,True,False,SYNTHETIC
EV000059401,P0000594,payment.failed,2026-01-01T16:47:20.481666,2026-01-01T16:47:21.924040,1,False,False,SYNTHETIC
EV000059500,P0000595,payment.attempted,2026-01-01T20:01:25.038135,2026-01-01T20:01:25.342879,0,False,False,SYNTHETIC
EV000059501,P0000595,payment.authorized,2026-01-01T20:01:29.226496,2026-01-01T20:01:30.327983,1,False,False,SYNTHETIC
EV000059502,P0000595,payment.captured,2026-01-01T20:01:33.008439,2026-01-01T20:01:33.327110,2,False,False,SYNTHETIC
EV000059502D,P0000595,payment.captured,2026-01-01T20:01:33.008439,2026-01-01T20:01:33.625050,2,True,False,SYNTHETIC
EV000059600,P0000596,payment.attempted,2026-01-01T15:01:22.497416,2026-01-01T15:01:22.912397,0,False,False,SYNTHETIC
EV000059601,P0000596,payment.authorized,2026-01-01T15:01:24.913422,2026-01-01T15:01:25.386764,1,False,False,SYNTHETIC
EV000059602,P0000596,payment.captured,2026-01-01T15:01:28.025530,2026-01-01T15:01:29.868619,2,False,False,SYNTHETIC
EV000059700,P0000597,payment.attempted,2026-01-01T02:47:28.256528,2026-01-01T02:47:28.684515,0,False,False,SYNTHETIC
EV000059701,P0000597,payment.authorized,2026-01-01T02:47:34.231056,2026-01-01T02:47:35.118164,1,False,False,SYNTHETIC
EV000059701D,P0000597,payment.authorized,2026-01-01T02:47:34.231056,2026-01-01T02:47:35.374495,1,True,False,SYNTHETIC
EV000059702,P0000597,payment.captured,2026-01-01T02:47:35.483874,2026-01-01T02:47:36.411212,2,False,False,SYNTHETIC
EV000059800,P0000598,payment.attempted,2026-01-01T13:08:46.776197,2026-01-01T13:08:47.273004,0,False,False,SYNTHETIC
EV000059801,P0000598,payment.failed,2026-01-01T13:08:54.536812,2026-01-01T13:08:56.178459,1,False,False,SYNTHETIC
EV000059900,P0000599,payment.attempted,2026-01-01T05:54:32.312785,2026-01-01T05:54:33.071969,0,False,False,SYNTHETIC
EV000059901,P0000599,payment.authorized,2026-01-01T05:54:37.636414,2026-01-01T05:54:38.959902,1,False,False,SYNTHETIC
EV000059901D,P0000599,payment.authorized,2026-01-01T05:54:37.636414,2026-01-01T05:54:39.309332,1,True,False,SYNTHETIC
EV000059902,P0000599,payment.captured,2026-01-01T05:54:41.299512,2026-01-01T05:54:42.555380,2,False,False,SYNTHETIC
EV000060000,P0000600,payment.attempted,2026-01-01T13:40:25.120594,2026-01-01T13:40:25.601819,0,False,False,SYNTHETIC
EV000060001,P0000600,payment.authorized,2026-01-01T13:40:30.689872,2026-01-01T13:40:31.004015,1,False,False,SYNTHETIC
EV000060002,P0000600,payment.captured,2026-01-01T13:40:32.471984,2026-01-01T13:40:33.827389,2,False,False,SYNTHETIC
EV000060100,P0000601,payment.attempted,2026-01-01T02:17:11.637531,2026-01-01T02:17:13.631351,0,False,False,SYNTHETIC
EV000060101,P0000601,payment.authorized,2026-01-01T02:17:14.501306,2026-01-01T02:17:15.402050,1,False,False,SYNTHETIC
EV000060102,P0000601,payment.captured,2026-01-01T02:17:19.473170,2026-01-01T02:17:21.215411,2,False,False,SYNTHETIC
EV000060200,P0000602,payment.attempted,2026-01-01T05:51:06.167915,2026-01-01T05:51:06.929432,0,False,False,SYNTHETIC
EV000060201,P0000602,payment.authorized,2026-01-01T05:51:11.777946,2026-01-01T05:51:12.462238,1,False,False,SYNTHETIC
EV000060202,P0000602,payment.captured,2026-01-01T05:51:15.670773,2026-01-01T05:51:16.565775,2,False,False,SYNTHETIC
EV000060300,P0000603,payment.attempted,2026-01-01T15:40:31.230463,2026-01-01T15:40:32.497953,0,False,False,SYNTHETIC
EV000060300D,P0000603,payment.attempted,2026-01-01T15:40:31.230463,2026-01-01T15:40:32.923701,0,True,False,SYNTHETIC
EV000060301,P0000603,payment.authorized,2026-01-01T15:40:33.880618,2026-01-01T15:40:34.434437,1,False,False,SYNTHETIC
EV000060302,P0000603,payment.captured,2026-01-01T15:40:35.177512,2026-01-01T15:40:35.869890,2,False,False,SYNTHETIC
EV000060400,P0000604,payment.attempted,2026-01-01T00:38:31.690083,2026-01-01T00:38:32.383774,0,False,False,SYNTHETIC
EV000060401,P0000604,payment.authorized,2026-01-01T00:38:33.255844,2026-01-01T00:38:34.146935,1,False,False,SYNTHETIC
EV000060402,P0000604,payment.captured,2026-01-01T00:38:37.548459,2026-01-01T00:38:37.999869,2,False,False,SYNTHETIC
EV000060500,P0000605,payment.attempted,2026-01-01T18:39:37.390273,2026-01-01T18:39:37.537297,0,False,False,SYNTHETIC
EV000060501,P0000605,payment.authorized,2026-01-01T18:39:40.496690,2026-01-01T18:39:40.899102,1,False,False,SYNTHETIC
EV000060501D,P0000605,payment.authorized,2026-01-01T18:39:40.496690,2026-01-01T18:39:41.934548,1,True,False,SYNTHETIC
EV000060502,P0000605,payment.captured,2026-01-01T18:45:12.822158,2026-01-01T18:45:13.064329,2,False,False,SYNTHETIC
EV000060600,P0000606,payment.attempted,2026-01-01T15:45:23.028352,2026-01-01T15:45:24.449309,0,False,False,SYNTHETIC
EV000060601,P0000606,payment.authorized,2026-01-01T15:45:27.080607,2026-01-01T15:45:28.732960,1,False,False,SYNTHETIC
EV000060602,P0000606,payment.captured,2026-01-01T15:45:28.169737,2026-01-01T15:45:30.492452,2,False,False,SYNTHETIC
EV000060700,P0000607,payment.attempted,2026-01-01T09:20:01.457220,2026-01-01T09:20:04.390626,0,False,False,SYNTHETIC
EV000060701,P0000607,payment.authorized,2026-01-01T09:20:04.720039,2026-01-01T09:20:05.792380,1,False,False,SYNTHETIC
EV000060702,P0000607,payment.captured,2026-01-01T09:20:08.542775,2026-01-01T09:20:09.739703,2,False,False,SYNTHETIC
EV000060800,P0000608,payment.attempted,2026-01-01T14:53:42.105453,2026-01-01T14:53:50.686045,0,False,True,SYNTHETIC
EV000060801,P0000608,payment.authorized,2026-01-01T14:53:46.705580,2026-01-01T14:53:47.352402,1,False,False,SYNTHETIC
EV000060802,P0000608,payment.captured,2026-01-01T14:53:48.928877,2026-01-01T14:53:44.610232,2,False,True,SYNTHETIC
EV000060900,P0000609,payment.attempted,2026-01-01T12:44:05.275838,2026-01-01T12:44:05.795498,0,False,False,SYNTHETIC
EV000060901,P0000609,payment.authorized,2026-01-01T12:44:06.715006,2026-01-01T12:44:07.149912,1,False,False,SYNTHETIC
EV000060901D,P0000609,payment.authorized,2026-01-01T12:44:06.715006,2026-01-01T12:44:07.579334,1,True,False,SYNTHETIC
EV000060902,P0000609,payment.captured,2026-01-01T12:44:09.885878,2026-01-01T12:44:10.252053,2,False,False,SYNTHETIC
EV000061000,P0000610,payment.attempted,2026-01-01T05:04:14.923222,2026-01-01T05:04:15.139836,0,False,False,SYNTHETIC
EV000061001,P0000610,payment.failed,2026-01-01T05:04:16.641438,2026-01-01T05:04:17.535276,1,False,False,SYNTHETIC
EV000061100,P0000611,payment.attempted,2026-01-01T15:24:07.819744,2026-01-01T15:24:08.148598,0,False,False,SYNTHETIC
EV000061101,P0000611,payment.failed,2026-01-01T15:24:15.305709,2026-01-01T15:24:15.666389,1,False,False,SYNTHETIC
EV000061200,P0000612,payment.attempted,2026-01-01T05:38:54.559436,2026-01-01T05:38:55.295714,0,False,False,SYNTHETIC
EV000061201,P0000612,payment.authorized,2026-01-01T05:38:59.990648,2026-01-01T05:39:00.283268,1,False,False,SYNTHETIC
EV000061202,P0000612,payment.captured,2026-01-01T05:39:01.960111,2026-01-01T05:39:02.508522,2,False,False,SYNTHETIC
EV000061300,P0000613,payment.attempted,2026-01-01T00:42:58.233258,2026-01-01T00:42:58.958172,0,False,False,SYNTHETIC
EV000061301,P0000613,payment.authorized,2026-01-01T00:43:00.850087,2026-01-01T00:43:01.142612,1,False,False,SYNTHETIC
EV000061302,P0000613,payment.captured,2026-01-01T00:43:05.750738,2026-01-01T00:43:06.838942,2,False,False,SYNTHETIC
EV000061400,P0000614,payment.attempted,2026-01-01T09:23:19.173584,2026-01-01T09:23:20.015974,0,False,False,SYNTHETIC
EV000061400D,P0000614,payment.attempted,2026-01-01T09:23:19.173584,2026-01-01T09:23:20.941545,0,True,False,SYNTHETIC
EV000061401,P0000614,payment.failed,2026-01-01T09:23:26.443294,2026-01-01T09:23:27.340538,1,False,False,SYNTHETIC
EV000061500,P0000615,payment.attempted,2026-01-01T17:47:15.036502,2026-01-01T17:47:15.468849,0,False,False,SYNTHETIC
EV000061501,P0000615,payment.authorized,2026-01-01T17:47:20.081631,2026-01-01T17:47:20.911015,1,False,False,SYNTHETIC
EV000061502,P0000615,payment.captured,2026-01-01T17:47:22.363213,2026-01-01T17:47:23.947497,2,False,False,SYNTHETIC
EV000061600,P0000616,payment.attempted,2026-01-01T23:50:19.863005,2026-01-01T23:50:20.397143,0,False,False,SYNTHETIC
EV000061601,P0000616,payment.authorized,2026-01-01T23:50:23.317324,2026-01-01T23:50:23.874288,1,False,False,SYNTHETIC
EV000061602,P0000616,payment.captured,2026-01-01T23:50:27.919635,2026-01-01T23:50:28.497841,2,False,False,SYNTHETIC
EV000061700,P0000617,payment.attempted,2026-01-01T02:04:57.520561,2026-01-01T02:04:58.053744,0,False,False,SYNTHETIC
EV000061701,P0000617,payment.authorized,2026-01-01T02:04:58.553219,2026-01-01T02:04:59.571396,1,False,False,SYNTHETIC
EV000061702,P0000617,payment.captured,2026-01-01T02:05:01.444301,2026-01-01T02:05:02.442355,2,False,False,SYNTHETIC
EV000061800,P0000618,payment.attempted,2026-01-01T14:42:56.137649,2026-01-01T14:43:02.046066,0,False,True,SYNTHETIC
EV000061801,P0000618,payment.authorized,2026-01-01T14:43:00.178492,2026-01-01T14:42:57.629109,1,False,True,SYNTHETIC
EV000061802,P0000618,payment.captured,2026-01-01T14:43:04.208379,2026-01-01T14:43:06.037781,2,False,False,SYNTHETIC
EV000061900,P0000619,payment.attempted,2026-01-01T15:47:44.224669,2026-01-01T15:47:44.511381,0,False,False,SYNTHETIC
EV000061901,P0000619,payment.authorized,2026-01-01T15:47:49.206351,2026-01-01T15:47:49.384289,1,False,False,SYNTHETIC
EV000061902,P0000619,payment.captured,2026-01-01T15:47:50.328229,2026-01-01T15:47:50.610589,2,False,False,SYNTHETIC
EV000062000,P0000620,payment.attempted,2026-01-01T18:52:29.833406,2026-01-01T18:52:30.309665,0,False,False,SYNTHETIC
EV000062001,P0000620,payment.authorized,2026-01-01T18:52:33.448891,2026-01-01T18:52:35.459778,1,False,False,SYNTHETIC
EV000062002,P0000620,payment.captured,2026-01-01T18:52:35.566825,2026-01-01T18:52:36.302435,2,False,False,SYNTHETIC
EV000062100,P0000621,payment.attempted,2026-01-01T04:08:42.668816,2026-01-01T04:08:51.686602,0,False,True,SYNTHETIC
EV000062101,P0000621,payment.authorized,2026-01-01T04:08:46.867129,2026-01-01T04:08:47.265386,1,False,False,SYNTHETIC
EV000062102,P0000621,payment.captured,2026-01-01T04:08:50.792416,2026-01-01T04:08:43.445356,2,False,True,SYNTHETIC
EV000062200,P0000622,payment.attempted,2026-01-01T08:44:20.295802,2026-01-01T08:44:20.854118,0,False,False,SYNTHETIC
EV000062201,P0000622,payment.authorized,2026-01-01T08:44:22.960631,2026-01-01T08:44:24.074201,1,False,False,SYNTHETIC
EV000062202,P0000622,payment.captured,2026-01-01T08:44:27.286270,2026-01-01T08:44:27.595176,2,False,False,SYNTHETIC
EV000062300,P0000623,payment.attempted,2026-01-01T14:29:43.070719,2026-01-01T14:29:43.514962,0,False,False,SYNTHETIC
EV000062301,P0000623,payment.authorized,2026-01-01T14:29:48.165957,2026-01-01T14:29:48.896080,1,False,False,SYNTHETIC
EV000062302,P0000623,payment.captured,2026-01-01T14:34:56.667507,2026-01-01T14:34:57.125454,2,False,False,SYNTHETIC
EV000062400,P0000624,payment.attempted,2026-01-01T12:35:20.784771,2026-01-01T12:35:21.579105,0,False,False,SYNTHETIC
EV000062401,P0000624,payment.authorized,2026-01-01T12:35:23.577841,2026-01-01T12:35:23.969275,1,False,False,SYNTHETIC
EV000062402,P0000624,payment.captured,2026-01-01T12:35:27.516340,2026-01-01T12:35:28.172482,2,False,False,SYNTHETIC
EV000062500,P0000625,payment.attempted,2026-01-01T01:38:33.265702,2026-01-01T01:38:35.630494,0,False,True,SYNTHETIC
EV000062501,P0000625,payment.failed,2026-01-01T01:38:35.211756,2026-01-01T01:38:34.559817,1,False,True,SYNTHETIC
EV000062600,P0000626,payment.attempted,2026-01-01T16:22:02.214197,2026-01-01T16:22:02.931238,0,False,False,SYNTHETIC
EV000062601,P0000626,payment.authorized,2026-01-01T16:22:07.392059,2026-01-01T16:22:07.915103,1,False,False,SYNTHETIC
EV000062602,P0000626,payment.captured,2026-01-01T16:22:09.802176,2026-01-01T16:22:10.849954,2,False,False,SYNTHETIC
EV000062700,P0000627,payment.attempted,2026-01-01T20:54:48.083471,2026-01-01T20:54:50.146403,0,False,False,SYNTHETIC
EV000062701,P0000627,payment.authorized,2026-01-01T20:54:52.702155,2026-01-01T20:54:52.941037,1,False,False,SYNTHETIC
EV000062702,P0000627,payment.captured,2026-01-01T20:54:56.974360,2026-01-01T20:55:00.445405,2,False,False,SYNTHETIC
EV000062800,P0000628,payment.attempted,2026-01-01T08:59:48.999750,2026-01-01T08:59:50.618287,0,False,False,SYNTHETIC
EV000062801,P0000628,payment.authorized,2026-01-01T08:59:50.536878,2026-01-01T08:59:51.421446,1,False,False,SYNTHETIC
EV000062802,P0000628,payment.captured,2026-01-01T08:59:51.586935,2026-01-01T08:59:54.435039,2,False,False,SYNTHETIC
EV000062900,P0000629,payment.attempted,2026-01-01T21:09:26.670412,2026-01-01T21:09:28.687670,0,False,False,SYNTHETIC
EV000062901,P0000629,payment.authorized,2026-01-01T21:09:31.594665,2026-01-01T21:09:32.529809,1,False,False,SYNTHETIC
EV000062902,P0000629,payment.captured,2026-01-01T21:09:33.291648,2026-01-01T21:09:34.220557,2,False,False,SYNTHETIC
EV000063000,P0000630,payment.attempted,2026-01-01T03:18:16.219511,2026-01-01T03:18:17.221132,0,False,False,SYNTHETIC
EV000063001,P0000630,payment.authorized,2026-01-01T03:18:20.747685,2026-01-01T03:18:22.402370,1,False,False,SYNTHETIC
EV000063002,P0000630,payment.captured,2026-01-01T03:18:23.939043,2026-01-01T03:18:24.766113,2,False,False,SYNTHETIC
EV000063100,P0000631,payment.attempted,2026-01-01T07:50:37.419077,2026-01-01T07:50:45.403062,0,False,True,SYNTHETIC
EV000063101,P0000631,payment.failed,2026-01-01T07:50:44.500444,2026-01-01T07:50:38.545185,1,False,True,SYNTHETIC
EV000063200,P0000632,payment.attempted,2026-01-01T18:32:37.276409,2026-01-01T18:32:38.462624,0,False,False,SYNTHETIC
EV000063201,P0000632,payment.authorized,2026-01-01T18:32:42.454176,2026-01-01T18:32:43.963679,1,False,False,SYNTHETIC
EV000063202,P0000632,payment.captured,2026-01-01T18:32:46.459902,2026-01-01T18:32:47.442142,2,False,False,SYNTHETIC
EV000063300,P0000633,payment.attempted,2026-01-01T18:16:18.013685,2026-01-01T18:16:21.414938,0,False,True,SYNTHETIC
EV000063301,P0000633,payment.authorized,2026-01-01T18:16:20.951448,2026-01-01T18:16:18.347032,1,False,True,SYNTHETIC
EV000063302,P0000633,payment.captured,2026-01-01T18:16:25.330504,2026-01-01T18:16:25.745451,2,False,False,SYNTHETIC
EV000063400,P0000634,payment.attempted,2026-01-01T11:31:14.398320,2026-01-01T11:31:16.245636,0,False,False,SYNTHETIC
EV000063401,P0000634,payment.authorized,2026-01-01T11:31:15.626546,2026-01-01T11:31:16.962348,1,False,False,SYNTHETIC
EV000063402,P0000634,payment.captured,2026-01-01T11:31:18.593797,2026-01-01T11:31:20.937760,2,False,False,SYNTHETIC
EV000063500,P0000635,payment.attempted,2026-01-01T05:00:19.391815,2026-01-01T05:00:23.524864,0,False,True,SYNTHETIC
EV000063501,P0000635,payment.authorized,2026-01-01T05:00:23.067590,2026-01-01T05:00:20.458151,1,False,True,SYNTHETIC
EV000063502,P0000635,payment.captured,2026-01-01T05:00:26.601174,2026-01-01T05:00:27.864335,2,False,False,SYNTHETIC
EV000063600,P0000636,payment.attempted,2026-01-01T04:47:43.796046,2026-01-01T04:47:44.648815,0,False,False,SYNTHETIC
EV000063601,P0000636,payment.authorized,2026-01-01T04:47:48.668167,2026-01-01T04:47:48.819420,1,False,False,SYNTHETIC
EV000063602,P0000636,payment.captured,2026-01-01T04:47:52.781005,2026-01-01T04:47:53.422660,2,False,False,SYNTHETIC
EV000063700,P0000637,payment.attempted,2026-01-01T05:22:50.119970,2026-01-01T05:22:51.283591,0,False,False,SYNTHETIC
EV000063701,P0000637,payment.authorized,2026-01-01T05:22:53.341642,2026-01-01T05:22:53.749432,1,False,False,SYNTHETIC
EV000063702,P0000637,payment.captured,2026-01-01T05:22:56.088936,2026-01-01T05:22:57.687815,2,False,False,SYNTHETIC
EV000063800,P0000638,payment.attempted,2026-01-01T00:20:36.015861,2026-01-01T00:20:37.013714,0,False,False,SYNTHETIC
EV000063801,P0000638,payment.authorized,2026-01-01T00:20:40.110494,2026-01-01T00:20:40.967471,1,False,False,SYNTHETIC
EV000063801D,P0000638,payment.authorized,2026-01-01T00:20:40.110494,2026-01-01T00:20:41.357683,1,True,False,SYNTHETIC
EV000063802,P0000638,payment.captured,2026-01-01T00:20:43.284234,2026-01-01T00:20:43.910044,2,False,False,SYNTHETIC
EV000063900,P0000639,payment.attempted,2026-01-01T08:41:05.929963,2026-01-01T08:41:07.057966,0,False,False,SYNTHETIC
EV000063901,P0000639,payment.authorized,2026-01-01T08:41:09.072408,2026-01-01T08:41:11.581354,1,False,False,SYNTHETIC
EV000063902,P0000639,payment.captured,2026-01-01T08:41:12.000551,2026-01-01T08:41:15.482696,2,False,False,SYNTHETIC
EV000064000,P0000640,payment.attempted,2026-01-01T15:26:02.624661,2026-01-01T15:26:09.024594,0,False,True,SYNTHETIC
EV000064001,P0000640,payment.failed,2026-01-01T15:26:08.779792,2026-01-01T15:26:02.934272,1,False,True,SYNTHETIC
EV000064100,P0000641,payment.attempted,2026-01-01T19:09:15.382095,2026-01-01T19:09:17.759982,0,False,False,SYNTHETIC
EV000064101,P0000641,payment.authorized,2026-01-01T19:09:19.874005,2026-01-01T19:09:20.869457,1,False,False,SYNTHETIC
EV000064102,P0000641,payment.failed,2026-01-01T19:09:27.808963,2026-01-01T19:09:30.436869,2,False,False,SYNTHETIC
EV000064103,P0000641,payment.captured,2026-01-01T19:15:28.190467,2026-01-01T19:15:30.024256,3,False,False,SYNTHETIC
EV000064103D,P0000641,payment.captured,2026-01-01T19:15:28.190467,2026-01-01T19:15:30.750468,3,True,False,SYNTHETIC
EV000064200,P0000642,payment.attempted,2026-01-01T12:26:20.646792,2026-01-01T12:26:28.996678,0,False,True,SYNTHETIC
EV000064201,P0000642,payment.failed,2026-01-01T12:26:27.433872,2026-01-01T12:26:22.188305,1,False,True,SYNTHETIC
EV000064300,P0000643,payment.attempted,2026-01-01T00:55:44.920644,2026-01-01T00:55:50.585856,0,False,True,SYNTHETIC
EV000064301,P0000643,payment.authorized,2026-01-01T00:55:47.565744,2026-01-01T00:55:47.940563,1,False,False,SYNTHETIC
EV000064302,P0000643,payment.captured,2026-01-01T00:55:48.598185,2026-01-01T00:55:45.175270,2,False,True,SYNTHETIC
EV000064400,P0000644,payment.attempted,2026-01-01T01:34:55.620209,2026-01-01T01:34:57.471020,0,False,False,SYNTHETIC
EV000064401,P0000644,payment.authorized,2026-01-01T01:34:57.441747,2026-01-01T01:34:58.036308,1,False,False,SYNTHETIC
EV000064402,P0000644,payment.captured,2026-01-01T01:34:58.598004,2026-01-01T01:34:59.735960,2,False,False,SYNTHETIC
EV000064500,P0000645,payment.attempted,2026-01-01T11:27:43.804799,2026-01-01T11:27:44.846916,0,False,False,SYNTHETIC
EV000064501,P0000645,payment.authorized,2026-01-01T11:27:45.930422,2026-01-01T11:27:46.843300,1,False,False,SYNTHETIC
EV000064502,P0000645,payment.captured,2026-01-01T11:27:49.108841,2026-01-01T11:27:50.119055,2,False,False,SYNTHETIC
EV000064502D,P0000645,payment.captured,2026-01-01T11:27:49.108841,2026-01-01T11:27:50.530012,2,True,False,SYNTHETIC
EV000064600,P0000646,payment.attempted,2026-01-01T00:59:59.623170,2026-01-01T01:00:00.478227,0,False,False,SYNTHETIC
EV000064601,P0000646,payment.authorized,2026-01-01T01:00:03.144513,2026-01-01T01:00:04.001635,1,False,False,SYNTHETIC
EV000064601D,P0000646,payment.authorized,2026-01-01T01:00:03.144513,2026-01-01T01:00:04.519869,1,True,False,SYNTHETIC
EV000064602,P0000646,payment.failed,2026-01-01T01:00:08.126508,2026-01-01T01:00:12.011812,2,False,False,SYNTHETIC
EV000064603,P0000646,payment.captured,2026-01-01T01:06:20.975349,2026-01-01T01:06:21.869685,3,False,False,SYNTHETIC
EV000064700,P0000647,payment.attempted,2026-01-01T18:55:33.847761,2026-01-01T18:55:35.000848,0,False,False,SYNTHETIC
EV000064701,P0000647,payment.authorized,2026-01-01T18:55:36.198464,2026-01-01T18:55:36.604759,1,False,False,SYNTHETIC
EV000064702,P0000647,payment.captured,2026-01-01T18:55:38.155779,2026-01-01T18:55:40.812276,2,False,False,SYNTHETIC
EV000064800,P0000648,payment.attempted,2026-01-01T10:06:24.452214,2026-01-01T10:06:27.152088,0,False,False,SYNTHETIC
EV000064801,P0000648,payment.authorized,2026-01-01T10:06:26.013487,2026-01-01T10:06:28.014378,1,False,False,SYNTHETIC
EV000064802,P0000648,payment.captured,2026-01-01T10:06:30.047730,2026-01-01T10:06:31.454623,2,False,False,SYNTHETIC
EV000064900,P0000649,payment.attempted,2026-01-01T09:59:17.982417,2026-01-01T09:59:18.154064,0,False,False,SYNTHETIC
EV000064901,P0000649,payment.authorized,2026-01-01T09:59:23.874382,2026-01-01T09:59:26.145205,1,False,False,SYNTHETIC
EV000064902,P0000649,payment.captured,2026-01-01T09:59:28.259344,2026-01-01T09:59:29.326775,2,False,False,SYNTHETIC
EV000065000,P0000650,payment.attempted,2026-01-01T04:17:45.094977,2026-01-01T04:17:45.444281,0,False,False,SYNTHETIC
EV000065001,P0000650,payment.authorized,2026-01-01T04:17:46.766343,2026-01-01T04:17:48.048111,1,False,False,SYNTHETIC
EV000065002,P0000650,payment.captured,2026-01-01T04:17:49.556908,2026-01-01T04:17:50.639105,2,False,False,SYNTHETIC
EV000065100,P0000651,payment.attempted,2026-01-01T06:39:09.830978,2026-01-01T06:39:10.876951,0,False,False,SYNTHETIC
EV000065101,P0000651,payment.authorized,2026-01-01T06:39:11.503461,2026-01-01T06:39:11.991118,1,False,False,SYNTHETIC
EV000065102,P0000651,payment.captured,2026-01-01T06:39:13.758389,2026-01-01T06:39:15.011006,2,False,False,SYNTHETIC
EV000065200,P0000652,payment.attempted,2026-01-01T16:28:28.989097,2026-01-01T16:28:29.983789,0,False,False,SYNTHETIC
EV000065201,P0000652,payment.authorized,2026-01-01T16:28:31.129174,2026-01-01T16:28:31.910089,1,False,False,SYNTHETIC
EV000065202,P0000652,payment.captured,2026-01-01T16:28:32.551659,2026-01-01T16:28:35.650413,2,False,False,SYNTHETIC
EV000065300,P0000653,payment.attempted,2026-01-01T00:50:46.496956,2026-01-01T00:50:47.707771,0,False,False,SYNTHETIC
EV000065301,P0000653,payment.authorized,2026-01-01T00:50:49.831638,2026-01-01T00:50:52.120889,1,False,False,SYNTHETIC
EV000065302,P0000653,payment.captured,2026-01-01T00:50:51.804627,2026-01-01T00:50:52.468293,2,False,False,SYNTHETIC
EV000065400,P0000654,payment.attempted,2026-01-01T07:56:16.624655,2026-01-01T07:56:25.836768,0,False,True,SYNTHETIC
EV000065401,P0000654,payment.authorized,2026-01-01T07:56:22.470606,2026-01-01T07:56:17.405447,1,False,True,SYNTHETIC
EV000065402,P0000654,payment.captured,2026-01-01T07:56:26.730245,2026-01-01T07:56:27.815929,2,False,False,SYNTHETIC
EV000065500,P0000655,payment.attempted,2026-01-01T07:29:52.840481,2026-01-01T07:30:36.038261,0,False,True,SYNTHETIC
EV000065501,P0000655,payment.authorized,2026-01-01T07:29:55.418519,2026-01-01T07:29:57.745246,1,False,False,SYNTHETIC
EV000065502,P0000655,payment.captured,2026-01-01T07:29:58.692396,2026-01-01T07:30:35.248642,2,False,False,SYNTHETIC
EV000065502D,P0000655,payment.captured,2026-01-01T07:29:58.692396,2026-01-01T07:29:53.690576,2,True,True,SYNTHETIC
EV000065600,P0000656,payment.attempted,2026-01-01T19:55:22.995125,2026-01-01T19:55:23.745908,0,False,False,SYNTHETIC
EV000065600D,P0000656,payment.attempted,2026-01-01T19:55:22.995125,2026-01-01T19:55:24.545449,0,True,False,SYNTHETIC
EV000065601,P0000656,payment.failed,2026-01-01T19:55:25.866886,2026-01-01T19:55:26.705637,1,False,False,SYNTHETIC
EV000065700,P0000657,payment.attempted,2026-01-01T21:06:15.410137,2026-01-01T21:06:16.286322,0,False,False,SYNTHETIC
EV000065701,P0000657,payment.authorized,2026-01-01T21:06:19.131886,2026-01-01T21:06:21.042253,1,False,False,SYNTHETIC
EV000065702,P0000657,payment.captured,2026-01-01T21:06:22.709397,2026-01-01T21:06:23.824618,2,False,False,SYNTHETIC
EV000065800,P0000658,payment.attempted,2026-01-01T18:28:53.455899,2026-01-01T18:28:54.532071,0,False,False,SYNTHETIC
EV000065801,P0000658,payment.authorized,2026-01-01T18:28:55.404208,2026-01-01T18:28:55.887811,1,False,False,SYNTHETIC
EV000065802,P0000658,payment.captured,2026-01-01T18:28:56.826868,2026-01-01T18:28:57.585938,2,False,False,SYNTHETIC
EV000065900,P0000659,payment.attempted,2026-01-01T03:42:08.150136,2026-01-01T03:42:08.411768,0,False,False,SYNTHETIC
EV000065901,P0000659,payment.authorized,2026-01-01T03:42:09.229308,2026-01-01T03:42:10.159391,1,False,False,SYNTHETIC
EV000065902,P0000659,payment.captured,2026-01-01T03:42:10.695062,2026-01-01T03:42:10.959407,2,False,False,SYNTHETIC
EV000066000,P0000660,payment.attempted,2026-01-01T00:58:59.252249,2026-01-01T00:58:59.705847,0,False,False,SYNTHETIC
EV000066001,P0000660,payment.failed,2026-01-01T00:59:00.856754,2026-01-01T00:59:01.541777,1,False,False,SYNTHETIC
EV000066100,P0000661,payment.attempted,2026-01-01T01:50:44.701489,2026-01-01T01:50:44.961002,0,False,False,SYNTHETIC
EV000066101,P0000661,payment.authorized,2026-01-01T01:50:50.506532,2026-01-01T01:50:50.925250,1,False,False,SYNTHETIC
EV000066102,P0000661,payment.captured,2026-01-01T01:50:52.635048,2026-01-01T01:50:54.470883,2,False,False,SYNTHETIC
EV000066200,P0000662,payment.attempted,2026-01-01T11:39:56.530601,2026-01-01T11:39:56.831295,0,False,False,SYNTHETIC
EV000066201,P0000662,payment.authorized,2026-01-01T11:40:00.847220,2026-01-01T11:40:01.338367,1,False,False,SYNTHETIC
EV000066202,P0000662,payment.captured,2026-01-01T11:40:02.056839,2026-01-01T11:40:02.595289,2,False,False,SYNTHETIC
EV000066300,P0000663,payment.attempted,2026-01-01T09:30:17.159525,2026-01-01T09:30:19.331566,0,False,False,SYNTHETIC
EV000066301,P0000663,payment.authorized,2026-01-01T09:30:22.936771,2026-01-01T09:30:23.355071,1,False,False,SYNTHETIC
EV000066302,P0000663,payment.captured,2026-01-01T09:30:25.337076,2026-01-01T09:30:26.443915,2,False,False,SYNTHETIC
EV000066400,P0000664,payment.attempted,2026-01-01T12:22:48.455895,2026-01-01T12:22:49.421187,0,False,False,SYNTHETIC
EV000066401,P0000664,payment.authorized,2026-01-01T12:22:53.873281,2026-01-01T12:22:53.991715,1,False,False,SYNTHETIC
EV000066402,P0000664,payment.captured,2026-01-01T12:22:55.365788,2026-01-01T12:22:56.097917,2,False,False,SYNTHETIC
EV000066402D,P0000664,payment.captured,2026-01-01T12:22:55.365788,2026-01-01T12:22:56.389599,2,True,False,SYNTHETIC
EV000066500,P0000665,payment.attempted,2026-01-01T03:14:00.602930,2026-01-01T03:14:00.983371,0,False,False,SYNTHETIC
EV000066501,P0000665,payment.failed,2026-01-01T03:14:06.426222,2026-01-01T03:14:06.611861,1,False,False,SYNTHETIC
EV000066600,P0000666,payment.attempted,2026-01-01T05:48:02.293981,2026-01-01T05:48:04.588325,0,False,False,SYNTHETIC
EV000066601,P0000666,payment.authorized,2026-01-01T05:48:03.558473,2026-01-01T05:48:05.578103,1,False,False,SYNTHETIC
EV000066602,P0000666,payment.captured,2026-01-01T05:48:05.107394,2026-01-01T05:48:07.675532,2,False,False,SYNTHETIC
EV000066700,P0000667,payment.attempted,2026-01-01T16:17:09.613423,2026-01-01T16:17:11.769088,0,False,False,SYNTHETIC
EV000066701,P0000667,payment.authorized,2026-01-01T16:17:11.862625,2026-01-01T16:17:15.511243,1,False,False,SYNTHETIC
EV000066702,P0000667,payment.captured,2026-01-01T16:17:12.965785,2026-01-01T16:17:14.813053,2,False,False,SYNTHETIC
EV000066800,P0000668,payment.attempted,2026-01-01T23:18:38.262641,2026-01-01T23:18:39.085935,0,False,False,SYNTHETIC
EV000066801,P0000668,payment.authorized,2026-01-01T23:18:41.747638,2026-01-01T23:18:42.829491,1,False,False,SYNTHETIC
EV000066802,P0000668,payment.captured,2026-01-01T23:18:45.273126,2026-01-01T23:18:46.248774,2,False,False,SYNTHETIC
EV000066900,P0000669,payment.attempted,2026-01-01T08:22:10.351910,2026-01-01T08:22:12.491600,0,False,False,SYNTHETIC
EV000066901,P0000669,payment.authorized,2026-01-01T08:22:12.083439,2026-01-01T08:27:57.116629,1,False,True,SYNTHETIC
EV000066902,P0000669,payment.failed,2026-01-01T08:22:16.428576,2026-01-01T08:22:16.824728,2,False,False,SYNTHETIC
EV000066903,P0000669,payment.captured,2026-01-01T08:27:56.241790,2026-01-01T08:22:12.640186,3,False,True,SYNTHETIC
EV000067000,P0000670,payment.attempted,2026-01-01T04:36:27.636010,2026-01-01T04:36:29.071445,0,False,False,SYNTHETIC
EV000067001,P0000670,payment.authorized,2026-01-01T04:36:29.547017,2026-01-01T04:36:32.787841,1,False,False,SYNTHETIC
EV000067002,P0000670,payment.captured,2026-01-01T04:36:30.727309,2026-01-01T04:36:32.137684,2,False,False,SYNTHETIC
EV000067100,P0000671,payment.attempted,2026-01-01T03:32:53.731560,2026-01-01T03:32:54.577941,0,False,False,SYNTHETIC
EV000067101,P0000671,payment.failed,2026-01-01T03:32:58.108476,2026-01-01T03:33:00.204218,1,False,False,SYNTHETIC
EV000067200,P0000672,payment.attempted,2026-01-01T01:46:36.754494,2026-01-01T01:46:38.277374,0,False,False,SYNTHETIC
EV000067200D,P0000672,payment.attempted,2026-01-01T01:46:36.754494,2026-01-01T01:46:38.699629,0,True,False,SYNTHETIC
EV000067201,P0000672,payment.authorized,2026-01-01T01:46:41.996013,2026-01-01T01:46:42.640325,1,False,False,SYNTHETIC
EV000067202,P0000672,payment.captured,2026-01-01T01:46:45.382959,2026-01-01T01:46:45.652692,2,False,False,SYNTHETIC
EV000067300,P0000673,payment.attempted,2026-01-01T15:29:57.562433,2026-01-01T15:30:00.401984,0,False,False,SYNTHETIC
EV000067301,P0000673,payment.authorized,2026-01-01T15:29:58.881786,2026-01-01T15:30:00.291156,1,False,False,SYNTHETIC
EV000067302,P0000673,payment.captured,2026-01-01T15:30:01.564312,2026-01-01T15:30:02.530293,2,False,False,SYNTHETIC
EV000067400,P0000674,payment.attempted,2026-01-01T15:26:08.852887,2026-01-01T15:26:09.617594,0,False,False,SYNTHETIC
EV000067401,P0000674,payment.authorized,2026-01-01T15:26:13.630503,2026-01-01T15:26:15.879534,1,False,False,SYNTHETIC
EV000067402,P0000674,payment.failed,2026-01-01T15:26:17.160802,2026-01-01T15:26:18.359667,2,False,False,SYNTHETIC
EV000067403,P0000674,payment.captured,2026-01-01T15:32:35.552573,2026-01-01T15:32:36.349531,3,False,False,SYNTHETIC
EV000067500,P0000675,payment.attempted,2026-01-01T23:42:09.804198,2026-01-01T23:42:10.643887,0,False,False,SYNTHETIC
EV000067501,P0000675,payment.authorized,2026-01-01T23:42:13.343939,2026-01-01T23:42:13.519724,1,False,False,SYNTHETIC
EV000067502,P0000675,payment.captured,2026-01-01T23:42:17.646183,2026-01-01T23:42:17.933859,2,False,False,SYNTHETIC
EV000067600,P0000676,payment.attempted,2026-01-01T11:33:22.660224,2026-01-01T11:33:23.571539,0,False,False,SYNTHETIC
EV000067601,P0000676,payment.authorized,2026-01-01T11:33:25.440224,2026-01-01T11:33:26.270795,1,False,False,SYNTHETIC
EV000067602,P0000676,payment.captured,2026-01-01T11:33:28.508475,2026-01-01T11:33:29.321458,2,False,False,SYNTHETIC
EV000067700,P0000677,payment.attempted,2026-01-01T10:08:00.128540,2026-01-01T10:08:00.676590,0,False,False,SYNTHETIC
EV000067701,P0000677,payment.failed,2026-01-01T10:08:02.662630,2026-01-01T10:08:28.454522,1,False,False,SYNTHETIC
EV000067800,P0000678,payment.attempted,2026-01-01T14:00:28.831395,2026-01-01T14:00:29.374624,0,False,False,SYNTHETIC
EV000067801,P0000678,payment.authorized,2026-01-01T14:00:33.504566,2026-01-01T14:00:33.854549,1,False,False,SYNTHETIC
EV000067802,P0000678,payment.captured,2026-01-01T14:00:34.857663,2026-01-01T14:00:35.114908,2,False,False,SYNTHETIC
EV000067900,P0000679,payment.attempted,2026-01-01T03:34:59.522110,2026-01-01T03:34:59.950811,0,False,False,SYNTHETIC
EV000067901,P0000679,payment.authorized,2026-01-01T03:35:05.437683,2026-01-01T03:35:05.869148,1,False,False,SYNTHETIC
EV000067902,P0000679,payment.failed,2026-01-01T03:35:10.608526,2026-01-01T03:35:11.313670,2,False,False,SYNTHETIC
EV000067903,P0000679,payment.captured,2026-01-01T03:38:42.345428,2026-01-01T03:38:43.300534,3,False,False,SYNTHETIC
EV000068000,P0000680,payment.attempted,2026-01-01T08:53:53.191067,2026-01-01T08:53:56.057503,0,False,False,SYNTHETIC
EV000068001,P0000680,payment.authorized,2026-01-01T08:53:58.810555,2026-01-01T08:54:02.376382,1,False,False,SYNTHETIC
EV000068002,P0000680,payment.captured,2026-01-01T08:54:01.563940,2026-01-01T08:54:03.353300,2,False,False,SYNTHETIC
EV000068100,P0000681,payment.attempted,2026-01-01T23:56:53.827389,2026-01-01T23:56:54.333842,0,False,False,SYNTHETIC
EV000068101,P0000681,payment.authorized,2026-01-01T23:56:58.305565,2026-01-01T23:56:59.135141,1,False,False,SYNTHETIC
EV000068102,P0000681,payment.captured,2026-01-01T23:56:59.537200,2026-01-01T23:57:00.226483,2,False,False,SYNTHETIC
EV000068200,P0000682,payment.attempted,2026-01-01T23:40:50.586848,2026-01-01T23:40:51.169012,0,False,False,SYNTHETIC
EV000068201,P0000682,payment.authorized,2026-01-01T23:40:55.329663,2026-01-01T23:40:55.666719,1,False,False,SYNTHETIC
EV000068201D,P0000682,payment.authorized,2026-01-01T23:40:55.329663,2026-01-01T23:40:56.063738,1,True,False,SYNTHETIC
EV000068202,P0000682,payment.captured,2026-01-01T23:40:58.397337,2026-01-01T23:40:59.431069,2,False,False,SYNTHETIC
EV000068300,P0000683,payment.attempted,2026-01-01T08:08:33.802177,2026-01-01T08:08:34.440919,0,False,False,SYNTHETIC
EV000068301,P0000683,payment.authorized,2026-01-01T08:08:39.399363,2026-01-01T08:09:28.116977,1,False,False,SYNTHETIC
EV000068302,P0000683,payment.captured,2026-01-01T08:08:43.892149,2026-01-01T08:08:45.395932,2,False,False,SYNTHETIC
EV000068400,P0000684,payment.attempted,2026-01-01T21:25:28.777845,2026-01-01T21:25:29.442500,0,False,False,SYNTHETIC
EV000068401,P0000684,payment.authorized,2026-01-01T21:25:32.082661,2026-01-01T21:25:32.702298,1,False,False,SYNTHETIC
EV000068402,P0000684,payment.captured,2026-01-01T21:25:34.554450,2026-01-01T21:25:34.947850,2,False,False,SYNTHETIC
EV000068500,P0000685,payment.attempted,2026-01-01T20:18:56.676290,2026-01-01T20:18:57.609418,0,False,False,SYNTHETIC
EV000068501,P0000685,payment.authorized,2026-01-01T20:18:59.102845,2026-01-01T20:19:00.267497,1,False,False,SYNTHETIC
EV000068502,P0000685,payment.captured,2026-01-01T20:19:03.612575,2026-01-01T20:19:05.195459,2,False,False,SYNTHETIC
EV000068600,P0000686,payment.attempted,2026-01-01T00:13:34.550766,2026-01-01T00:13:34.933142,0,False,False,SYNTHETIC
EV000068601,P0000686,payment.failed,2026-01-01T00:13:37.251133,2026-01-01T00:13:37.940675,1,False,False,SYNTHETIC
EV000068700,P0000687,payment.attempted,2026-01-01T20:08:37.519499,2026-01-01T20:08:38.600717,0,False,False,SYNTHETIC
EV000068701,P0000687,payment.authorized,2026-01-01T20:08:38.969049,2026-01-01T20:08:39.778432,1,False,False,SYNTHETIC
EV000068702,P0000687,payment.captured,2026-01-01T20:08:40.277100,2026-01-01T20:08:40.811084,2,False,False,SYNTHETIC
EV000068800,P0000688,payment.attempted,2026-01-01T00:32:02.226638,2026-01-01T00:32:03.771281,0,False,False,SYNTHETIC
EV000068801,P0000688,payment.authorized,2026-01-01T00:32:03.816242,2026-01-01T00:32:06.042858,1,False,False,SYNTHETIC
EV000068802,P0000688,payment.captured,2026-01-01T00:32:06.793787,2026-01-01T00:32:07.526780,2,False,False,SYNTHETIC
EV000068900,P0000689,payment.attempted,2026-01-01T09:16:37.945379,2026-01-01T09:16:38.675226,0,False,False,SYNTHETIC
EV000068901,P0000689,payment.failed,2026-01-01T09:16:45.916443,2026-01-01T09:16:46.835302,1,False,False,SYNTHETIC
EV000069000,P0000690,payment.attempted,2026-01-01T08:48:00.247188,2026-01-01T08:48:00.663284,0,False,False,SYNTHETIC
EV000069001,P0000690,payment.authorized,2026-01-01T08:48:01.992740,2026-01-01T08:48:02.967554,1,False,False,SYNTHETIC
EV000069002,P0000690,payment.captured,2026-01-01T08:48:03.961480,2026-01-01T08:48:04.735211,2,False,False,SYNTHETIC
EV000069100,P0000691,payment.attempted,2026-01-01T14:23:49.375754,2026-01-01T14:23:50.576832,0,False,False,SYNTHETIC
EV000069101,P0000691,payment.authorized,2026-01-01T14:23:52.653940,2026-01-01T14:23:53.741287,1,False,False,SYNTHETIC
EV000069102,P0000691,payment.captured,2026-01-01T14:23:56.344770,2026-01-01T14:23:59.101981,2,False,False,SYNTHETIC
EV000069200,P0000692,payment.attempted,2026-01-01T12:36:13.251480,2026-01-01T12:36:13.605901,0,False,False,SYNTHETIC
EV000069201,P0000692,payment.authorized,2026-01-01T12:36:18.241461,2026-01-01T12:37:09.374369,1,False,False,SYNTHETIC
EV000069202,P0000692,payment.captured,2026-01-01T12:36:21.815368,2026-01-01T12:36:21.916647,2,False,False,SYNTHETIC
EV000069300,P0000693,payment.attempted,2026-01-01T16:21:53.673987,2026-01-01T16:21:55.489521,0,False,False,SYNTHETIC
EV000069301,P0000693,payment.authorized,2026-01-01T16:21:54.944425,2026-01-01T16:21:55.999929,1,False,False,SYNTHETIC
EV000069302,P0000693,payment.captured,2026-01-01T16:21:59.316507,2026-01-01T16:22:03.312545,2,False,False,SYNTHETIC
EV000069400,P0000694,payment.attempted,2026-01-01T14:57:13.222663,2026-01-01T14:57:16.641842,0,False,False,SYNTHETIC
EV000069401,P0000694,payment.authorized,2026-01-01T14:57:18.992635,2026-01-01T14:57:20.383508,1,False,False,SYNTHETIC
EV000069402,P0000694,payment.failed,2026-01-01T14:57:23.182231,2026-01-01T14:57:24.202773,2,False,False,SYNTHETIC
EV000069403,P0000694,payment.captured,2026-01-01T15:00:34.659612,2026-01-01T15:00:35.505583,3,False,False,SYNTHETIC
EV000069500,P0000695,payment.attempted,2026-01-01T20:32:10.577304,2026-01-01T20:32:11.451806,0,False,False,SYNTHETIC
EV000069501,P0000695,payment.authorized,2026-01-01T20:32:15.109313,2026-01-01T20:32:15.993010,1,False,False,SYNTHETIC
EV000069502,P0000695,payment.captured,2026-01-01T20:32:19.549868,2026-01-01T20:32:19.802548,2,False,False,SYNTHETIC
EV000069600,P0000696,payment.attempted,2026-01-01T00:03:55.492797,2026-01-01T00:03:55.973997,0,False,False,SYNTHETIC
EV000069601,P0000696,payment.authorized,2026-01-01T00:03:56.958042,2026-01-01T00:03:59.004020,1,False,False,SYNTHETIC
EV000069602,P0000696,payment.captured,2026-01-01T00:04:00.509790,2026-01-01T00:04:01.619809,2,False,False,SYNTHETIC
EV000069700,P0000697,payment.attempted,2026-01-01T08:24:02.786482,2026-01-01T08:24:03.148334,0,False,False,SYNTHETIC
EV000069701,P0000697,payment.authorized,2026-01-01T08:24:07.160498,2026-01-01T08:24:08.465680,1,False,False,SYNTHETIC
EV000069702,P0000697,payment.captured,2026-01-01T08:24:11.146507,2026-01-01T08:24:12.140957,2,False,False,SYNTHETIC
EV000069800,P0000698,payment.attempted,2026-01-01T15:18:53.677219,2026-01-01T15:18:53.919674,0,False,False,SYNTHETIC
EV000069801,P0000698,payment.authorized,2026-01-01T15:18:54.761570,2026-01-01T15:18:54.929824,1,False,False,SYNTHETIC
EV000069802,P0000698,payment.captured,2026-01-01T15:18:59.424467,2026-01-01T15:18:59.644533,2,False,False,SYNTHETIC
EV000069900,P0000699,payment.attempted,2026-01-01T19:33:56.319409,2026-01-01T19:33:56.595013,0,False,False,SYNTHETIC
EV000069901,P0000699,payment.authorized,2026-01-01T19:33:59.057791,2026-01-01T19:33:59.408763,1,False,False,SYNTHETIC
EV000069902,P0000699,payment.captured,2026-01-01T19:34:03.710508,2026-01-01T19:34:04.763821,2,False,False,SYNTHETIC
EV000070000,P0000700,payment.attempted,2026-01-01T07:09:52.001512,2026-01-01T07:09:52.264803,0,False,False,SYNTHETIC
EV000070001,P0000700,payment.authorized,2026-01-01T07:09:56.747110,2026-01-01T07:09:58.609710,1,False,False,SYNTHETIC
EV000070002,P0000700,payment.captured,2026-01-01T07:10:01.663506,2026-01-01T07:10:02.236053,2,False,False,SYNTHETIC
EV000070100,P0000701,payment.attempted,2026-01-01T12:08:52.298127,2026-01-01T12:08:53.817551,0,False,False,SYNTHETIC
EV000070101,P0000701,payment.authorized,2026-01-01T12:08:54.622877,2026-01-01T12:08:56.378274,1,False,False,SYNTHETIC
EV000070102,P0000701,payment.captured,2026-01-01T12:08:58.671086,2026-01-01T12:09:00.043172,2,False,False,SYNTHETIC
EV000070200,P0000702,payment.attempted,2026-01-01T06:54:27.526269,2026-01-01T06:54:28.029409,0,False,False,SYNTHETIC
EV000070201,P0000702,payment.authorized,2026-01-01T06:54:32.476719,2026-01-01T06:54:37.272963,1,False,False,SYNTHETIC
EV000070202,P0000702,payment.captured,2026-01-01T06:54:34.288712,2026-01-01T06:54:36.835247,2,False,False,SYNTHETIC
EV000070300,P0000703,payment.attempted,2026-01-01T07:51:44.506594,2026-01-01T07:51:46.745051,0,False,False,SYNTHETIC
EV000070301,P0000703,payment.authorized,2026-01-01T07:51:47.505080,2026-01-01T07:51:51.535239,1,False,False,SYNTHETIC
EV000070302,P0000703,payment.captured,2026-01-01T07:51:52.236956,2026-01-01T07:51:54.131506,2,False,False,SYNTHETIC
EV000070400,P0000704,payment.attempted,2026-01-01T19:36:10.028458,2026-01-01T19:36:10.959691,0,False,False,SYNTHETIC
EV000070400D,P0000704,payment.attempted,2026-01-01T19:36:10.028458,2026-01-01T19:36:11.327056,0,True,False,SYNTHETIC
EV000070401,P0000704,payment.authorized,2026-01-01T19:36:15.475077,2026-01-01T19:36:16.948197,1,False,False,SYNTHETIC
EV000070402,P0000704,payment.captured,2026-01-01T19:36:17.904998,2026-01-01T19:36:19.308504,2,False,False,SYNTHETIC
EV000070500,P0000705,payment.attempted,2026-01-01T12:07:33.878185,2026-01-01T12:07:34.096864,0,False,False,SYNTHETIC
EV000070501,P0000705,payment.authorized,2026-01-01T12:07:39.840681,2026-01-01T12:07:40.589248,1,False,False,SYNTHETIC
EV000070502,P0000705,payment.captured,2026-01-01T12:07:41.185591,2026-01-01T12:07:42.036391,2,False,False,SYNTHETIC
EV000070600,P0000706,payment.attempted,2026-01-01T03:41:07.196791,2026-01-01T03:41:14.472208,0,False,True,SYNTHETIC
EV000070601,P0000706,payment.authorized,2026-01-01T03:41:09.692493,2026-01-01T03:41:10.632487,1,False,False,SYNTHETIC
EV000070602,P0000706,payment.captured,2026-01-01T03:41:12.948679,2026-01-01T03:41:08.867705,2,False,True,SYNTHETIC
EV000070700,P0000707,payment.attempted,2026-01-01T11:44:38.807718,2026-01-01T11:44:39.544901,0,False,False,SYNTHETIC
EV000070701,P0000707,payment.failed,2026-01-01T11:44:43.406878,2026-01-01T11:44:43.792822,1,False,False,SYNTHETIC
EV000070800,P0000708,payment.attempted,2026-01-01T02:39:26.926337,2026-01-01T02:39:27.810243,0,False,False,SYNTHETIC
EV000070801,P0000708,payment.authorized,2026-01-01T02:39:29.679174,2026-01-01T02:39:29.831569,1,False,False,SYNTHETIC
EV000070802,P0000708,payment.captured,2026-01-01T02:39:30.866765,2026-01-01T02:39:31.210977,2,False,False,SYNTHETIC
EV000070900,P0000709,payment.attempted,2026-01-01T16:52:31.893131,2026-01-01T16:52:32.903918,0,False,False,SYNTHETIC
EV000070901,P0000709,payment.authorized,2026-01-01T16:52:36.461135,2026-01-01T16:52:37.217693,1,False,False,SYNTHETIC
EV000070901D,P0000709,payment.authorized,2026-01-01T16:52:36.461135,2026-01-01T16:52:37.507238,1,True,False,SYNTHETIC
EV000070902,P0000709,payment.captured,2026-01-01T16:52:40.090575,2026-01-01T16:52:40.421902,2,False,False,SYNTHETIC
EV000071000,P0000710,payment.attempted,2026-01-01T16:54:09.972209,2026-01-01T16:54:10.661616,0,False,False,SYNTHETIC
EV000071001,P0000710,payment.authorized,2026-01-01T16:54:14.179127,2026-01-01T16:54:14.456168,1,False,False,SYNTHETIC
EV000071002,P0000710,payment.captured,2026-01-01T16:54:16.341429,2026-01-01T16:54:16.831594,2,False,False,SYNTHETIC
EV000071100,P0000711,payment.attempted,2026-01-01T06:10:13.402015,2026-01-01T06:10:13.849011,0,False,False,SYNTHETIC
EV000071101,P0000711,payment.failed,2026-01-01T06:10:19.288103,2026-01-01T06:10:19.599857,1,False,False,SYNTHETIC
EV000071200,P0000712,payment.attempted,2026-01-01T04:43:32.972014,2026-01-01T04:43:33.384100,0,False,False,SYNTHETIC
EV000071201,P0000712,payment.authorized,2026-01-01T04:43:37.610500,2026-01-01T04:43:38.150886,1,False,False,SYNTHETIC
EV000071202,P0000712,payment.captured,2026-01-01T04:43:38.674393,2026-01-01T04:43:39.700158,2,False,False,SYNTHETIC
EV000071300,P0000713,payment.attempted,2026-01-01T03:56:09.025377,2026-01-01T03:56:09.504248,0,False,False,SYNTHETIC
EV000071301,P0000713,payment.authorized,2026-01-01T03:56:12.336668,2026-01-01T03:56:12.504439,1,False,False,SYNTHETIC
EV000071301D,P0000713,payment.authorized,2026-01-01T03:56:12.336668,2026-01-01T03:56:12.842330,1,True,False,SYNTHETIC
EV000071302,P0000713,payment.captured,2026-01-01T03:56:14.700284,2026-01-01T03:56:15.548728,2,False,False,SYNTHETIC
EV000071400,P0000714,payment.attempted,2026-01-01T06:51:24.354391,2026-01-01T06:51:24.836019,0,False,False,SYNTHETIC
EV000071401,P0000714,payment.authorized,2026-01-01T06:51:27.405853,2026-01-01T06:51:29.280317,1,False,False,SYNTHETIC
EV000071402,P0000714,payment.captured,2026-01-01T06:51:29.338058,2026-01-01T06:51:30.810788,2,False,False,SYNTHETIC
EV000071500,P0000715,payment.attempted,2026-01-01T10:02:15.794567,2026-01-01T10:02:50.298424,0,False,False,SYNTHETIC
EV000071501,P0000715,payment.authorized,2026-01-01T10:02:18.398381,2026-01-01T10:02:19.367096,1,False,False,SYNTHETIC
EV000071502,P0000715,payment.captured,2026-01-01T10:02:21.996263,2026-01-01T10:02:25.876280,2,False,False,SYNTHETIC
EV000071600,P0000716,payment.attempted,2026-01-01T17:12:59.911078,2026-01-01T17:13:00.476923,0,False,False,SYNTHETIC
EV000071601,P0000716,payment.authorized,2026-01-01T17:13:05.617951,2026-01-01T17:13:06.620562,1,False,False,SYNTHETIC
EV000071602,P0000716,payment.captured,2026-01-01T17:13:07.315541,2026-01-01T17:13:08.164008,2,False,False,SYNTHETIC
EV000071700,P0000717,payment.attempted,2026-01-01T04:35:31.584058,2026-01-01T04:35:31.808462,0,False,False,SYNTHETIC
EV000071701,P0000717,payment.failed,2026-01-01T04:35:37.014119,2026-01-01T04:35:37.793574,1,False,False,SYNTHETIC
EV000071800,P0000718,payment.attempted,2026-01-01T17:40:14.415340,2026-01-01T17:40:14.943381,0,False,False,SYNTHETIC
EV000071801,P0000718,payment.authorized,2026-01-01T17:40:20.328521,2026-01-01T17:40:20.612406,1,False,False,SYNTHETIC
EV000071802,P0000718,payment.captured,2026-01-01T17:40:23.691385,2026-01-01T17:40:24.174982,2,False,False,SYNTHETIC
EV000071802D,P0000718,payment.captured,2026-01-01T17:40:23.691385,2026-01-01T17:40:24.416081,2,True,False,SYNTHETIC
EV000071900,P0000719,payment.attempted,2026-01-01T11:39:34.948486,2026-01-01T11:39:35.765808,0,False,False,SYNTHETIC
EV000071901,P0000719,payment.authorized,2026-01-01T11:39:35.973574,2026-01-01T11:39:39.852409,1,False,False,SYNTHETIC
EV000071902,P0000719,payment.captured,2026-01-01T11:39:40.717967,2026-01-01T11:39:41.329736,2,False,False,SYNTHETIC
EV000072000,P0000720,payment.attempted,2026-01-01T14:09:29.538879,2026-01-01T14:09:30.248115,0,False,False,SYNTHETIC
EV000072001,P0000720,payment.authorized,2026-01-01T14:09:32.740081,2026-01-01T14:09:33.204606,1,False,False,SYNTHETIC
EV000072002,P0000720,payment.captured,2026-01-01T14:09:35.492274,2026-01-01T14:09:37.066241,2,False,False,SYNTHETIC
EV000072100,P0000721,payment.attempted,2026-01-01T13:56:46.133196,2026-01-01T13:56:48.170965,0,False,False,SYNTHETIC
EV000072100D,P0000721,payment.attempted,2026-01-01T13:56:46.133196,2026-01-01T13:56:48.567588,0,True,False,SYNTHETIC
EV000072101,P0000721,payment.authorized,2026-01-01T13:56:51.420331,2026-01-01T13:56:52.018827,1,False,False,SYNTHETIC
EV000072102,P0000721,payment.captured,2026-01-01T13:56:52.578020,2026-01-01T13:56:54.891055,2,False,False,SYNTHETIC
EV000072200,P0000722,payment.attempted,2026-01-01T19:31:25.354902,2026-01-01T19:31:25.824620,0,False,False,SYNTHETIC
EV000072200D,P0000722,payment.attempted,2026-01-01T19:31:25.354902,2026-01-01T19:31:26.341372,0,True,False,SYNTHETIC
EV000072201,P0000722,payment.authorized,2026-01-01T19:31:29.678283,2026-01-01T19:31:30.683132,1,False,False,SYNTHETIC
EV000072202,P0000722,payment.captured,2026-01-01T19:31:32.245255,2026-01-01T19:31:34.045918,2,False,False,SYNTHETIC
EV000072300,P0000723,payment.attempted,2026-01-01T02:02:47.960443,2026-01-01T02:02:49.483503,0,False,False,SYNTHETIC
EV000072301,P0000723,payment.authorized,2026-01-01T02:02:53.579121,2026-01-01T02:02:55.170031,1,False,False,SYNTHETIC
EV000072302,P0000723,payment.captured,2026-01-01T02:02:57.071177,2026-01-01T02:02:57.965658,2,False,False,SYNTHETIC
EV000072400,P0000724,payment.attempted,2026-01-01T03:55:00.139796,2026-01-01T03:55:01.051445,0,False,False,SYNTHETIC
EV000072401,P0000724,payment.authorized,2026-01-01T03:55:03.065073,2026-01-01T03:55:04.723411,1,False,False,SYNTHETIC
EV000072402,P0000724,payment.captured,2026-01-01T03:55:05.522866,2026-01-01T03:55:07.051385,2,False,False,SYNTHETIC
EV000072500,P0000725,payment.attempted,2026-01-01T14:52:05.654792,2026-01-01T14:52:07.810895,0,False,True,SYNTHETIC
EV000072501,P0000725,payment.authorized,2026-01-01T14:52:07.264206,2026-01-01T14:52:06.857023,1,False,True,SYNTHETIC
EV000072502,P0000725,payment.captured,2026-01-01T14:52:11.652565,2026-01-01T14:52:12.979825,2,False,False,SYNTHETIC
EV000072600,P0000726,payment.attempted,2026-01-01T22:42:45.588182,2026-01-01T22:42:46.136374,0,False,False,SYNTHETIC
EV000072601,P0000726,payment.authorized,2026-01-01T22:42:48.553932,2026-01-01T22:42:49.208618,1,False,False,SYNTHETIC
EV000072602,P0000726,payment.captured,2026-01-01T22:42:51.353794,2026-01-01T22:42:53.158319,2,False,False,SYNTHETIC
EV000072700,P0000727,payment.attempted,2026-01-01T23:31:13.368386,2026-01-01T23:31:14.160710,0,False,False,SYNTHETIC
EV000072700D,P0000727,payment.attempted,2026-01-01T23:31:13.368386,2026-01-01T23:31:14.818317,0,True,False,SYNTHETIC
EV000072701,P0000727,payment.authorized,2026-01-01T23:31:14.919794,2026-01-01T23:31:17.702408,1,False,False,SYNTHETIC
EV000072701D,P0000727,payment.authorized,2026-01-01T23:31:14.919794,2026-01-01T23:31:18.995152,1,True,False,SYNTHETIC
EV000072702,P0000727,payment.captured,2026-01-01T23:31:17.425831,2026-01-01T23:31:20.100221,2,False,False,SYNTHETIC
EV000072800,P0000728,payment.attempted,2026-01-01T03:09:36.297066,2026-01-01T03:09:37.578916,0,False,False,SYNTHETIC
EV000072801,P0000728,payment.authorized,2026-01-01T03:09:39.001525,2026-01-01T03:09:39.496996,1,False,False,SYNTHETIC
EV000072802,P0000728,payment.captured,2026-01-01T03:09:43.377092,2026-01-01T03:09:45.021230,2,False,False,SYNTHETIC
EV000072900,P0000729,payment.attempted,2026-01-01T10:14:51.856429,2026-01-01T10:14:54.219327,0,False,False,SYNTHETIC
EV000072901,P0000729,payment.authorized,2026-01-01T10:14:53.849354,2026-01-01T10:14:56.015381,1,False,False,SYNTHETIC
EV000072901D,P0000729,payment.authorized,2026-01-01T10:14:53.849354,2026-01-01T10:14:56.562732,1,True,False,SYNTHETIC
EV000072902,P0000729,payment.captured,2026-01-01T10:14:57.069294,2026-01-01T10:14:57.777638,2,False,False,SYNTHETIC
EV000073000,P0000730,payment.attempted,2026-01-01T18:30:29.799342,2026-01-01T18:30:30.227636,0,False,False,SYNTHETIC
EV000073001,P0000730,payment.authorized,2026-01-01T18:30:35.474821,2026-01-01T18:30:36.490934,1,False,False,SYNTHETIC
EV000073002,P0000730,payment.captured,2026-01-01T18:30:39.957205,2026-01-01T18:31:02.232779,2,False,False,SYNTHETIC
EV000073100,P0000731,payment.attempted,2026-01-01T04:04:20.321996,2026-01-01T04:04:20.802893,0,False,False,SYNTHETIC
EV000073101,P0000731,payment.authorized,2026-01-01T04:04:21.565660,2026-01-01T04:04:21.753929,1,False,False,SYNTHETIC
EV000073102,P0000731,payment.captured,2026-01-01T04:04:25.293418,2026-01-01T04:04:25.771326,2,False,False,SYNTHETIC
EV000073200,P0000732,payment.attempted,2026-01-01T17:58:00.101555,2026-01-01T17:58:00.791170,0,False,False,SYNTHETIC
EV000073201,P0000732,payment.authorized,2026-01-01T17:58:01.746926,2026-01-01T17:58:02.014784,1,False,False,SYNTHETIC
EV000073202,P0000732,payment.captured,2026-01-01T17:58:03.167117,2026-01-01T17:58:04.229977,2,False,False,SYNTHETIC
EV000073300,P0000733,payment.attempted,2026-01-01T17:58:07.187820,2026-01-01T17:58:07.498087,0,False,False,SYNTHETIC
EV000073301,P0000733,payment.authorized,2026-01-01T17:58:12.292798,2026-01-01T17:58:13.389985,1,False,False,SYNTHETIC
EV000073302,P0000733,payment.captured,2026-01-01T17:58:14.672768,2026-01-01T17:58:15.899274,2,False,False,SYNTHETIC
EV000073302D,P0000733,payment.captured,2026-01-01T17:58:14.672768,2026-01-01T17:58:16.452005,2,True,False,SYNTHETIC
EV000073400,P0000734,payment.attempted,2026-01-01T04:14:27.173123,2026-01-01T04:14:27.466163,0,False,False,SYNTHETIC
EV000073401,P0000734,payment.authorized,2026-01-01T04:14:32.036135,2026-01-01T04:14:33.211187,1,False,False,SYNTHETIC
EV000073402,P0000734,payment.captured,2026-01-01T04:14:36.179487,2026-01-01T04:14:36.875344,2,False,False,SYNTHETIC
EV000073500,P0000735,payment.attempted,2026-01-01T13:52:26.794450,2026-01-01T13:52:27.288879,0,False,False,SYNTHETIC
EV000073501,P0000735,payment.authorized,2026-01-01T13:52:31.717987,2026-01-01T13:52:32.435281,1,False,False,SYNTHETIC
EV000073502,P0000735,payment.failed,2026-01-01T13:52:39.444510,2026-01-01T13:52:39.736267,2,False,False,SYNTHETIC
EV000073503,P0000735,payment.captured,2026-01-01T13:58:53.694170,2026-01-01T13:58:53.953664,3,False,False,SYNTHETIC
EV000073600,P0000736,payment.attempted,2026-01-01T17:36:14.385433,2026-01-01T17:36:16.757538,0,False,False,SYNTHETIC
EV000073601,P0000736,payment.failed,2026-01-01T17:36:19.278909,2026-01-01T17:36:20.775012,1,False,False,SYNTHETIC
EV000073700,P0000737,payment.attempted,2026-01-01T10:40:34.379075,2026-01-01T10:40:36.002559,0,False,False,SYNTHETIC
EV000073700D,P0000737,payment.attempted,2026-01-01T10:40:34.379075,2026-01-01T10:40:36.483606,0,True,False,SYNTHETIC
EV000073701,P0000737,payment.authorized,2026-01-01T10:40:38.733592,2026-01-01T10:40:41.734253,1,False,False,SYNTHETIC
EV000073702,P0000737,payment.captured,2026-01-01T10:40:43.025127,2026-01-01T10:40:44.058591,2,False,False,SYNTHETIC
EV000073800,P0000738,payment.attempted,2026-01-01T20:27:22.469519,2026-01-01T20:27:23.715245,0,False,False,SYNTHETIC
EV000073801,P0000738,payment.authorized,2026-01-01T20:27:25.448167,2026-01-01T20:27:27.175684,1,False,False,SYNTHETIC
EV000073802,P0000738,payment.captured,2026-01-01T20:27:29.649635,2026-01-01T20:27:30.589398,2,False,False,SYNTHETIC
EV000073900,P0000739,payment.attempted,2026-01-01T08:54:35.388905,2026-01-01T08:54:35.928279,0,False,False,SYNTHETIC
EV000073901,P0000739,payment.authorized,2026-01-01T08:54:39.391500,2026-01-01T08:54:40.025910,1,False,False,SYNTHETIC
EV000073902,P0000739,payment.captured,2026-01-01T08:54:40.628115,2026-01-01T08:54:42.128438,2,False,False,SYNTHETIC
EV000073902D,P0000739,payment.captured,2026-01-01T08:54:40.628115,2026-01-01T08:54:42.692841,2,True,False,SYNTHETIC
EV000074000,P0000740,payment.attempted,2026-01-01T16:17:11.954502,2026-01-01T16:17:12.991829,0,False,False,SYNTHETIC
EV000074001,P0000740,payment.authorized,2026-01-01T16:17:13.449995,2026-01-01T16:17:14.998677,1,False,False,SYNTHETIC
EV000074002,P0000740,payment.captured,2026-01-01T16:17:16.720230,2026-01-01T16:17:17.852334,2,False,False,SYNTHETIC
EV000074100,P0000741,payment.attempted,2026-01-01T04:37:56.333204,2026-01-01T04:37:56.769129,0,False,False,SYNTHETIC
EV000074101,P0000741,payment.authorized,2026-01-01T04:37:57.436157,2026-01-01T04:37:58.466377,1,False,False,SYNTHETIC
EV000074102,P0000741,payment.captured,2026-01-01T04:37:59.007014,2026-01-01T04:38:00.562129,2,False,False,SYNTHETIC
EV000074200,P0000742,payment.attempted,2026-01-01T05:38:16.939913,2026-01-01T05:38:18.027514,0,False,False,SYNTHETIC
EV000074201,P0000742,payment.authorized,2026-01-01T05:38:20.889819,2026-01-01T05:38:21.908680,1,False,False,SYNTHETIC
EV000074202,P0000742,payment.captured,2026-01-01T05:43:36.131283,2026-01-01T05:43:36.684671,2,False,False,SYNTHETIC
EV000074300,P0000743,payment.attempted,2026-01-01T23:07:53.858290,2026-01-01T23:07:54.095410,0,False,False,SYNTHETIC
EV000074301,P0000743,payment.authorized,2026-01-01T23:07:59.257832,2026-01-01T23:08:02.384542,1,False,False,SYNTHETIC
EV000074302,P0000743,payment.captured,2026-01-01T23:08:03.185834,2026-01-01T23:08:03.626961,2,False,False,SYNTHETIC
EV000074400,P0000744,payment.attempted,2026-01-01T10:12:27.990989,2026-01-01T10:12:28.897093,0,False,False,SYNTHETIC
EV000074401,P0000744,payment.authorized,2026-01-01T10:12:30.115623,2026-01-01T10:12:31.258077,1,False,False,SYNTHETIC
EV000074402,P0000744,payment.captured,2026-01-01T10:12:31.645931,2026-01-01T10:12:31.916856,2,False,False,SYNTHETIC
EV000074500,P0000745,payment.attempted,2026-01-01T15:07:40.054747,2026-01-01T15:07:40.592299,0,False,False,SYNTHETIC
EV000074501,P0000745,payment.authorized,2026-01-01T15:07:44.856807,2026-01-01T15:07:45.393689,1,False,False,SYNTHETIC
EV000074502,P0000745,payment.captured,2026-01-01T15:07:46.464836,2026-01-01T15:07:46.879792,2,False,False,SYNTHETIC
EV000074600,P0000746,payment.attempted,2026-01-01T06:58:30.336665,2026-01-01T06:58:30.781488,0,False,False,SYNTHETIC
EV000074601,P0000746,payment.failed,2026-01-01T06:58:31.611262,2026-01-01T06:58:31.871574,1,False,False,SYNTHETIC
EV000074700,P0000747,payment.attempted,2026-01-01T01:36:39.543758,2026-01-01T01:36:40.649725,0,False,False,SYNTHETIC
EV000074701,P0000747,payment.authorized,2026-01-01T01:36:44.785520,2026-01-01T01:36:45.657753,1,False,False,SYNTHETIC
EV000074702,P0000747,payment.captured,2026-01-01T01:36:49.449796,2026-01-01T01:36:50.651133,2,False,False,SYNTHETIC
EV000074800,P0000748,payment.attempted,2026-01-01T16:22:12.824663,2026-01-01T16:22:13.558281,0,False,False,SYNTHETIC
EV000074801,P0000748,payment.authorized,2026-01-01T16:22:16.336540,2026-01-01T16:22:18.224672,1,False,False,SYNTHETIC
EV000074802,P0000748,payment.captured,2026-01-01T16:22:20.128864,2026-01-01T16:22:21.747615,2,False,False,SYNTHETIC
EV000074900,P0000749,payment.attempted,2026-01-01T13:11:53.459963,2026-01-01T13:11:53.928996,0,False,False,SYNTHETIC
EV000074901,P0000749,payment.authorized,2026-01-01T13:11:56.544426,2026-01-01T13:11:57.387584,1,False,False,SYNTHETIC
EV000074902,P0000749,payment.captured,2026-01-01T13:12:00.430120,2026-01-01T13:12:01.288220,2,False,False,SYNTHETIC
EV000075000,P0000750,payment.attempted,2026-01-01T16:19:47.468404,2026-01-01T16:19:48.095399,0,False,False,SYNTHETIC
EV000075001,P0000750,payment.authorized,2026-01-01T16:19:48.495572,2026-01-01T16:19:50.329207,1,False,False,SYNTHETIC
EV000075002,P0000750,payment.captured,2026-01-01T16:19:49.576808,2026-01-01T16:19:51.292296,2,False,False,SYNTHETIC
EV000075100,P0000751,payment.attempted,2026-01-01T01:08:17.093050,2026-01-01T01:08:17.300018,0,False,False,SYNTHETIC
EV000075101,P0000751,payment.authorized,2026-01-01T01:08:18.881594,2026-01-01T01:08:19.512045,1,False,False,SYNTHETIC
EV000075102,P0000751,payment.captured,2026-01-01T01:08:20.803410,2026-01-01T01:08:21.346855,2,False,False,SYNTHETIC
EV000075200,P0000752,payment.attempted,2026-01-01T21:07:49.964233,2026-01-01T21:07:50.528673,0,False,False,SYNTHETIC
EV000075201,P0000752,payment.authorized,2026-01-01T21:07:52.424946,2026-01-01T21:07:53.806903,1,False,False,SYNTHETIC
EV000075202,P0000752,payment.captured,2026-01-01T21:07:56.945016,2026-01-01T21:07:57.995484,2,False,False,SYNTHETIC
EV000075300,P0000753,payment.attempted,2026-01-01T10:01:00.256094,2026-01-01T10:01:02.124646,0,False,False,SYNTHETIC
EV000075301,P0000753,payment.authorized,2026-01-01T10:01:02.803482,2026-01-01T10:01:04.259813,1,False,False,SYNTHETIC
EV000075302,P0000753,payment.captured,2026-01-01T10:01:06.756275,2026-01-01T10:01:08.018085,2,False,False,SYNTHETIC
EV000075400,P0000754,payment.attempted,2026-01-01T05:19:44.995613,2026-01-01T05:20:14.703123,0,False,False,SYNTHETIC
EV000075401,P0000754,payment.authorized,2026-01-01T05:19:46.015535,2026-01-01T05:19:46.842687,1,False,False,SYNTHETIC
EV000075402,P0000754,payment.captured,2026-01-01T05:19:49.563396,2026-01-01T05:19:52.112307,2,False,False,SYNTHETIC
EV000075500,P0000755,payment.attempted,2026-01-01T00:51:55.419760,2026-01-01T00:51:56.264955,0,False,False,SYNTHETIC
EV000075501,P0000755,payment.failed,2026-01-01T00:51:58.183968,2026-01-01T00:51:58.860616,1,False,False,SYNTHETIC
EV000075600,P0000756,payment.attempted,2026-01-01T09:02:44.237864,2026-01-01T09:02:46.412442,0,False,False,SYNTHETIC
EV000075601,P0000756,payment.authorized,2026-01-01T09:02:49.279132,2026-01-01T09:02:50.672768,1,False,False,SYNTHETIC
EV000075602,P0000756,payment.captured,2026-01-01T09:02:51.185053,2026-01-01T09:02:52.108019,2,False,False,SYNTHETIC
EV000075700,P0000757,payment.attempted,2026-01-01T00:27:30.195584,2026-01-01T00:27:30.420409,0,False,False,SYNTHETIC
EV000075701,P0000757,payment.authorized,2026-01-01T00:27:34.460455,2026-01-01T00:27:35.469134,1,False,False,SYNTHETIC
EV000075702,P0000757,payment.captured,2026-01-01T00:27:37.816341,2026-01-01T00:27:38.467358,2,False,False,SYNTHETIC
EV000075800,P0000758,payment.attempted,2026-01-01T23:19:45.794356,2026-01-01T23:19:47.299092,0,False,False,SYNTHETIC
EV000075801,P0000758,payment.authorized,2026-01-01T23:19:48.930226,2026-01-01T23:19:51.413158,1,False,False,SYNTHETIC
EV000075802,P0000758,payment.failed,2026-01-01T23:19:52.707340,2026-01-01T23:19:57.372310,2,False,False,SYNTHETIC
EV000075803,P0000758,payment.captured,2026-01-01T23:23:57.423122,2026-01-01T23:23:58.053609,3,False,False,SYNTHETIC
EV000075900,P0000759,payment.attempted,2026-01-01T20:42:02.926841,2026-01-01T20:42:04.672108,0,False,False,SYNTHETIC
EV000075901,P0000759,payment.authorized,2026-01-01T20:42:05.904574,2026-01-01T20:42:07.157467,1,False,False,SYNTHETIC
EV000075902,P0000759,payment.captured,2026-01-01T20:42:09.150965,2026-01-01T20:42:10.397351,2,False,False,SYNTHETIC
EV000076000,P0000760,payment.attempted,2026-01-01T08:08:02.089282,2026-01-01T08:09:02.694247,0,False,False,SYNTHETIC
EV000076000D,P0000760,payment.attempted,2026-01-01T08:08:02.089282,2026-01-01T08:09:03.019695,0,True,False,SYNTHETIC
EV000076001,P0000760,payment.authorized,2026-01-01T08:08:03.961150,2026-01-01T08:08:07.853326,1,False,False,SYNTHETIC
EV000076002,P0000760,payment.captured,2026-01-01T08:08:08.845311,2026-01-01T08:08:09.795164,2,False,False,SYNTHETIC
EV000076100,P0000761,payment.attempted,2026-01-01T09:47:37.477413,2026-01-01T09:47:39.788938,0,False,False,SYNTHETIC
EV000076101,P0000761,payment.authorized,2026-01-01T09:47:43.331439,2026-01-01T09:47:47.451105,1,False,False,SYNTHETIC
EV000076102,P0000761,payment.captured,2026-01-01T09:47:46.597473,2026-01-01T09:47:48.332700,2,False,False,SYNTHETIC
EV000076200,P0000762,payment.attempted,2026-01-01T17:28:38.862130,2026-01-01T17:28:40.594816,0,False,False,SYNTHETIC
EV000076201,P0000762,payment.failed,2026-01-01T17:28:39.922953,2026-01-01T17:28:41.055725,1,False,False,SYNTHETIC
EV000076300,P0000763,payment.attempted,2026-01-01T01:21:34.627325,2026-01-01T01:21:35.455076,0,False,False,SYNTHETIC
EV000076301,P0000763,payment.failed,2026-01-01T01:21:41.373306,2026-01-01T01:21:41.533414,1,False,False,SYNTHETIC
EV000076400,P0000764,payment.attempted,2026-01-01T06:17:37.708820,2026-01-01T06:17:46.232348,0,False,True,SYNTHETIC
EV000076401,P0000764,payment.failed,2026-01-01T06:17:45.540681,2026-01-01T06:17:38.046981,1,False,True,SYNTHETIC
EV000076500,P0000765,payment.attempted,2026-01-01T06:44:05.663738,2026-01-01T06:44:06.988426,0,False,False,SYNTHETIC
EV000076501,P0000765,payment.authorized,2026-01-01T06:44:07.576178,2026-01-01T06:44:11.461090,1,False,False,SYNTHETIC
EV000076502,P0000765,payment.captured,2026-01-01T06:44:11.895697,2026-01-01T06:44:12.733891,2,False,False,SYNTHETIC
EV000076600,P0000766,payment.attempted,2026-01-01T10:15:44.253356,2026-01-01T10:15:45.209766,0,False,False,SYNTHETIC
EV000076601,P0000766,payment.authorized,2026-01-01T10:15:50.047454,2026-01-01T10:15:51.112235,1,False,False,SYNTHETIC
EV000076602,P0000766,payment.captured,2026-01-01T10:15:53.831510,2026-01-01T10:15:55.372284,2,False,False,SYNTHETIC
EV000076700,P0000767,payment.attempted,2026-01-01T06:13:44.684569,2026-01-01T06:13:45.116266,0,False,False,SYNTHETIC
EV000076701,P0000767,payment.authorized,2026-01-01T06:13:46.571757,2026-01-01T06:13:47.100643,1,False,False,SYNTHETIC
EV000076702,P0000767,payment.captured,2026-01-01T06:13:49.008756,2026-01-01T06:13:49.430671,2,False,False,SYNTHETIC
EV000076800,P0000768,payment.attempted,2026-01-01T19:33:50.060380,2026-01-01T19:33:50.779212,0,False,False,SYNTHETIC
EV000076801,P0000768,payment.authorized,2026-01-01T19:33:53.096704,2026-01-01T19:33:54.466466,1,False,False,SYNTHETIC
EV000076802,P0000768,payment.captured,2026-01-01T19:33:57.708031,2026-01-01T19:33:59.134765,2,False,False,SYNTHETIC
EV000076900,P0000769,payment.attempted,2026-01-01T02:18:50.785951,2026-01-01T02:18:51.463749,0,False,False,SYNTHETIC
EV000076901,P0000769,payment.authorized,2026-01-01T02:18:54.101372,2026-01-01T02:18:54.534266,1,False,False,SYNTHETIC
EV000076902,P0000769,payment.captured,2026-01-01T02:18:58.286101,2026-01-01T02:18:58.685677,2,False,False,SYNTHETIC
EV000076902D,P0000769,payment.captured,2026-01-01T02:18:58.286101,2026-01-01T02:18:58.984154,2,True,False,SYNTHETIC
EV000077000,P0000770,payment.attempted,2026-01-01T02:51:13.264155,2026-01-01T02:51:13.905853,0,False,False,SYNTHETIC
EV000077001,P0000770,payment.authorized,2026-01-01T02:51:16.680805,2026-01-01T02:51:18.134370,1,False,False,SYNTHETIC
EV000077002,P0000770,payment.captured,2026-01-01T02:51:17.716521,2026-01-01T02:51:18.424157,2,False,False,SYNTHETIC
EV000077100,P0000771,payment.attempted,2026-01-01T03:32:18.166160,2026-01-01T03:32:18.325172,0,False,False,SYNTHETIC
EV000077101,P0000771,payment.authorized,2026-01-01T03:32:22.860252,2026-01-01T03:32:23.446745,1,False,False,SYNTHETIC
EV000077102,P0000771,payment.captured,2026-01-01T03:32:26.020330,2026-01-01T03:32:26.324338,2,False,False,SYNTHETIC
EV000077200,P0000772,payment.attempted,2026-01-01T12:37:18.902548,2026-01-01T12:37:19.992122,0,False,False,SYNTHETIC
EV000077201,P0000772,payment.authorized,2026-01-01T12:37:20.701039,2026-01-01T12:37:23.398819,1,False,True,SYNTHETIC
EV000077202,P0000772,payment.captured,2026-01-01T12:37:22.623087,2026-01-01T12:37:21.766666,2,False,True,SYNTHETIC
EV000077300,P0000773,payment.attempted,2026-01-01T22:08:07.357947,2026-01-01T22:08:07.769313,0,False,False,SYNTHETIC
EV000077301,P0000773,payment.authorized,2026-01-01T22:08:11.265883,2026-01-01T22:08:11.800578,1,False,False,SYNTHETIC
EV000077302,P0000773,payment.captured,2026-01-01T22:08:15.736401,2026-01-01T22:08:16.182563,2,False,False,SYNTHETIC
EV000077400,P0000774,payment.attempted,2026-01-01T11:12:14.187470,2026-01-01T11:12:20.139540,0,False,True,SYNTHETIC
EV000077401,P0000774,payment.authorized,2026-01-01T11:12:15.465446,2026-01-01T11:12:16.152064,1,False,False,SYNTHETIC
EV000077402,P0000774,payment.captured,2026-01-01T11:12:19.106997,2026-01-01T11:12:15.945422,2,False,True,SYNTHETIC
EV000077500,P0000775,payment.attempted,2026-01-01T09:44:35.911885,2026-01-01T09:44:37.033104,0,False,False,SYNTHETIC
EV000077501,P0000775,payment.authorized,2026-01-01T09:44:41.286978,2026-01-01T09:44:43.196281,1,False,False,SYNTHETIC
EV000077502,P0000775,payment.captured,2026-01-01T09:44:44.982034,2026-01-01T09:44:46.986030,2,False,False,SYNTHETIC
EV000077600,P0000776,payment.attempted,2026-01-01T11:06:58.485839,2026-01-01T11:07:02.624489,0,False,True,SYNTHETIC
EV000077601,P0000776,payment.authorized,2026-01-01T11:07:00.700102,2026-01-01T11:07:01.575447,1,False,False,SYNTHETIC
EV000077602,P0000776,payment.captured,2026-01-01T11:07:02.198132,2026-01-01T11:06:59.115096,2,False,True,SYNTHETIC
EV000077700,P0000777,payment.attempted,2026-01-01T01:53:04.488660,2026-01-01T01:53:05.516541,0,False,False,SYNTHETIC
EV000077701,P0000777,payment.authorized,2026-01-01T01:53:07.433296,2026-01-01T01:53:08.464388,1,False,False,SYNTHETIC
EV000077701D,P0000777,payment.authorized,2026-01-01T01:53:07.433296,2026-01-01T01:53:08.911532,1,True,False,SYNTHETIC
EV000077702,P0000777,payment.captured,2026-01-01T01:53:09.646345,2026-01-01T01:53:10.196457,2,False,False,SYNTHETIC
EV000077800,P0000778,payment.attempted,2026-01-01T13:21:00.998439,2026-01-01T13:21:02.046004,0,False,False,SYNTHETIC
EV000077801,P0000778,payment.authorized,2026-01-01T13:21:05.022318,2026-01-01T13:21:05.758429,1,False,False,SYNTHETIC
EV000077802,P0000778,payment.captured,2026-01-01T13:21:06.458727,2026-01-01T13:21:26.112465,2,False,False,SYNTHETIC
EV000077900,P0000779,payment.attempted,2026-01-01T03:07:14.312775,2026-01-01T03:07:14.585840,0,False,False,SYNTHETIC
EV000077901,P0000779,payment.authorized,2026-01-01T03:07:17.266217,2026-01-01T03:07:17.751701,1,False,False,SYNTHETIC
EV000077902,P0000779,payment.captured,2026-01-01T03:07:21.589789,2026-01-01T03:07:21.853728,2,False,False,SYNTHETIC
EV000078000,P0000780,payment.attempted,2026-01-01T04:55:09.897799,2026-01-01T04:55:10.479593,0,False,False,SYNTHETIC
EV000078000D,P0000780,payment.attempted,2026-01-01T04:55:09.897799,2026-01-01T04:55:10.996932,0,True,False,SYNTHETIC
EV000078001,P0000780,payment.authorized,2026-01-01T04:55:11.149978,2026-01-01T04:55:11.690693,1,False,False,SYNTHETIC
EV000078002,P0000780,payment.captured,2026-01-01T04:55:13.450895,2026-01-01T04:55:16.642053,2,False,False,SYNTHETIC
EV000078002D,P0000780,payment.captured,2026-01-01T04:55:13.450895,2026-01-01T04:55:17.391708,2,True,False,SYNTHETIC
EV000078100,P0000781,payment.attempted,2026-01-01T17:43:26.508888,2026-01-01T17:43:26.700237,0,False,False,SYNTHETIC
EV000078101,P0000781,payment.authorized,2026-01-01T17:43:30.091166,2026-01-01T17:43:35.410584,1,False,True,SYNTHETIC
EV000078102,P0000781,payment.captured,2026-01-01T17:43:33.709074,2026-01-01T17:43:30.320209,2,False,True,SYNTHETIC
EV000078200,P0000782,payment.attempted,2026-01-01T23:20:20.762140,2026-01-01T23:20:21.119770,0,False,False,SYNTHETIC
EV000078201,P0000782,payment.authorized,2026-01-01T23:20:23.180996,2026-01-01T23:20:23.658409,1,False,False,SYNTHETIC
EV000078202,P0000782,payment.captured,2026-01-01T23:20:25.508046,2026-01-01T23:20:25.966583,2,False,False,SYNTHETIC
EV000078300,P0000783,payment.attempted,2026-01-01T20:23:50.573457,2026-01-01T20:23:51.837882,0,False,False,SYNTHETIC
EV000078301,P0000783,payment.authorized,2026-01-01T20:23:51.920118,2026-01-01T20:23:55.570087,1,False,False,SYNTHETIC
EV000078302,P0000783,payment.captured,2026-01-01T20:23:55.394413,2026-01-01T20:23:57.792646,2,False,False,SYNTHETIC
EV000078400,P0000784,payment.attempted,2026-01-01T11:21:45.058414,2026-01-01T11:21:46.388533,0,False,False,SYNTHETIC
EV000078401,P0000784,payment.authorized,2026-01-01T11:21:48.314984,2026-01-01T11:21:49.213478,1,False,False,SYNTHETIC
EV000078402,P0000784,payment.captured,2026-01-01T11:21:50.759543,2026-01-01T11:21:51.766752,2,False,False,SYNTHETIC
EV000078500,P0000785,payment.attempted,2026-01-01T15:05:10.321309,2026-01-01T15:05:11.257422,0,False,False,SYNTHETIC
EV000078501,P0000785,payment.authorized,2026-01-01T15:05:14.277016,2026-01-01T15:05:14.806837,1,False,False,SYNTHETIC
EV000078502,P0000785,payment.captured,2026-01-01T15:05:16.428314,2026-01-01T15:05:17.861182,2,False,False,SYNTHETIC
EV000078600,P0000786,payment.attempted,2026-01-01T19:34:55.075003,2026-01-01T19:34:56.009873,0,False,False,SYNTHETIC
EV000078601,P0000786,payment.authorized,2026-01-01T19:34:57.760849,2026-01-01T19:34:59.084460,1,False,False,SYNTHETIC
EV000078602,P0000786,payment.captured,2026-01-01T19:35:00.735868,2026-01-01T19:35:01.653289,2,False,False,SYNTHETIC
EV000078602D,P0000786,payment.captured,2026-01-01T19:35:00.735868,2026-01-01T19:35:02.199118,2,True,False,SYNTHETIC
EV000078700,P0000787,payment.attempted,2026-01-01T07:54:00.736395,2026-01-01T07:54:01.283778,0,False,False,SYNTHETIC
EV000078701,P0000787,payment.authorized,2026-01-01T07:54:06.706077,2026-01-01T07:54:07.287586,1,False,False,SYNTHETIC
EV000078702,P0000787,payment.captured,2026-01-01T07:54:08.951148,2026-01-01T07:54:10.203461,2,False,False,SYNTHETIC
EV000078800,P0000788,payment.attempted,2026-01-01T22:30:45.375797,2026-01-01T22:30:46.071274,0,False,False,SYNTHETIC
EV000078801,P0000788,payment.authorized,2026-01-01T22:30:47.147104,2026-01-01T22:30:50.029002,1,False,False,SYNTHETIC
EV000078802,P0000788,payment.captured,2026-01-01T22:30:49.187742,2026-01-01T22:30:49.772315,2,False,False,SYNTHETIC
EV000078900,P0000789,payment.attempted,2026-01-01T07:14:50.337574,2026-01-01T07:14:50.936923,0,False,False,SYNTHETIC
EV000078901,P0000789,payment.failed,2026-01-01T07:14:51.742579,2026-01-01T07:15:31.959246,1,False,False,SYNTHETIC
EV000079000,P0000790,payment.attempted,2026-01-01T10:26:05.081321,2026-01-01T10:26:06.092692,0,False,False,SYNTHETIC
EV000079001,P0000790,payment.authorized,2026-01-01T10:26:07.670745,2026-01-01T10:26:08.122112,1,False,False,SYNTHETIC
EV000079002,P0000790,payment.captured,2026-01-01T10:26:09.292178,2026-01-01T10:26:11.607551,2,False,False,SYNTHETIC
EV000079100,P0000791,payment.attempted,2026-01-01T12:49:33.060341,2026-01-01T12:49:34.647942,0,False,False,SYNTHETIC
EV000079101,P0000791,payment.authorized,2026-01-01T12:49:37.715728,2026-01-01T12:49:38.328635,1,False,False,SYNTHETIC
EV000079102,P0000791,payment.captured,2026-01-01T12:49:40.043821,2026-01-01T12:49:42.766258,2,False,False,SYNTHETIC
EV000079200,P0000792,payment.attempted,2026-01-01T20:10:34.510164,2026-01-01T20:10:35.381735,0,False,False,SYNTHETIC
EV000079201,P0000792,payment.authorized,2026-01-01T20:10:40.385706,2026-01-01T20:10:41.635344,1,False,False,SYNTHETIC
EV000079202,P0000792,payment.captured,2026-01-01T20:10:43.297082,2026-01-01T20:10:44.677712,2,False,False,SYNTHETIC
EV000079300,P0000793,payment.attempted,2026-01-01T07:11:09.179097,2026-01-01T07:11:11.183440,0,False,False,SYNTHETIC
EV000079301,P0000793,payment.authorized,2026-01-01T07:11:12.670770,2026-01-01T07:11:13.773083,1,False,False,SYNTHETIC
EV000079302,P0000793,payment.captured,2026-01-01T07:11:15.171427,2026-01-01T07:11:16.509568,2,False,False,SYNTHETIC
EV000079400,P0000794,payment.attempted,2026-01-01T20:30:20.911763,2026-01-01T20:30:21.465755,0,False,False,SYNTHETIC
EV000079401,P0000794,payment.authorized,2026-01-01T20:30:23.404441,2026-01-01T20:30:24.497943,1,False,False,SYNTHETIC
EV000079402,P0000794,payment.captured,2026-01-01T20:30:25.748377,2026-01-01T20:30:26.028702,2,False,False,SYNTHETIC
EV000079500,P0000795,payment.attempted,2026-01-01T12:48:17.913248,2026-01-01T12:48:18.264392,0,False,False,SYNTHETIC
EV000079501,P0000795,payment.authorized,2026-01-01T12:48:19.384590,2026-01-01T12:48:19.934688,1,False,False,SYNTHETIC
EV000079502,P0000795,payment.captured,2026-01-01T12:48:23.062347,2026-01-01T12:48:23.444252,2,False,False,SYNTHETIC
EV000079600,P0000796,payment.attempted,2026-01-01T15:49:32.386050,2026-01-01T15:49:32.768481,0,False,False,SYNTHETIC
EV000079601,P0000796,payment.authorized,2026-01-01T15:49:38.068160,2026-01-01T15:49:38.935829,1,False,False,SYNTHETIC
EV000079602,P0000796,payment.captured,2026-01-01T15:50:30.619909,2026-01-01T15:50:32.516288,2,False,False,SYNTHETIC
EV000079700,P0000797,payment.attempted,2026-01-01T17:54:26.962673,2026-01-01T17:54:28.841524,0,False,False,SYNTHETIC
EV000079701,P0000797,payment.authorized,2026-01-01T17:54:31.701632,2026-01-01T17:54:32.824581,1,False,False,SYNTHETIC
EV000079702,P0000797,payment.captured,2026-01-01T17:54:35.269108,2026-01-01T17:54:35.685167,2,False,False,SYNTHETIC
EV000079800,P0000798,payment.attempted,2026-01-01T00:44:52.920212,2026-01-01T00:44:54.149338,0,False,False,SYNTHETIC
EV000079800D,P0000798,payment.attempted,2026-01-01T00:44:52.920212,2026-01-01T00:44:54.659378,0,True,False,SYNTHETIC
EV000079801,P0000798,payment.failed,2026-01-01T00:44:54.264625,2026-01-01T00:44:54.871672,1,False,False,SYNTHETIC
EV000079900,P0000799,payment.attempted,2026-01-01T17:17:03.437284,2026-01-01T17:17:04.291941,0,False,False,SYNTHETIC
EV000079901,P0000799,payment.failed,2026-01-01T17:17:06.683247,2026-01-01T17:17:07.070623,1,False,False,SYNTHETIC
EV000080000,P0000800,payment.attempted,2026-01-01T07:51:48.028696,2026-01-01T07:51:48.847782,0,False,False,SYNTHETIC
EV000080001,P0000800,payment.failed,2026-01-01T07:51:51.412991,2026-01-01T07:51:52.260544,1,False,False,SYNTHETIC
EV000080100,P0000801,payment.attempted,2026-01-01T01:43:03.965304,2026-01-01T01:43:04.521373,0,False,False,SYNTHETIC
EV000080101,P0000801,payment.authorized,2026-01-01T01:43:06.883048,2026-01-01T01:43:07.505102,1,False,False,SYNTHETIC
EV000080101D,P0000801,payment.authorized,2026-01-01T01:43:06.883048,2026-01-01T01:43:07.845761,1,True,False,SYNTHETIC
EV000080102,P0000801,payment.captured,2026-01-01T01:43:08.918082,2026-01-01T01:43:10.594419,2,False,False,SYNTHETIC
EV000080200,P0000802,payment.attempted,2026-01-01T00:16:01.369031,2026-01-01T00:16:05.564726,0,False,True,SYNTHETIC
EV000080201,P0000802,payment.authorized,2026-01-01T00:16:04.386174,2026-01-01T00:16:02.133980,1,False,True,SYNTHETIC
EV000080202,P0000802,payment.captured,2026-01-01T00:16:06.777646,2026-01-01T00:16:08.276545,2,False,False,SYNTHETIC
EV000080300,P0000803,payment.attempted,2026-01-01T11:05:50.496406,2026-01-01T11:05:51.328113,0,False,False,SYNTHETIC
EV000080301,P0000803,payment.authorized,2026-01-01T11:05:54.515265,2026-01-01T11:06:00.136635,1,False,False,SYNTHETIC
EV000080302,P0000803,payment.captured,2026-01-01T11:05:56.519148,2026-01-01T11:06:46.134299,2,False,False,SYNTHETIC
EV000080400,P0000804,payment.attempted,2026-01-01T22:06:11.196708,2026-01-01T22:06:12.227168,0,False,False,SYNTHETIC
EV000080401,P0000804,payment.failed,2026-01-01T22:06:15.178547,2026-01-01T22:06:16.317824,1,False,False,SYNTHETIC
EV000080500,P0000805,payment.attempted,2026-01-01T17:48:13.439745,2026-01-01T17:48:13.676432,0,False,False,SYNTHETIC
EV000080500D,P0000805,payment.attempted,2026-01-01T17:48:13.439745,2026-01-01T17:48:13.970576,0,True,False,SYNTHETIC
EV000080501,P0000805,payment.authorized,2026-01-01T17:48:18.251302,2026-01-01T17:48:18.484083,1,False,False,SYNTHETIC
EV000080502,P0000805,payment.captured,2026-01-01T17:48:20.435540,2026-01-01T17:48:20.735255,2,False,False,SYNTHETIC
EV000080600,P0000806,payment.attempted,2026-01-01T00:05:23.285008,2026-01-01T00:05:25.719952,0,False,False,SYNTHETIC
EV000080601,P0000806,payment.authorized,2026-01-01T00:05:26.870821,2026-01-01T00:05:27.819523,1,False,False,SYNTHETIC
EV000080602,P0000806,payment.captured,2026-01-01T00:05:29.307431,2026-01-01T00:06:26.000957,2,False,False,SYNTHETIC
EV000080700,P0000807,payment.attempted,2026-01-01T12:44:50.424304,2026-01-01T12:44:51.380641,0,False,False,SYNTHETIC
EV000080701,P0000807,payment.authorized,2026-01-01T12:44:54.595515,2026-01-01T12:44:55.811821,1,False,False,SYNTHETIC
EV000080702,P0000807,payment.captured,2026-01-01T12:44:58.926772,2026-01-01T12:44:59.396810,2,False,False,SYNTHETIC
EV000080800,P0000808,payment.attempted,2026-01-01T23:02:18.147341,2026-01-01T23:02:18.954642,0,False,False,SYNTHETIC
EV000080801,P0000808,payment.authorized,2026-01-01T23:02:22.147204,2026-01-01T23:02:23.412081,1,False,False,SYNTHETIC
EV000080802,P0000808,payment.captured,2026-01-01T23:02:24.553810,2026-01-01T23:02:25.109941,2,False,False,SYNTHETIC
EV000080802D,P0000808,payment.captured,2026-01-01T23:02:24.553810,2026-01-01T23:02:25.484699,2,True,False,SYNTHETIC
EV000080900,P0000809,payment.attempted,2026-01-01T18:40:34.499467,2026-01-01T18:40:35.002793,0,False,False,SYNTHETIC
EV000080901,P0000809,payment.authorized,2026-01-01T18:40:36.099259,2026-01-01T18:40:38.774825,1,False,False,SYNTHETIC
EV000080902,P0000809,payment.captured,2026-01-01T18:40:37.893475,2026-01-01T18:40:38.199450,2,False,False,SYNTHETIC
EV000081000,P0000810,payment.attempted,2026-01-01T06:45:22.150992,2026-01-01T06:45:23.962855,0,False,False,SYNTHETIC
EV000081001,P0000810,payment.authorized,2026-01-01T06:45:27.522436,2026-01-01T06:45:28.850970,1,False,False,SYNTHETIC
EV000081002,P0000810,payment.captured,2026-01-01T06:45:30.220264,2026-01-01T06:45:31.115169,2,False,False,SYNTHETIC
EV000081100,P0000811,payment.attempted,2026-01-01T04:31:25.061530,2026-01-01T04:31:25.814904,0,False,False,SYNTHETIC
EV000081101,P0000811,payment.authorized,2026-01-01T04:31:31.042717,2026-01-01T04:31:33.979163,1,False,False,SYNTHETIC
EV000081102,P0000811,payment.captured,2026-01-01T04:31:35.318843,2026-01-01T04:31:39.887689,2,False,False,SYNTHETIC
EV000081200,P0000812,payment.attempted,2026-01-01T20:39:39.104001,2026-01-01T20:39:39.905517,0,False,False,SYNTHETIC
EV000081201,P0000812,payment.authorized,2026-01-01T20:39:41.257699,2026-01-01T20:39:42.205427,1,False,False,SYNTHETIC
EV000081201D,P0000812,payment.authorized,2026-01-01T20:39:41.257699,2026-01-01T20:39:42.696468,1,True,False,SYNTHETIC
EV000081202,P0000812,payment.captured,2026-01-01T20:39:44.108968,2026-01-01T20:39:44.969029,2,False,False,SYNTHETIC
EV000081300,P0000813,payment.attempted,2026-01-01T10:58:41.460743,2026-01-01T10:58:42.358029,0,False,False,SYNTHETIC
EV000081300D,P0000813,payment.attempted,2026-01-01T10:58:41.460743,2026-01-01T10:58:42.969639,0,True,False,SYNTHETIC
EV000081301,P0000813,payment.authorized,2026-01-01T10:58:43.862583,2026-01-01T10:58:44.369936,1,False,False,SYNTHETIC
EV000081302,P0000813,payment.captured,2026-01-01T10:58:48.581474,2026-01-01T10:58:48.813895,2,False,False,SYNTHETIC
EV000081400,P0000814,payment.attempted,2026-01-01T16:12:50.744221,2026-01-01T16:12:51.349727,0,False,False,SYNTHETIC
EV000081401,P0000814,payment.authorized,2026-01-01T16:12:54.822281,2026-01-01T16:12:55.184136,1,False,False,SYNTHETIC
EV000081402,P0000814,payment.captured,2026-01-01T16:12:57.007846,2026-01-01T16:12:57.471053,2,False,False,SYNTHETIC
EV000081500,P0000815,payment.attempted,2026-01-01T20:12:12.171754,2026-01-01T20:12:12.601873,0,False,False,SYNTHETIC
EV000081500D,P0000815,payment.attempted,2026-01-01T20:12:12.171754,2026-01-01T20:12:13.008473,0,True,False,SYNTHETIC
EV000081501,P0000815,payment.authorized,2026-01-01T20:12:14.323153,2026-01-01T20:12:14.719676,1,False,False,SYNTHETIC
EV000081502,P0000815,payment.captured,2026-01-01T20:12:18.362918,2026-01-01T20:12:18.837280,2,False,False,SYNTHETIC
EV000081600,P0000816,payment.attempted,2026-01-01T01:50:24.769698,2026-01-01T01:50:31.186038,0,False,True,SYNTHETIC
EV000081601,P0000816,payment.authorized,2026-01-01T01:50:29.856244,2026-01-01T01:50:25.796124,1,False,True,SYNTHETIC
EV000081602,P0000816,payment.captured,2026-01-01T01:50:32.320458,2026-01-01T01:50:33.018020,2,False,False,SYNTHETIC
EV000081700,P0000817,payment.attempted,2026-01-01T23:53:46.595969,2026-01-01T23:53:48.826531,0,False,False,SYNTHETIC
EV000081701,P0000817,payment.authorized,2026-01-01T23:53:51.412724,2026-01-01T23:53:51.976703,1,False,False,SYNTHETIC
EV000081702,P0000817,payment.captured,2026-01-01T23:53:53.711294,2026-01-01T23:53:55.052677,2,False,False,SYNTHETIC
EV000081800,P0000818,payment.attempted,2026-01-01T23:15:54.679107,2026-01-01T23:15:55.276633,0,False,False,SYNTHETIC
EV000081801,P0000818,payment.authorized,2026-01-01T23:15:56.233507,2026-01-01T23:15:56.387529,1,False,False,SYNTHETIC
EV000081802,P0000818,payment.captured,2026-01-01T23:15:57.464635,2026-01-01T23:16:28.923114,2,False,False,SYNTHETIC
EV000081900,P0000819,payment.attempted,2026-01-01T13:06:28.669306,2026-01-01T13:06:29.541671,0,False,False,SYNTHETIC
EV000081901,P0000819,payment.authorized,2026-01-01T13:06:33.889508,2026-01-01T13:06:34.687958,1,False,False,SYNTHETIC
EV000081902,P0000819,payment.captured,2026-01-01T13:06:34.982613,2026-01-01T13:06:35.441068,2,False,False,SYNTHETIC
EV000082000,P0000820,payment.attempted,2026-01-01T18:40:35.675668,2026-01-01T18:40:36.267910,0,False,False,SYNTHETIC
EV000082001,P0000820,payment.authorized,2026-01-01T18:40:39.773760,2026-01-01T18:40:40.807750,1,False,False,SYNTHETIC
EV000082002,P0000820,payment.captured,2026-01-01T18:40:44.201911,2026-01-01T18:40:44.608418,2,False,False,SYNTHETIC
EV000082100,P0000821,payment.attempted,2026-01-01T01:09:08.534716,2026-01-01T01:09:09.616712,0,False,False,SYNTHETIC
EV000082101,P0000821,payment.authorized,2026-01-01T01:09:10.082528,2026-01-01T01:09:11.377713,1,False,False,SYNTHETIC
EV000082102,P0000821,payment.captured,2026-01-01T01:09:14.002218,2026-01-01T01:09:15.650134,2,False,False,SYNTHETIC
EV000082200,P0000822,payment.attempted,2026-01-01T15:29:35.436145,2026-01-01T15:29:36.016900,0,False,False,SYNTHETIC
EV000082201,P0000822,payment.authorized,2026-01-01T15:29:39.204651,2026-01-01T15:29:40.087522,1,False,False,SYNTHETIC
EV000082202,P0000822,payment.captured,2026-01-01T15:29:43.399002,2026-01-01T15:29:44.584201,2,False,False,SYNTHETIC
EV000082300,P0000823,payment.attempted,2026-01-01T00:38:32.351899,2026-01-01T00:38:32.579092,0,False,False,SYNTHETIC
EV000082301,P0000823,payment.authorized,2026-01-01T00:38:34.456873,2026-01-01T00:38:35.059066,1,False,False,SYNTHETIC
EV000082302,P0000823,payment.captured,2026-01-01T00:38:38.013605,2026-01-01T00:38:38.577175,2,False,False,SYNTHETIC
EV000082302D,P0000823,payment.captured,2026-01-01T00:38:38.013605,2026-01-01T00:38:38.966791,2,True,False,SYNTHETIC
EV000082400,P0000824,payment.attempted,2026-01-01T17:45:15.567082,2026-01-01T17:45:17.125103,0,False,False,SYNTHETIC
EV000082401,P0000824,payment.authorized,2026-01-01T17:45:16.874336,2026-01-01T17:45:18.416270,1,False,False,SYNTHETIC
EV000082402,P0000824,payment.captured,2026-01-01T17:45:20.454827,2026-01-01T17:45:20.748159,2,False,False,SYNTHETIC
EV000082500,P0000825,payment.attempted,2026-01-01T05:49:51.783057,2026-01-01T05:49:52.761032,0,False,False,SYNTHETIC
EV000082501,P0000825,payment.authorized,2026-01-01T05:49:55.857507,2026-01-01T05:49:57.276755,1,False,False,SYNTHETIC
EV000082502,P0000825,payment.captured,2026-01-01T05:49:58.072658,2026-01-01T05:49:58.809603,2,False,False,SYNTHETIC
EV000082600,P0000826,payment.attempted,2026-01-01T12:04:52.571092,2026-01-01T12:04:52.928489,0,False,False,SYNTHETIC
EV000082601,P0000826,payment.authorized,2026-01-01T12:04:53.901797,2026-01-01T12:04:54.414387,1,False,False,SYNTHETIC
EV000082602,P0000826,payment.captured,2026-01-01T12:08:05.434393,2026-01-01T12:08:05.881384,2,False,False,SYNTHETIC
EV000082700,P0000827,payment.attempted,2026-01-01T15:21:16.539295,2026-01-01T15:21:16.813931,0,False,False,SYNTHETIC
EV000082701,P0000827,payment.authorized,2026-01-01T15:21:22.048313,2026-01-01T15:21:22.436328,1,False,False,SYNTHETIC
EV000082702,P0000827,payment.captured,2026-01-01T15:21:26.350673,2026-01-01T15:21:26.782955,2,False,False,SYNTHETIC
EV000082800,P0000828,payment.attempted,2026-01-01T03:49:19.617981,2026-01-01T03:49:20.903909,0,False,False,SYNTHETIC
EV000082801,P0000828,payment.authorized,2026-01-01T03:49:20.752133,2026-01-01T03:50:12.921213,1,False,True,SYNTHETIC
EV000082802,P0000828,payment.captured,2026-01-01T03:49:23.616727,2026-01-01T03:49:26.456255,2,False,True,SYNTHETIC
EV000082900,P0000829,payment.attempted,2026-01-01T10:48:37.855419,2026-01-01T10:48:44.930031,0,False,False,SYNTHETIC
EV000082901,P0000829,payment.authorized,2026-01-01T10:48:41.411593,2026-01-01T10:48:41.945465,1,False,False,SYNTHETIC
EV000082902,P0000829,payment.captured,2026-01-01T10:48:46.043771,2026-01-01T10:48:48.349135,2,False,False,SYNTHETIC
EV000083000,P0000830,payment.attempted,2026-01-01T00:06:30.617297,2026-01-01T00:06:32.017048,0,False,False,SYNTHETIC
EV000083001,P0000830,payment.authorized,2026-01-01T00:06:34.666870,2026-01-01T00:06:34.882026,1,False,False,SYNTHETIC
EV000083002,P0000830,payment.captured,2026-01-01T00:06:37.022299,2026-01-01T00:06:38.351261,2,False,False,SYNTHETIC
EV000083100,P0000831,payment.attempted,2026-01-01T02:41:05.876515,2026-01-01T02:41:07.093468,0,False,False,SYNTHETIC
EV000083101,P0000831,payment.authorized,2026-01-01T02:41:11.419204,2026-01-01T02:41:11.897628,1,False,False,SYNTHETIC
EV000083102,P0000831,payment.captured,2026-01-01T02:41:14.627542,2026-01-01T02:41:15.169734,2,False,False,SYNTHETIC
EV000083200,P0000832,payment.attempted,2026-01-01T15:44:38.851219,2026-01-01T15:44:39.401010,0,False,False,SYNTHETIC
EV000083201,P0000832,payment.authorized,2026-01-01T15:44:41.651726,2026-01-01T15:44:42.286625,1,False,False,SYNTHETIC
EV000083202,P0000832,payment.captured,2026-01-01T15:44:45.714826,2026-01-01T15:44:46.259200,2,False,False,SYNTHETIC
EV000083300,P0000833,payment.attempted,2026-01-01T23:16:45.442324,2026-01-01T23:16:46.490054,0,False,False,SYNTHETIC
EV000083301,P0000833,payment.failed,2026-01-01T23:16:49.871688,2026-01-01T23:16:51.737534,1,False,False,SYNTHETIC
EV000083400,P0000834,payment.attempted,2026-01-01T12:56:46.566782,2026-01-01T12:56:49.140468,0,False,False,SYNTHETIC
EV000083401,P0000834,payment.authorized,2026-01-01T12:56:47.991921,2026-01-01T12:56:50.576922,1,False,False,SYNTHETIC
EV000083402,P0000834,payment.captured,2026-01-01T12:56:51.740593,2026-01-01T12:56:52.507282,2,False,False,SYNTHETIC
EV000083500,P0000835,payment.attempted,2026-01-01T09:43:41.257753,2026-01-01T09:43:42.489281,0,False,False,SYNTHETIC
EV000083501,P0000835,payment.authorized,2026-01-01T09:43:45.564976,2026-01-01T09:43:46.391515,1,False,False,SYNTHETIC
EV000083501D,P0000835,payment.authorized,2026-01-01T09:43:45.564976,2026-01-01T09:43:46.842274,1,True,False,SYNTHETIC
EV000083502,P0000835,payment.captured,2026-01-01T09:43:48.722988,2026-01-01T09:43:50.193723,2,False,False,SYNTHETIC
EV000083600,P0000836,payment.attempted,2026-01-01T20:23:59.898969,2026-01-01T20:24:37.480840,0,False,False,SYNTHETIC
EV000083601,P0000836,payment.authorized,2026-01-01T20:24:01.727785,2026-01-01T20:24:02.358102,1,False,False,SYNTHETIC
EV000083602,P0000836,payment.captured,2026-01-01T20:24:03.397611,2026-01-01T20:24:04.353935,2,False,False,SYNTHETIC
EV000083700,P0000837,payment.attempted,2026-01-01T02:46:23.912088,2026-01-01T02:46:25.236566,0,False,False,SYNTHETIC
EV000083701,P0000837,payment.authorized,2026-01-01T02:46:25.499744,2026-01-01T02:46:26.702197,1,False,False,SYNTHETIC
EV000083702,P0000837,payment.captured,2026-01-01T02:46:30.048611,2026-01-01T02:46:31.954836,2,False,False,SYNTHETIC
EV000083800,P0000838,payment.attempted,2026-01-01T20:33:06.939011,2026-01-01T20:33:07.531078,0,False,False,SYNTHETIC
EV000083801,P0000838,payment.authorized,2026-01-01T20:33:12.871382,2026-01-01T20:33:14.057344,1,False,False,SYNTHETIC
EV000083802,P0000838,payment.captured,2026-01-01T20:33:16.759505,2026-01-01T20:33:17.701323,2,False,False,SYNTHETIC
EV000083900,P0000839,payment.attempted,2026-01-01T22:09:43.937963,2026-01-01T22:09:45.187747,0,False,False,SYNTHETIC
EV000083900D,P0000839,payment.attempted,2026-01-01T22:09:43.937963,2026-01-01T22:09:45.639145,0,True,False,SYNTHETIC
EV000083901,P0000839,payment.authorized,2026-01-01T22:09:49.078807,2026-01-01T22:09:49.650873,1,False,False,SYNTHETIC
EV000083902,P0000839,payment.captured,2026-01-01T22:09:53.812779,2026-01-01T22:09:55.132417,2,False,False,SYNTHETIC
EV000084000,P0000840,payment.attempted,2026-01-01T01:29:32.512625,2026-01-01T01:29:33.522516,0,False,False,SYNTHETIC
EV000084001,P0000840,payment.authorized,2026-01-01T01:29:34.797692,2026-01-01T01:29:35.421012,1,False,False,SYNTHETIC
EV000084002,P0000840,payment.captured,2026-01-01T01:29:38.811582,2026-01-01T01:29:39.698315,2,False,False,SYNTHETIC
EV000084100,P0000841,payment.attempted,2026-01-01T18:56:03.746461,2026-01-01T18:56:04.063686,0,False,False,SYNTHETIC
EV000084101,P0000841,payment.authorized,2026-01-01T18:56:06.883082,2026-01-01T18:56:07.172967,1,False,False,SYNTHETIC
EV000084102,P0000841,payment.captured,2026-01-01T18:56:09.272375,2026-01-01T18:56:10.741953,2,False,False,SYNTHETIC
EV000084200,P0000842,payment.attempted,2026-01-01T10:14:13.858693,2026-01-01T10:14:14.524937,0,False,False,SYNTHETIC
EV000084201,P0000842,payment.authorized,2026-01-01T10:14:15.797134,2026-01-01T10:14:17.364328,1,False,False,SYNTHETIC
EV000084202,P0000842,payment.captured,2026-01-01T10:15:36.995831,2026-01-01T10:15:38.335910,2,False,False,SYNTHETIC
EV000084300,P0000843,payment.attempted,2026-01-01T23:36:05.479826,2026-01-01T23:36:05.850956,0,False,False,SYNTHETIC
EV000084301,P0000843,payment.failed,2026-01-01T23:36:11.861838,2026-01-01T23:36:12.806848,1,False,False,SYNTHETIC
EV000084400,P0000844,payment.attempted,2026-01-01T14:25:37.353581,2026-01-01T14:25:39.056695,0,False,False,SYNTHETIC
EV000084401,P0000844,payment.authorized,2026-01-01T14:25:42.946499,2026-01-01T14:25:44.756827,1,False,False,SYNTHETIC
EV000084402,P0000844,payment.captured,2026-01-01T14:25:44.920331,2026-01-01T14:25:45.947212,2,False,False,SYNTHETIC
EV000084500,P0000845,payment.attempted,2026-01-01T06:02:21.094805,2026-01-01T06:02:22.393055,0,False,False,SYNTHETIC
EV000084501,P0000845,payment.authorized,2026-01-01T06:02:24.001244,2026-01-01T06:02:24.949829,1,False,False,SYNTHETIC
EV000084502,P0000845,payment.captured,2026-01-01T06:02:28.650913,2026-01-01T06:02:30.410624,2,False,False,SYNTHETIC
EV000084600,P0000846,payment.attempted,2026-01-01T18:01:30.453747,2026-01-01T18:01:31.866419,0,False,False,SYNTHETIC
EV000084601,P0000846,payment.authorized,2026-01-01T18:01:33.435272,2026-01-01T18:01:33.714881,1,False,False,SYNTHETIC
EV000084602,P0000846,payment.captured,2026-01-01T18:01:37.932960,2026-01-01T18:01:39.116656,2,False,False,SYNTHETIC
EV000084700,P0000847,payment.attempted,2026-01-01T12:32:57.969663,2026-01-01T12:32:59.693992,0,False,False,SYNTHETIC
EV000084701,P0000847,payment.failed,2026-01-01T12:33:00.164563,2026-01-01T12:33:02.003932,1,False,False,SYNTHETIC
EV000084800,P0000848,payment.attempted,2026-01-01T22:11:43.483734,2026-01-01T22:11:44.913864,0,False,False,SYNTHETIC
EV000084801,P0000848,payment.authorized,2026-01-01T22:11:45.092824,2026-01-01T22:11:45.569897,1,False,False,SYNTHETIC
EV000084802,P0000848,payment.captured,2026-01-01T22:11:46.361176,2026-01-01T22:11:47.392805,2,False,False,SYNTHETIC
EV000084900,P0000849,payment.attempted,2026-01-01T06:19:21.837677,2026-01-01T06:19:22.146747,0,False,False,SYNTHETIC
EV000084901,P0000849,payment.failed,2026-01-01T06:19:25.071299,2026-01-01T06:19:25.946052,1,False,False,SYNTHETIC
EV000084901D,P0000849,payment.failed,2026-01-01T06:19:25.071299,2026-01-01T06:19:26.265258,1,True,False,SYNTHETIC
EV000085000,P0000850,payment.attempted,2026-01-01T07:53:09.301815,2026-01-01T07:53:09.849184,0,False,False,SYNTHETIC
EV000085001,P0000850,payment.failed,2026-01-01T07:53:16.299021,2026-01-01T07:53:17.595749,1,False,False,SYNTHETIC
EV000085100,P0000851,payment.attempted,2026-01-01T11:58:45.581897,2026-01-01T11:58:47.312288,0,False,True,SYNTHETIC
EV000085100D,P0000851,payment.attempted,2026-01-01T11:58:45.581897,2026-01-01T11:58:46.253090,0,True,True,SYNTHETIC
EV000085101,P0000851,payment.authorized,2026-01-01T11:58:46.932533,2026-01-01T11:58:47.767319,1,False,False,SYNTHETIC
EV000085102,P0000851,payment.captured,2026-01-01T11:58:50.253082,2026-01-01T11:58:53.202704,2,False,False,SYNTHETIC
EV000085200,P0000852,payment.attempted,2026-01-01T06:58:59.758665,2026-01-01T06:59:00.230942,0,False,False,SYNTHETIC
EV000085201,P0000852,payment.authorized,2026-01-01T06:59:01.872730,2026-01-01T06:59:02.192961,1,False,False,SYNTHETIC
EV000085201D,P0000852,payment.authorized,2026-01-01T06:59:01.872730,2026-01-01T06:59:02.543184,1,True,False,SYNTHETIC
EV000085202,P0000852,payment.captured,2026-01-01T06:59:04.670806,2026-01-01T06:59:04.960813,2,False,False,SYNTHETIC
EV000085300,P0000853,payment.attempted,2026-01-01T19:26:58.390708,2026-01-01T19:26:59.289496,0,False,False,SYNTHETIC
EV000085301,P0000853,payment.authorized,2026-01-01T19:27:02.233655,2026-01-01T19:27:04.364683,1,False,False,SYNTHETIC
EV000085301D,P0000853,payment.authorized,2026-01-01T19:27:02.233655,2026-01-01T19:27:04.902645,1,True,False,SYNTHETIC
EV000085302,P0000853,payment.captured,2026-01-01T19:27:05.618526,2026-01-01T19:27:07.560541,2,False,False,SYNTHETIC
EV000085400,P0000854,payment.attempted,2026-01-01T09:54:59.163137,2026-01-01T09:54:59.622584,0,False,False,SYNTHETIC
EV000085401,P0000854,payment.authorized,2026-01-01T09:55:02.543796,2026-01-01T09:55:03.242558,1,False,False,SYNTHETIC
EV000085402,P0000854,payment.captured,2026-01-01T09:55:05.290745,2026-01-01T09:55:11.240113,2,False,False,SYNTHETIC
EV000085402D,P0000854,payment.captured,2026-01-01T09:55:05.290745,2026-01-01T09:55:12.501438,2,True,False,SYNTHETIC
EV000085500,P0000855,payment.attempted,2026-01-01T03:52:51.546162,2026-01-01T03:52:52.149635,0,False,False,SYNTHETIC
EV000085501,P0000855,payment.authorized,2026-01-01T03:52:56.814943,2026-01-01T03:52:57.595972,1,False,False,SYNTHETIC
EV000085502,P0000855,payment.captured,2026-01-01T03:53:00.771747,2026-01-01T03:53:00.992126,2,False,False,SYNTHETIC
EV000085600,P0000856,payment.attempted,2026-01-01T23:00:14.242748,2026-01-01T23:00:15.529774,0,False,False,SYNTHETIC
EV000085600D,P0000856,payment.attempted,2026-01-01T23:00:14.242748,2026-01-01T23:00:15.790496,0,True,False,SYNTHETIC
EV000085601,P0000856,payment.authorized,2026-01-01T23:00:18.153171,2026-01-01T23:00:19.738015,1,False,False,SYNTHETIC
EV000085602,P0000856,payment.captured,2026-01-01T23:00:20.737211,2026-01-01T23:00:21.194175,2,False,False,SYNTHETIC
EV000085700,P0000857,payment.attempted,2026-01-01T19:21:57.863478,2026-01-01T19:21:59.086626,0,False,False,SYNTHETIC
EV000085701,P0000857,payment.authorized,2026-01-01T19:22:00.761208,2026-01-01T19:22:01.709769,1,False,False,SYNTHETIC
EV000085702,P0000857,payment.captured,2026-01-01T19:22:01.957138,2026-01-01T19:22:02.275994,2,False,False,SYNTHETIC
EV000085800,P0000858,payment.attempted,2026-01-01T18:12:27.530814,2026-01-01T18:12:29.011604,0,False,False,SYNTHETIC
EV000085801,P0000858,payment.authorized,2026-01-01T18:12:29.463091,2026-01-01T18:12:59.586886,1,False,False,SYNTHETIC
EV000085802,P0000858,payment.captured,2026-01-01T18:12:33.524648,2026-01-01T18:12:34.322183,2,False,False,SYNTHETIC
EV000085900,P0000859,payment.attempted,2026-01-01T08:41:40.143284,2026-01-01T08:41:41.673033,0,False,False,SYNTHETIC
EV000085900D,P0000859,payment.attempted,2026-01-01T08:41:40.143284,2026-01-01T08:41:42.289813,0,True,False,SYNTHETIC
EV000085901,P0000859,payment.failed,2026-01-01T08:41:47.335682,2026-01-01T08:41:48.176009,1,False,False,SYNTHETIC
EV000086000,P0000860,payment.attempted,2026-01-01T00:44:32.912009,2026-01-01T00:44:35.038914,0,False,False,SYNTHETIC
EV000086001,P0000860,payment.authorized,2026-01-01T00:44:34.612322,2026-01-01T00:44:36.195087,1,False,False,SYNTHETIC
EV000086002,P0000860,payment.captured,2026-01-01T00:44:36.424474,2026-01-01T00:44:41.021166,2,False,False,SYNTHETIC
EV000086100,P0000861,payment.attempted,2026-01-01T01:55:27.228972,2026-01-01T01:55:27.804097,0,False,False,SYNTHETIC
EV000086101,P0000861,payment.authorized,2026-01-01T01:55:32.517135,2026-01-01T01:55:32.771123,1,False,False,SYNTHETIC
EV000086102,P0000861,payment.captured,2026-01-01T01:55:34.907358,2026-01-01T01:55:37.011454,2,False,False,SYNTHETIC
EV000086200,P0000862,payment.attempted,2026-01-01T20:16:14.249438,2026-01-01T20:16:15.113076,0,False,False,SYNTHETIC
EV000086201,P0000862,payment.authorized,2026-01-01T20:16:16.812475,2026-01-01T20:16:17.873282,1,False,False,SYNTHETIC
EV000086202,P0000862,payment.captured,2026-01-01T20:16:18.893984,2026-01-01T20:16:20.286800,2,False,False,SYNTHETIC
EV000086300,P0000863,payment.attempted,2026-01-01T19:50:50.155401,2026-01-01T19:50:50.725219,0,False,False,SYNTHETIC
EV000086301,P0000863,payment.authorized,2026-01-01T19:50:52.568745,2026-01-01T19:50:53.761869,1,False,False,SYNTHETIC
EV000086302,P0000863,payment.captured,2026-01-01T19:50:56.613399,2026-01-01T19:50:57.652692,2,False,False,SYNTHETIC
EV000086400,P0000864,payment.attempted,2026-01-01T04:59:27.676349,2026-01-01T04:59:29.342884,0,False,False,SYNTHETIC
EV000086401,P0000864,payment.failed,2026-01-01T04:59:31.405371,2026-01-01T04:59:32.307872,1,False,False,SYNTHETIC
EV000086500,P0000865,payment.attempted,2026-01-01T01:50:40.844038,2026-01-01T01:50:42.959180,0,False,False,SYNTHETIC
EV000086501,P0000865,payment.authorized,2026-01-01T01:50:44.901350,2026-01-01T01:50:45.630941,1,False,False,SYNTHETIC
EV000086502,P0000865,payment.captured,2026-01-01T01:50:48.062849,2026-01-01T01:50:48.411554,2,False,False,SYNTHETIC
EV000086600,P0000866,payment.attempted,2026-01-01T06:43:46.390938,2026-01-01T06:43:46.921401,0,False,False,SYNTHETIC
EV000086601,P0000866,payment.authorized,2026-01-01T06:43:49.942108,2026-01-01T06:43:50.777568,1,False,False,SYNTHETIC
EV000086602,P0000866,payment.captured,2026-01-01T06:43:52.925720,2026-01-01T06:43:53.936065,2,False,False,SYNTHETIC
EV000086700,P0000867,payment.attempted,2026-01-01T22:17:02.970549,2026-01-01T22:17:03.672700,0,False,False,SYNTHETIC
EV000086701,P0000867,payment.authorized,2026-01-01T22:17:05.946463,2026-01-01T22:17:06.757122,1,False,False,SYNTHETIC
EV000086702,P0000867,payment.captured,2026-01-01T22:17:09.843491,2026-01-01T22:17:11.416156,2,False,False,SYNTHETIC
EV000086800,P0000868,payment.attempted,2026-01-01T01:33:39.358098,2026-01-01T01:33:40.783809,0,False,False,SYNTHETIC
EV000086801,P0000868,payment.authorized,2026-01-01T01:33:44.762887,2026-01-01T01:33:45.671796,1,False,False,SYNTHETIC
EV000086802,P0000868,payment.captured,2026-01-01T01:33:46.806300,2026-01-01T01:33:47.708421,2,False,False,SYNTHETIC
EV000086900,P0000869,payment.attempted,2026-01-01T13:04:17.836193,2026-01-01T13:04:18.998939,0,False,False,SYNTHETIC
EV000086901,P0000869,payment.failed,2026-01-01T13:04:22.815318,2026-01-01T13:04:23.360205,1,False,False,SYNTHETIC
EV000087000,P0000870,payment.attempted,2026-01-01T05:32:42.800126,2026-01-01T05:32:43.275109,0,False,False,SYNTHETIC
EV000087001,P0000870,payment.authorized,2026-01-01T05:32:46.578989,2026-01-01T05:32:47.091579,1,False,False,SYNTHETIC
EV000087002,P0000870,payment.captured,2026-01-01T05:32:50.281049,2026-01-01T05:32:50.969137,2,False,False,SYNTHETIC
EV000087100,P0000871,payment.attempted,2026-01-01T14:37:36.577751,2026-01-01T14:37:37.534400,0,False,False,SYNTHETIC
EV000087101,P0000871,payment.authorized,2026-01-01T14:37:41.337434,2026-01-01T14:37:42.618046,1,False,False,SYNTHETIC
EV000087102,P0000871,payment.captured,2026-01-01T14:37:43.929591,2026-01-01T14:37:46.740006,2,False,False,SYNTHETIC
EV000087200,P0000872,payment.attempted,2026-01-01T09:35:22.934233,2026-01-01T09:35:23.801281,0,False,False,SYNTHETIC
EV000087201,P0000872,payment.failed,2026-01-01T09:35:27.076093,2026-01-01T09:35:28.288339,1,False,False,SYNTHETIC
EV000087201D,P0000872,payment.failed,2026-01-01T09:35:27.076093,2026-01-01T09:35:29.032457,1,True,False,SYNTHETIC
EV000087300,P0000873,payment.attempted,2026-01-01T23:49:56.212098,2026-01-01T23:49:56.818084,0,False,False,SYNTHETIC
EV000087301,P0000873,payment.authorized,2026-01-01T23:49:59.542626,2026-01-01T23:50:00.719543,1,False,False,SYNTHETIC
EV000087302,P0000873,payment.captured,2026-01-01T23:50:03.986447,2026-01-01T23:50:04.407901,2,False,False,SYNTHETIC
EV000087302D,P0000873,payment.captured,2026-01-01T23:50:03.986447,2026-01-01T23:50:04.813952,2,True,False,SYNTHETIC
EV000087400,P0000874,payment.attempted,2026-01-01T03:07:04.124374,2026-01-01T03:07:04.675088,0,False,False,SYNTHETIC
EV000087401,P0000874,payment.authorized,2026-01-01T03:07:06.868228,2026-01-01T03:07:07.612436,1,False,False,SYNTHETIC
EV000087402,P0000874,payment.captured,2026-01-01T03:07:11.127040,2026-01-01T03:07:12.046995,2,False,False,SYNTHETIC
EV000087500,P0000875,payment.attempted,2026-01-01T09:25:43.961842,2026-01-01T09:25:44.559260,0,False,False,SYNTHETIC
EV000087501,P0000875,payment.authorized,2026-01-01T09:25:49.052030,2026-01-01T09:25:51.443911,1,False,False,SYNTHETIC
EV000087502,P0000875,payment.captured,2026-01-01T09:25:54.032353,2026-01-01T09:25:56.712429,2,False,False,SYNTHETIC
EV000087502D,P0000875,payment.captured,2026-01-01T09:25:54.032353,2026-01-01T09:25:57.179241,2,True,False,SYNTHETIC
EV000087600,P0000876,payment.attempted,2026-01-01T05:27:51.883367,2026-01-01T05:27:53.997154,0,False,False,SYNTHETIC
EV000087601,P0000876,payment.authorized,2026-01-01T05:27:57.737236,2026-01-01T05:28:01.097125,1,False,False,SYNTHETIC
EV000087601D,P0000876,payment.authorized,2026-01-01T05:27:57.737236,2026-01-01T05:28:01.644543,1,True,False,SYNTHETIC
EV000087602,P0000876,payment.captured,2026-01-01T05:27:59.167416,2026-01-01T05:27:59.822504,2,False,False,SYNTHETIC
EV000087700,P0000877,payment.attempted,2026-01-01T20:33:50.653449,2026-01-01T20:33:51.031938,0,False,False,SYNTHETIC
EV000087701,P0000877,payment.authorized,2026-01-01T20:33:53.539833,2026-01-01T20:33:54.197924,1,False,False,SYNTHETIC
EV000087702,P0000877,payment.captured,2026-01-01T20:33:55.819130,2026-01-01T20:33:56.427598,2,False,False,SYNTHETIC
EV000087800,P0000878,payment.attempted,2026-01-01T06:21:58.673808,2026-01-01T06:21:59.617824,0,False,False,SYNTHETIC
EV000087801,P0000878,payment.authorized,2026-01-01T06:22:00.526855,2026-01-01T06:22:01.246012,1,False,False,SYNTHETIC
EV000087802,P0000878,payment.captured,2026-01-01T06:22:04.440309,2026-01-01T06:22:05.634988,2,False,False,SYNTHETIC
EV000087900,P0000879,payment.attempted,2026-01-01T14:32:56.537794,2026-01-01T14:32:56.809877,0,False,False,SYNTHETIC
EV000087901,P0000879,payment.authorized,2026-01-01T14:32:59.461038,2026-01-01T14:32:59.730023,1,False,False,SYNTHETIC
EV000087902,P0000879,payment.captured,2026-01-01T14:33:03.507232,2026-01-01T14:33:03.961839,2,False,False,SYNTHETIC
EV000088000,P0000880,payment.attempted,2026-01-01T00:58:45.356698,2026-01-01T00:58:45.905402,0,False,False,SYNTHETIC
EV000088001,P0000880,payment.authorized,2026-01-01T00:58:47.116848,2026-01-01T00:58:47.664733,1,False,False,SYNTHETIC
EV000088002,P0000880,payment.captured,2026-01-01T00:58:50.753687,2026-01-01T00:58:51.306452,2,False,False,SYNTHETIC
EV000088100,P0000881,payment.attempted,2026-01-01T18:09:52.851512,2026-01-01T18:09:53.346969,0,False,False,SYNTHETIC
EV000088101,P0000881,payment.failed,2026-01-01T18:09:57.847968,2026-01-01T18:09:58.885754,1,False,False,SYNTHETIC
EV000088200,P0000882,payment.attempted,2026-01-01T01:30:40.925979,2026-01-01T01:30:41.103628,0,False,False,SYNTHETIC
EV000088201,P0000882,payment.authorized,2026-01-01T01:30:45.804860,2026-01-01T01:30:47.079640,1,False,False,SYNTHETIC
EV000088202,P0000882,payment.captured,2026-01-01T01:30:48.414776,2026-01-01T01:30:49.403335,2,False,False,SYNTHETIC
EV000088300,P0000883,payment.attempted,2026-01-01T15:29:19.452961,2026-01-01T15:29:19.893149,0,False,False,SYNTHETIC
EV000088301,P0000883,payment.authorized,2026-01-01T15:29:22.898390,2026-01-01T15:29:23.694896,1,False,False,SYNTHETIC
EV000088302,P0000883,payment.captured,2026-01-01T15:29:24.761345,2026-01-01T15:29:25.251653,2,False,False,SYNTHETIC
EV000088400,P0000884,payment.attempted,2026-01-01T08:54:30.072244,2026-01-01T08:54:31.201088,0,False,False,SYNTHETIC
EV000088401,P0000884,payment.authorized,2026-01-01T08:54:35.567339,2026-01-01T08:54:36.562179,1,False,False,SYNTHETIC
EV000088402,P0000884,payment.captured,2026-01-01T08:54:39.990332,2026-01-01T08:54:44.175219,2,False,False,SYNTHETIC
EV000088500,P0000885,payment.attempted,2026-01-01T23:39:22.907310,2026-01-01T23:39:23.760266,0,False,False,SYNTHETIC
EV000088501,P0000885,payment.authorized,2026-01-01T23:39:24.522478,2026-01-01T23:39:25.422394,1,False,False,SYNTHETIC
EV000088501D,P0000885,payment.authorized,2026-01-01T23:39:24.522478,2026-01-01T23:39:25.727735,1,True,False,SYNTHETIC
EV000088502,P0000885,payment.captured,2026-01-01T23:39:26.594928,2026-01-01T23:39:26.905493,2,False,False,SYNTHETIC
EV000088600,P0000886,payment.attempted,2026-01-01T11:28:18.121470,2026-01-01T11:28:18.602154,0,False,False,SYNTHETIC
EV000088601,P0000886,payment.authorized,2026-01-01T11:28:22.942673,2026-01-01T11:29:09.028657,1,False,False,SYNTHETIC
EV000088602,P0000886,payment.captured,2026-01-01T11:28:24.664957,2026-01-01T11:28:25.509855,2,False,False,SYNTHETIC
EV000088700,P0000887,payment.attempted,2026-01-01T15:10:07.953499,2026-01-01T15:10:24.281807,0,False,True,SYNTHETIC
EV000088701,P0000887,payment.authorized,2026-01-01T15:10:13.429097,2026-01-01T15:10:14.281501,1,False,False,SYNTHETIC
EV000088702,P0000887,payment.failed,2026-01-01T15:10:23.275337,2026-01-01T15:10:09.104937,2,False,True,SYNTHETIC
EV000088703,P0000887,payment.captured,2026-01-01T15:14:24.149901,2026-01-01T15:14:25.689910,3,False,False,SYNTHETIC
EV000088800,P0000888,payment.attempted,2026-01-01T17:46:18.519560,2026-01-01T17:46:19.832920,0,False,False,SYNTHETIC
EV000088801,P0000888,payment.authorized,2026-01-01T17:46:19.702464,2026-01-01T17:46:21.899333,1,False,False,SYNTHETIC
EV000088802,P0000888,payment.captured,2026-01-01T17:46:20.834645,2026-01-01T17:46:22.416964,2,False,False,SYNTHETIC
EV000088900,P0000889,payment.attempted,2026-01-01T02:20:32.198758,2026-01-01T02:20:32.718039,0,False,False,SYNTHETIC
EV000088900D,P0000889,payment.attempted,2026-01-01T02:20:32.198758,2026-01-01T02:20:32.980750,0,True,False,SYNTHETIC
EV000088901,P0000889,payment.authorized,2026-01-01T02:20:34.257502,2026-01-01T02:20:35.210262,1,False,False,SYNTHETIC
EV000088902,P0000889,payment.captured,2026-01-01T02:20:36.066707,2026-01-01T02:20:36.473895,2,False,False,SYNTHETIC
EV000089000,P0000890,payment.attempted,2026-01-01T22:17:22.151751,2026-01-01T22:17:23.413108,0,False,False,SYNTHETIC
EV000089001,P0000890,payment.authorized,2026-01-01T22:17:23.258549,2026-01-01T22:17:23.959694,1,False,False,SYNTHETIC
EV000089002,P0000890,payment.captured,2026-01-01T22:17:28.178818,2026-01-01T22:17:29.230983,2,False,False,SYNTHETIC
EV000089100,P0000891,payment.attempted,2026-01-01T14:57:14.840267,2026-01-01T14:57:16.038110,0,False,False,SYNTHETIC
EV000089101,P0000891,payment.authorized,2026-01-01T14:57:18.858431,2026-01-01T14:57:19.455981,1,False,False,SYNTHETIC
EV000089102,P0000891,payment.captured,2026-01-01T14:57:23.622322,2026-01-01T14:57:25.352908,2,False,False,SYNTHETIC
EV000089200,P0000892,payment.attempted,2026-01-01T06:48:41.351819,2026-01-01T06:48:42.210455,0,False,False,SYNTHETIC
EV000089201,P0000892,payment.authorized,2026-01-01T06:48:46.514082,2026-01-01T06:48:48.081269,1,False,False,SYNTHETIC
EV000089202,P0000892,payment.captured,2026-01-01T06:48:50.181388,2026-01-01T06:48:51.685695,2,False,False,SYNTHETIC
EV000089202D,P0000892,payment.captured,2026-01-01T06:48:50.181388,2026-01-01T06:48:52.088924,2,True,False,SYNTHETIC
EV000089300,P0000893,payment.attempted,2026-01-01T04:09:48.285207,2026-01-01T04:09:54.549313,0,False,True,SYNTHETIC
EV000089301,P0000893,payment.authorized,2026-01-01T04:09:51.861371,2026-01-01T04:09:53.635489,1,False,False,SYNTHETIC
EV000089302,P0000893,payment.captured,2026-01-01T04:09:53.615891,2026-01-01T04:09:49.057189,2,False,True,SYNTHETIC
EV000089400,P0000894,payment.attempted,2026-01-01T02:03:29.436907,2026-01-01T02:03:29.526075,0,False,False,SYNTHETIC
EV000089401,P0000894,payment.authorized,2026-01-01T02:03:33.895674,2026-01-01T02:03:34.183864,1,False,False,SYNTHETIC
EV000089402,P0000894,payment.captured,2026-01-01T02:03:37.062856,2026-01-01T02:03:37.617494,2,False,False,SYNTHETIC
EV000089500,P0000895,payment.attempted,2026-01-01T00:42:27.058027,2026-01-01T00:42:37.233173,0,False,True,SYNTHETIC
EV000089501,P0000895,payment.authorized,2026-01-01T00:42:31.099362,2026-01-01T00:42:32.348962,1,False,False,SYNTHETIC
EV000089502,P0000895,payment.captured,2026-01-01T00:42:34.794665,2026-01-01T00:42:28.649699,2,False,True,SYNTHETIC
EV000089600,P0000896,payment.attempted,2026-01-01T04:43:29.798963,2026-01-01T04:43:31.116255,0,False,False,SYNTHETIC
EV000089601,P0000896,payment.authorized,2026-01-01T04:43:32.587080,2026-01-01T04:43:33.766907,1,False,False,SYNTHETIC
EV000089602,P0000896,payment.captured,2026-01-01T04:43:34.702828,2026-01-01T04:43:35.428727,2,False,False,SYNTHETIC
EV000089700,P0000897,payment.attempted,2026-01-01T06:12:05.128746,2026-01-01T06:12:06.557399,0,False,False,SYNTHETIC
EV000089701,P0000897,payment.authorized,2026-01-01T06:12:09.620055,2026-01-01T06:12:11.465052,1,False,False,SYNTHETIC
EV000089702,P0000897,payment.captured,2026-01-01T06:12:14.451032,2026-01-01T06:12:15.974959,2,False,False,SYNTHETIC
EV000089800,P0000898,payment.attempted,2026-01-01T01:10:14.761289,2026-01-01T01:10:15.424038,0,False,False,SYNTHETIC
EV000089801,P0000898,payment.authorized,2026-01-01T01:10:18.217292,2026-01-01T01:10:18.706728,1,False,False,SYNTHETIC
EV000089802,P0000898,payment.captured,2026-01-01T01:10:20.018875,2026-01-01T01:10:21.786874,2,False,False,SYNTHETIC
EV000089900,P0000899,payment.attempted,2026-01-01T12:57:00.840516,2026-01-01T12:57:01.944712,0,False,False,SYNTHETIC
EV000089901,P0000899,payment.authorized,2026-01-01T12:57:06.047987,2026-01-01T12:57:07.400437,1,False,False,SYNTHETIC
EV000089902,P0000899,payment.captured,2026-01-01T13:00:56.367914,2026-01-01T13:01:41.116132,2,False,False,SYNTHETIC
EV000090000,P0000900,payment.attempted,2026-01-01T06:47:08.420386,2026-01-01T06:47:09.245914,0,False,False,SYNTHETIC
EV000090001,P0000900,payment.authorized,2026-01-01T06:47:10.050892,2026-01-01T06:47:10.874798,1,False,False,SYNTHETIC
EV000090002,P0000900,payment.captured,2026-01-01T06:47:14.144019,2026-01-01T06:47:14.995739,2,False,False,SYNTHETIC
EV000090100,P0000901,payment.attempted,2026-01-01T21:24:28.432814,2026-01-01T21:24:29.646180,0,False,False,SYNTHETIC
EV000090101,P0000901,payment.authorized,2026-01-01T21:24:31.525292,2026-01-01T21:24:32.072264,1,False,False,SYNTHETIC
EV000090102,P0000901,payment.captured,2026-01-01T21:24:36.243309,2026-01-01T21:24:37.764001,2,False,False,SYNTHETIC
EV000090200,P0000902,payment.attempted,2026-01-01T13:26:14.432149,2026-01-01T13:26:14.906604,0,False,False,SYNTHETIC
EV000090201,P0000902,payment.authorized,2026-01-01T13:26:19.725750,2026-01-01T13:26:20.195985,1,False,False,SYNTHETIC
EV000090202,P0000902,payment.captured,2026-01-01T13:26:23.357152,2026-01-01T13:26:43.568122,2,False,False,SYNTHETIC
EV000090300,P0000903,payment.attempted,2026-01-01T01:04:36.783446,2026-01-01T01:04:38.000566,0,False,False,SYNTHETIC
EV000090301,P0000903,payment.authorized,2026-01-01T01:04:42.410779,2026-01-01T01:04:42.907149,1,False,False,SYNTHETIC
EV000090302,P0000903,payment.captured,2026-01-01T01:04:45.976534,2026-01-01T01:04:47.515956,2,False,False,SYNTHETIC
EV000090400,P0000904,payment.attempted,2026-01-01T23:28:56.069947,2026-01-01T23:28:56.394275,0,False,False,SYNTHETIC
EV000090401,P0000904,payment.failed,2026-01-01T23:29:00.523336,2026-01-01T23:29:01.155742,1,False,False,SYNTHETIC
EV000090500,P0000905,payment.attempted,2026-01-01T19:12:55.227313,2026-01-01T19:12:55.478954,0,False,False,SYNTHETIC
EV000090501,P0000905,payment.authorized,2026-01-01T19:12:59.571055,2026-01-01T19:13:01.662403,1,False,False,SYNTHETIC
EV000090502,P0000905,payment.captured,2026-01-01T19:13:02.145552,2026-01-01T19:13:02.656565,2,False,False,SYNTHETIC
EV000090600,P0000906,payment.attempted,2026-01-01T17:04:36.355774,2026-01-01T17:04:37.099034,0,False,False,SYNTHETIC
EV000090601,P0000906,payment.authorized,2026-01-01T17:04:42.122191,2026-01-01T17:04:43.274301,1,False,False,SYNTHETIC
EV000090602,P0000906,payment.captured,2026-01-01T17:04:46.914268,2026-01-01T17:04:49.215084,2,False,False,SYNTHETIC
EV000090700,P0000907,payment.attempted,2026-01-01T08:06:05.850416,2026-01-01T08:06:08.796225,0,False,False,SYNTHETIC
EV000090701,P0000907,payment.authorized,2026-01-01T08:06:09.355830,2026-01-01T08:06:10.470673,1,False,False,SYNTHETIC
EV000090702,P0000907,payment.captured,2026-01-01T08:06:14.124686,2026-01-01T08:06:15.225590,2,False,False,SYNTHETIC
EV000090800,P0000908,payment.attempted,2026-01-01T01:50:05.147391,2026-01-01T01:50:34.436765,0,False,False,SYNTHETIC
EV000090801,P0000908,payment.authorized,2026-01-01T01:50:07.129277,2026-01-01T01:50:07.491012,1,False,False,SYNTHETIC
EV000090802,P0000908,payment.captured,2026-01-01T01:50:10.388068,2026-01-01T01:50:10.830534,2,False,False,SYNTHETIC
EV000090900,P0000909,payment.attempted,2026-01-01T15:27:04.381163,2026-01-01T15:27:13.154696,0,False,True,SYNTHETIC
EV000090901,P0000909,payment.authorized,2026-01-01T15:27:08.538449,2026-01-01T15:27:09.204340,1,False,False,SYNTHETIC
EV000090902,P0000909,payment.captured,2026-01-01T15:27:10.612320,2026-01-01T15:27:04.732685,2,False,True,SYNTHETIC
EV000091000,P0000910,payment.attempted,2026-01-01T22:03:32.333475,2026-01-01T22:03:32.795644,0,False,False,SYNTHETIC
EV000091001,P0000910,payment.authorized,2026-01-01T22:03:35.584186,2026-01-01T22:03:35.903290,1,False,False,SYNTHETIC
EV000091002,P0000910,payment.captured,2026-01-01T22:03:40.012572,2026-01-01T22:03:40.432802,2,False,False,SYNTHETIC
EV000091100,P0000911,payment.attempted,2026-01-01T08:37:09.602587,2026-01-01T08:37:12.001708,0,False,False,SYNTHETIC
EV000091101,P0000911,payment.authorized,2026-01-01T08:37:10.945556,2026-01-01T08:37:17.541840,1,False,False,SYNTHETIC
EV000091102,P0000911,payment.captured,2026-01-01T08:37:13.520892,2026-01-01T08:37:14.170777,2,False,False,SYNTHETIC
EV000091200,P0000912,payment.attempted,2026-01-01T01:12:05.825226,2026-01-01T01:12:06.853903,0,False,False,SYNTHETIC
EV000091201,P0000912,payment.authorized,2026-01-01T01:12:11.200405,2026-01-01T01:12:11.586235,1,False,False,SYNTHETIC
EV000091202,P0000912,payment.captured,2026-01-01T01:12:12.570465,2026-01-01T01:12:13.951862,2,False,False,SYNTHETIC
EV000091300,P0000913,payment.attempted,2026-01-01T13:29:57.133666,2026-01-01T13:29:57.719322,0,False,False,SYNTHETIC
EV000091301,P0000913,payment.authorized,2026-01-01T13:30:02.414705,2026-01-01T13:30:03.365292,1,False,False,SYNTHETIC
EV000091302,P0000913,payment.captured,2026-01-01T13:30:07.171951,2026-01-01T13:30:07.632580,2,False,False,SYNTHETIC
EV000091400,P0000914,payment.attempted,2026-01-01T01:57:55.422504,2026-01-01T01:57:55.915338,0,False,False,SYNTHETIC
EV000091401,P0000914,payment.authorized,2026-01-01T01:57:57.261118,2026-01-01T01:57:58.025829,1,False,False,SYNTHETIC
EV000091402,P0000914,payment.captured,2026-01-01T01:57:59.980005,2026-01-01T01:58:01.589343,2,False,False,SYNTHETIC
EV000091500,P0000915,payment.attempted,2026-01-01T22:21:14.761244,2026-01-01T22:21:15.077127,0,False,False,SYNTHETIC
EV000091501,P0000915,payment.authorized,2026-01-01T22:21:19.003139,2026-01-01T22:21:19.077702,1,False,False,SYNTHETIC
EV000091502,P0000915,payment.captured,2026-01-01T22:21:21.065825,2026-01-01T22:21:21.376250,2,False,False,SYNTHETIC
EV000091600,P0000916,payment.attempted,2026-01-01T06:36:49.376611,2026-01-01T06:36:50.480319,0,False,False,SYNTHETIC
EV000091601,P0000916,payment.authorized,2026-01-01T06:36:51.821254,2026-01-01T06:36:52.637408,1,False,False,SYNTHETIC
EV000091602,P0000916,payment.captured,2026-01-01T06:36:56.165965,2026-01-01T06:36:56.722679,2,False,False,SYNTHETIC
EV000091700,P0000917,payment.attempted,2026-01-01T21:51:16.662820,2026-01-01T21:51:16.842667,0,False,False,SYNTHETIC
EV000091701,P0000917,payment.authorized,2026-01-01T21:51:22.249440,2026-01-01T21:51:22.688179,1,False,False,SYNTHETIC
EV000091702,P0000917,payment.captured,2026-01-01T21:51:25.586803,2026-01-01T21:51:26.112667,2,False,False,SYNTHETIC
EV000091800,P0000918,payment.attempted,2026-01-01T06:10:55.095854,2026-01-01T06:10:55.790777,0,False,False,SYNTHETIC
EV000091801,P0000918,payment.authorized,2026-01-01T06:10:58.975664,2026-01-01T06:10:59.774573,1,False,False,SYNTHETIC
EV000091802,P0000918,payment.captured,2026-01-01T06:11:00.541909,2026-01-01T06:11:00.768772,2,False,False,SYNTHETIC
EV000091900,P0000919,payment.attempted,2026-01-01T20:49:21.721810,2026-01-01T20:49:22.135774,0,False,False,SYNTHETIC
EV000091901,P0000919,payment.failed,2026-01-01T20:49:25.354371,2026-01-01T20:49:25.914605,1,False,False,SYNTHETIC
EV000092000,P0000920,payment.attempted,2026-01-01T12:12:11.110529,2026-01-01T12:12:12.118225,0,False,False,SYNTHETIC
EV000092001,P0000920,payment.authorized,2026-01-01T12:12:15.805438,2026-01-01T12:12:16.645190,1,False,False,SYNTHETIC
EV000092002,P0000920,payment.captured,2026-01-01T12:12:17.085569,2026-01-01T12:12:17.665348,2,False,False,SYNTHETIC
EV000092100,P0000921,payment.attempted,2026-01-01T22:46:36.140093,2026-01-01T22:46:36.975053,0,False,False,SYNTHETIC
EV000092101,P0000921,payment.authorized,2026-01-01T22:46:41.698217,2026-01-01T22:46:44.191418,1,False,False,SYNTHETIC
EV000092102,P0000921,payment.captured,2026-01-01T22:46:44.050163,2026-01-01T22:46:45.554112,2,False,False,SYNTHETIC
EV000092200,P0000922,payment.attempted,2026-01-01T01:39:04.063017,2026-01-01T01:39:05.109032,0,False,False,SYNTHETIC
EV000092201,P0000922,payment.authorized,2026-01-01T01:39:06.984819,2026-01-01T01:39:10.961074,1,False,False,SYNTHETIC
EV000092202,P0000922,payment.captured,2026-01-01T01:39:11.322862,2026-01-01T01:39:12.249297,2,False,False,SYNTHETIC
EV000092300,P0000923,payment.attempted,2026-01-01T00:24:38.766406,2026-01-01T00:24:39.880598,0,False,False,SYNTHETIC
EV000092301,P0000923,payment.authorized,2026-01-01T00:24:44.420475,2026-01-01T00:24:45.131736,1,False,False,SYNTHETIC
EV000092301D,P0000923,payment.authorized,2026-01-01T00:24:44.420475,2026-01-01T00:24:45.434226,1,True,False,SYNTHETIC
EV000092302,P0000923,payment.captured,2026-01-01T00:24:49.279843,2026-01-01T00:24:53.030383,2,False,False,SYNTHETIC
EV000092400,P0000924,payment.attempted,2026-01-01T03:23:50.243008,2026-01-01T03:23:50.883438,0,False,False,SYNTHETIC
EV000092400D,P0000924,payment.attempted,2026-01-01T03:23:50.243008,2026-01-01T03:23:51.408756,0,True,False,SYNTHETIC
EV000092401,P0000924,payment.authorized,2026-01-01T03:23:54.907787,2026-01-01T03:23:56.586893,1,False,False,SYNTHETIC
EV000092402,P0000924,payment.captured,2026-01-01T03:23:58.362255,2026-01-01T03:23:59.763655,2,False,False,SYNTHETIC
EV000092500,P0000925,payment.attempted,2026-01-01T04:46:34.221576,2026-01-01T04:46:34.639915,0,False,False,SYNTHETIC
EV000092501,P0000925,payment.authorized,2026-01-01T04:46:38.028113,2026-01-01T04:46:59.435060,1,False,False,SYNTHETIC
EV000092502,P0000925,payment.captured,2026-01-01T04:46:42.721586,2026-01-01T04:46:43.987611,2,False,False,SYNTHETIC
EV000092600,P0000926,payment.attempted,2026-01-01T14:42:21.693535,2026-01-01T14:42:22.560308,0,False,False,SYNTHETIC
EV000092601,P0000926,payment.authorized,2026-01-01T14:42:24.945940,2026-01-01T14:42:27.220357,1,False,False,SYNTHETIC
EV000092602,P0000926,payment.captured,2026-01-01T14:42:28.706624,2026-01-01T14:43:23.681065,2,False,False,SYNTHETIC
EV000092700,P0000927,payment.attempted,2026-01-01T23:26:43.393107,2026-01-01T23:26:44.684653,0,False,False,SYNTHETIC
EV000092700D,P0000927,payment.attempted,2026-01-01T23:26:43.393107,2026-01-01T23:26:45.007492,0,True,False,SYNTHETIC
EV000092701,P0000927,payment.failed,2026-01-01T23:26:50.497855,2026-01-01T23:26:51.534576,1,False,False,SYNTHETIC
EV000092800,P0000928,payment.attempted,2026-01-01T15:54:51.897919,2026-01-01T15:54:56.353896,0,False,True,SYNTHETIC
EV000092801,P0000928,payment.authorized,2026-01-01T15:54:54.855752,2026-01-01T15:54:53.780448,1,False,True,SYNTHETIC
EV000092802,P0000928,payment.captured,2026-01-01T15:54:56.244993,2026-01-01T15:54:57.962928,2,False,False,SYNTHETIC
EV000092900,P0000929,payment.attempted,2026-01-01T21:20:31.318901,2026-01-01T21:20:32.539937,0,False,False,SYNTHETIC
EV000092901,P0000929,payment.authorized,2026-01-01T21:20:33.340988,2026-01-01T21:20:34.040575,1,False,False,SYNTHETIC
EV000092902,P0000929,payment.captured,2026-01-01T21:20:37.929058,2026-01-01T21:20:39.305705,2,False,False,SYNTHETIC
EV000093000,P0000930,payment.attempted,2026-01-01T10:14:30.368297,2026-01-01T10:14:31.951195,0,False,False,SYNTHETIC
EV000093001,P0000930,payment.authorized,2026-01-01T10:14:32.103173,2026-01-01T10:14:32.617829,1,False,False,SYNTHETIC
EV000093002,P0000930,payment.failed,2026-01-01T10:14:41.430623,2026-01-01T10:14:42.144333,2,False,False,SYNTHETIC
EV000093003,P0000930,payment.captured,2026-01-01T10:19:20.192955,2026-01-01T10:19:21.890973,3,False,False,SYNTHETIC
EV000093100,P0000931,payment.attempted,2026-01-01T13:59:15.654697,2026-01-01T13:59:15.865537,0,False,False,SYNTHETIC
EV000093101,P0000931,payment.authorized,2026-01-01T13:59:17.090287,2026-01-01T13:59:17.539634,1,False,False,SYNTHETIC
EV000093102,P0000931,payment.captured,2026-01-01T13:59:21.817887,2026-01-01T13:59:22.562486,2,False,False,SYNTHETIC
EV000093200,P0000932,payment.attempted,2026-01-01T05:57:24.216768,2026-01-01T05:57:30.929090,0,False,True,SYNTHETIC
EV000093201,P0000932,payment.authorized,2026-01-01T05:57:28.278557,2026-01-01T05:57:28.880130,1,False,False,SYNTHETIC
EV000093202,P0000932,payment.captured,2026-01-01T05:57:30.335048,2026-01-01T05:57:24.958004,2,False,True,SYNTHETIC
EV000093300,P0000933,payment.attempted,2026-01-01T00:57:14.464153,2026-01-01T00:57:16.269947,0,False,False,SYNTHETIC
EV000093301,P0000933,payment.authorized,2026-01-01T00:57:17.552845,2026-01-01T00:57:18.083249,1,False,False,SYNTHETIC
EV000093302,P0000933,payment.captured,2026-01-01T01:01:51.107009,2026-01-01T01:01:52.044704,2,False,False,SYNTHETIC
EV000093400,P0000934,payment.attempted,2026-01-01T23:31:08.737350,2026-01-01T23:31:09.795726,0,False,False,SYNTHETIC
EV000093401,P0000934,payment.authorized,2026-01-01T23:31:14.474599,2026-01-01T23:32:06.073703,1,False,False,SYNTHETIC
EV000093402,P0000934,payment.captured,2026-01-01T23:37:52.866317,2026-01-01T23:37:53.319452,2,False,False,SYNTHETIC
EV000093500,P0000935,payment.attempted,2026-01-01T22:04:16.340880,2026-01-01T22:04:17.289157,0,False,False,SYNTHETIC
EV000093501,P0000935,payment.authorized,2026-01-01T22:04:21.101728,2026-01-01T22:04:27.092951,1,False,False,SYNTHETIC
EV000093502,P0000935,payment.captured,2026-01-01T22:04:23.621279,2026-01-01T22:05:09.021487,2,False,False,SYNTHETIC
EV000093600,P0000936,payment.attempted,2026-01-01T09:40:06.900488,2026-01-01T09:40:07.413759,0,False,False,SYNTHETIC
EV000093601,P0000936,payment.authorized,2026-01-01T09:40:11.918692,2026-01-01T09:40:13.257999,1,False,False,SYNTHETIC
EV000093601D,P0000936,payment.authorized,2026-01-01T09:40:11.918692,2026-01-01T09:40:13.828716,1,True,False,SYNTHETIC
EV000093602,P0000936,payment.captured,2026-01-01T09:40:15.099728,2026-01-01T09:40:19.766687,2,False,False,SYNTHETIC
EV000093700,P0000937,payment.attempted,2026-01-01T08:22:12.440895,2026-01-01T08:22:14.605764,0,False,False,SYNTHETIC
EV000093701,P0000937,payment.authorized,2026-01-01T08:22:14.133591,2026-01-01T08:22:15.714731,1,False,False,SYNTHETIC
EV000093702,P0000937,payment.captured,2026-01-01T08:22:16.536017,2026-01-01T08:22:20.601359,2,False,False,SYNTHETIC
EV000093800,P0000938,payment.attempted,2026-01-01T19:30:22.340907,2026-01-01T19:30:22.609703,0,False,False,SYNTHETIC
EV000093800D,P0000938,payment.attempted,2026-01-01T19:30:22.340907,2026-01-01T19:30:22.987109,0,True,False,SYNTHETIC
EV000093801,P0000938,payment.authorized,2026-01-01T19:30:27.043020,2026-01-01T19:30:27.342519,1,False,False,SYNTHETIC
EV000093802,P0000938,payment.captured,2026-01-01T19:30:29.031207,2026-01-01T19:30:29.494032,2,False,False,SYNTHETIC
EV000093802D,P0000938,payment.captured,2026-01-01T19:30:29.031207,2026-01-01T19:30:29.861878,2,True,False,SYNTHETIC
EV000093900,P0000939,payment.attempted,2026-01-01T18:26:06.394906,2026-01-01T18:26:06.952881,0,False,False,SYNTHETIC
EV000093901,P0000939,payment.failed,2026-01-01T18:26:08.754020,2026-01-01T18:26:10.229585,1,False,False,SYNTHETIC
EV000094000,P0000940,payment.attempted,2026-01-01T03:26:53.475833,2026-01-01T03:26:54.746989,0,False,False,SYNTHETIC
EV000094001,P0000940,payment.authorized,2026-01-01T03:26:56.456006,2026-01-01T03:26:59.842446,1,False,True,SYNTHETIC
EV000094002,P0000940,payment.captured,2026-01-01T03:26:58.975624,2026-01-01T03:26:57.851004,2,False,True,SYNTHETIC
EV000094100,P0000941,payment.attempted,2026-01-01T17:24:20.833784,2026-01-01T17:24:20.971590,0,False,False,SYNTHETIC
EV000094101,P0000941,payment.authorized,2026-01-01T17:24:23.810897,2026-01-01T17:24:24.123578,1,False,False,SYNTHETIC
EV000094102,P0000941,payment.captured,2026-01-01T17:24:26.741191,2026-01-01T17:24:27.876073,2,False,False,SYNTHETIC
EV000094102D,P0000941,payment.captured,2026-01-01T17:24:26.741191,2026-01-01T17:24:28.113203,2,True,False,SYNTHETIC
EV000094200,P0000942,payment.attempted,2026-01-01T15:47:27.125480,2026-01-01T15:47:28.631375,0,False,False,SYNTHETIC
EV000094201,P0000942,payment.authorized,2026-01-01T15:47:30.607938,2026-01-01T15:47:31.290464,1,False,False,SYNTHETIC
EV000094202,P0000942,payment.captured,2026-01-01T15:47:33.130731,2026-01-01T15:47:34.725029,2,False,False,SYNTHETIC
EV000094300,P0000943,payment.attempted,2026-01-01T00:49:21.169941,2026-01-01T00:49:21.750864,0,False,False,SYNTHETIC
EV000094301,P0000943,payment.authorized,2026-01-01T00:49:26.394879,2026-01-01T00:49:27.500116,1,False,False,SYNTHETIC
EV000094302,P0000943,payment.captured,2026-01-01T00:49:28.826046,2026-01-01T00:49:29.621900,2,False,False,SYNTHETIC
EV000094400,P0000944,payment.attempted,2026-01-01T17:37:21.934595,2026-01-01T17:37:22.662204,0,False,False,SYNTHETIC
EV000094401,P0000944,payment.authorized,2026-01-01T17:37:26.323938,2026-01-01T17:37:26.589594,1,False,False,SYNTHETIC
EV000094402,P0000944,payment.captured,2026-01-01T17:37:27.534195,2026-01-01T17:37:29.192684,2,False,False,SYNTHETIC
EV000094500,P0000945,payment.attempted,2026-01-01T19:21:34.699422,2026-01-01T19:21:35.432268,0,False,False,SYNTHETIC
EV000094501,P0000945,payment.authorized,2026-01-01T19:21:36.390770,2026-01-01T19:21:37.024281,1,False,False,SYNTHETIC
EV000094502,P0000945,payment.captured,2026-01-01T19:21:41.300306,2026-01-01T19:21:42.189951,2,False,False,SYNTHETIC
EV000094600,P0000946,payment.attempted,2026-01-01T13:05:47.670063,2026-01-01T13:05:48.447931,0,False,False,SYNTHETIC
EV000094601,P0000946,payment.authorized,2026-01-01T13:05:50.421276,2026-01-01T13:05:50.957561,1,False,False,SYNTHETIC
EV000094602,P0000946,payment.captured,2026-01-01T13:05:53.123605,2026-01-01T13:05:53.398342,2,False,False,SYNTHETIC
EV000094700,P0000947,payment.attempted,2026-01-01T21:51:24.225739,2026-01-01T21:51:25.225901,0,False,False,SYNTHETIC
EV000094701,P0000947,payment.authorized,2026-01-01T21:51:27.553698,2026-01-01T21:51:28.307972,1,False,False,SYNTHETIC
EV000094702,P0000947,payment.captured,2026-01-01T21:51:30.666887,2026-01-01T21:51:32.007240,2,False,False,SYNTHETIC
EV000094800,P0000948,payment.attempted,2026-01-01T11:47:28.093917,2026-01-01T11:47:28.842064,0,False,False,SYNTHETIC
EV000094801,P0000948,payment.authorized,2026-01-01T11:47:31.241955,2026-01-01T11:47:31.782294,1,False,False,SYNTHETIC
EV000094802,P0000948,payment.captured,2026-01-01T11:47:33.717153,2026-01-01T11:47:35.893029,2,False,False,SYNTHETIC
EV000094900,P0000949,payment.attempted,2026-01-01T17:16:18.001028,2026-01-01T17:16:19.024470,0,False,False,SYNTHETIC
EV000094900D,P0000949,payment.attempted,2026-01-01T17:16:18.001028,2026-01-01T17:16:19.520994,0,True,False,SYNTHETIC
EV000094901,P0000949,payment.authorized,2026-01-01T17:16:22.426483,2026-01-01T17:16:23.093602,1,False,False,SYNTHETIC
EV000094902,P0000949,payment.failed,2026-01-01T17:16:32.274138,2026-01-01T17:16:33.409593,2,False,False,SYNTHETIC
EV000094903,P0000949,payment.captured,2026-01-01T17:21:07.615762,2026-01-01T17:21:08.966338,3,False,False,SYNTHETIC
EV000095000,P0000950,payment.attempted,2026-01-01T05:13:20.909698,2026-01-01T05:13:21.660894,0,False,False,SYNTHETIC
EV000095001,P0000950,payment.authorized,2026-01-01T05:13:22.642943,2026-01-01T05:13:22.978679,1,False,False,SYNTHETIC
EV000095002,P0000950,payment.captured,2026-01-01T05:13:26.921962,2026-01-01T05:13:27.582890,2,False,False,SYNTHETIC
EV000095100,P0000951,payment.attempted,2026-01-01T08:49:22.328312,2026-01-01T08:49:23.585100,0,False,False,SYNTHETIC
EV000095101,P0000951,payment.authorized,2026-01-01T08:49:24.383970,2026-01-01T08:49:26.000361,1,False,False,SYNTHETIC
EV000095102,P0000951,payment.captured,2026-01-01T08:49:25.844509,2026-01-01T08:49:26.949938,2,False,False,SYNTHETIC
EV000095200,P0000952,payment.attempted,2026-01-01T05:04:47.429975,2026-01-01T05:04:49.683186,0,False,False,SYNTHETIC
EV000095201,P0000952,payment.authorized,2026-01-01T05:04:49.044773,2026-01-01T05:04:50.834826,1,False,False,SYNTHETIC
EV000095202,P0000952,payment.captured,2026-01-01T05:04:51.914290,2026-01-01T05:04:52.592389,2,False,False,SYNTHETIC
EV000095300,P0000953,payment.attempted,2026-01-01T05:51:06.434253,2026-01-01T05:51:08.094135,0,False,False,SYNTHETIC
EV000095301,P0000953,payment.authorized,2026-01-01T05:51:09.010332,2026-01-01T05:51:10.621046,1,False,False,SYNTHETIC
EV000095302,P0000953,payment.captured,2026-01-01T05:51:13.502154,2026-01-01T05:51:14.341358,2,False,False,SYNTHETIC
EV000095400,P0000954,payment.attempted,2026-01-01T17:11:09.009635,2026-01-01T17:11:09.244046,0,False,False,SYNTHETIC
EV000095401,P0000954,payment.authorized,2026-01-01T17:11:14.970835,2026-01-01T17:11:15.206126,1,False,False,SYNTHETIC
EV000095402,P0000954,payment.captured,2026-01-01T17:11:17.219524,2026-01-01T17:11:17.496106,2,False,False,SYNTHETIC
EV000095500,P0000955,payment.attempted,2026-01-01T12:13:48.122011,2026-01-01T12:13:49.486593,0,False,False,SYNTHETIC
EV000095501,P0000955,payment.authorized,2026-01-01T12:13:52.731586,2026-01-01T12:13:53.029200,1,False,False,SYNTHETIC
EV000095502,P0000955,payment.captured,2026-01-01T12:13:55.122893,2026-01-01T12:13:55.353319,2,False,False,SYNTHETIC
EV000095600,P0000956,payment.attempted,2026-01-01T05:11:43.319658,2026-01-01T05:11:44.786902,0,False,False,SYNTHETIC
EV000095601,P0000956,payment.authorized,2026-01-01T05:11:48.193223,2026-01-01T05:11:49.279771,1,False,False,SYNTHETIC
EV000095602,P0000956,payment.captured,2026-01-01T05:11:51.545438,2026-01-01T05:11:53.047278,2,False,False,SYNTHETIC
EV000095700,P0000957,payment.attempted,2026-01-01T15:07:29.256130,2026-01-01T15:07:31.443969,0,False,True,SYNTHETIC
EV000095701,P0000957,payment.authorized,2026-01-01T15:07:30.583126,2026-01-01T15:07:29.587668,1,False,True,SYNTHETIC
EV000095702,P0000957,payment.captured,2026-01-01T15:07:33.856373,2026-01-01T15:07:34.290432,2,False,False,SYNTHETIC
EV000095800,P0000958,payment.attempted,2026-01-01T18:14:52.626310,2026-01-01T18:14:53.556413,0,False,False,SYNTHETIC
EV000095801,P0000958,payment.authorized,2026-01-01T18:14:57.377059,2026-01-01T18:14:57.854669,1,False,False,SYNTHETIC
EV000095802,P0000958,payment.captured,2026-01-01T18:15:01.504580,2026-01-01T18:15:02.154072,2,False,False,SYNTHETIC
EV000095900,P0000959,payment.attempted,2026-01-01T13:58:17.547115,2026-01-01T13:58:19.889917,0,False,False,SYNTHETIC
EV000095901,P0000959,payment.authorized,2026-01-01T13:58:20.763184,2026-01-01T13:58:24.242703,1,False,False,SYNTHETIC
EV000095902,P0000959,payment.captured,2026-01-01T13:58:23.820134,2026-01-01T13:58:24.743747,2,False,False,SYNTHETIC
EV000096000,P0000960,payment.attempted,2026-01-01T01:03:13.226278,2026-01-01T01:03:15.936750,0,False,False,SYNTHETIC
EV000096001,P0000960,payment.authorized,2026-01-01T01:03:17.541093,2026-01-01T01:03:19.419795,1,False,False,SYNTHETIC
EV000096002,P0000960,payment.captured,2026-01-01T01:03:20.720296,2026-01-01T01:03:22.954397,2,False,False,SYNTHETIC
EV000096100,P0000961,payment.attempted,2026-01-01T03:00:29.636370,2026-01-01T03:00:30.469730,0,False,False,SYNTHETIC
EV000096101,P0000961,payment.authorized,2026-01-01T03:00:30.822298,2026-01-01T03:00:31.341732,1,False,False,SYNTHETIC
EV000096102,P0000961,payment.captured,2026-01-01T03:00:35.734439,2026-01-01T03:00:36.075318,2,False,False,SYNTHETIC
EV000096200,P0000962,payment.attempted,2026-01-01T05:05:55.852843,2026-01-01T05:05:57.001868,0,False,False,SYNTHETIC
EV000096201,P0000962,payment.authorized,2026-01-01T05:05:58.294484,2026-01-01T05:05:59.686396,1,False,False,SYNTHETIC
EV000096202,P0000962,payment.captured,2026-01-01T05:06:01.405047,2026-01-01T05:06:02.988615,2,False,False,SYNTHETIC
EV000096300,P0000963,payment.attempted,2026-01-01T21:26:13.593651,2026-01-01T21:26:14.235566,0,False,False,SYNTHETIC
EV000096301,P0000963,payment.authorized,2026-01-01T21:26:18.272818,2026-01-01T21:26:18.758574,1,False,False,SYNTHETIC
EV000096302,P0000963,payment.captured,2026-01-01T21:26:20.757317,2026-01-01T21:26:21.424664,2,False,False,SYNTHETIC
EV000096400,P0000964,payment.attempted,2026-01-01T01:47:26.520953,2026-01-01T01:47:27.498245,0,False,False,SYNTHETIC
EV000096401,P0000964,payment.authorized,2026-01-01T01:47:29.000763,2026-01-01T01:47:31.468988,1,False,False,SYNTHETIC
EV000096402,P0000964,payment.captured,2026-01-01T01:47:33.256521,2026-01-01T01:47:34.022988,2,False,False,SYNTHETIC
EV000096500,P0000965,payment.attempted,2026-01-01T16:18:40.572100,2026-01-01T16:18:41.563215,0,False,False,SYNTHETIC
EV000096501,P0000965,payment.authorized,2026-01-01T16:18:41.829326,2026-01-01T16:19:01.253755,1,False,True,SYNTHETIC
EV000096502,P0000965,payment.captured,2026-01-01T16:18:44.959618,2026-01-01T16:18:42.470866,2,False,True,SYNTHETIC
EV000096600,P0000966,payment.attempted,2026-01-01T14:20:30.840564,2026-01-01T14:21:06.069767,0,False,False,SYNTHETIC
EV000096601,P0000966,payment.authorized,2026-01-01T14:20:33.902599,2026-01-01T14:20:34.583693,1,False,False,SYNTHETIC
EV000096602,P0000966,payment.captured,2026-01-01T14:20:37.173402,2026-01-01T14:20:37.904148,2,False,False,SYNTHETIC
EV000096700,P0000967,payment.attempted,2026-01-01T18:04:58.580072,2026-01-01T18:04:59.031941,0,False,False,SYNTHETIC
EV000096700D,P0000967,payment.attempted,2026-01-01T18:04:58.580072,2026-01-01T18:04:59.401553,0,True,False,SYNTHETIC
EV000096701,P0000967,payment.authorized,2026-01-01T18:05:00.059186,2026-01-01T18:05:01.060007,1,False,False,SYNTHETIC
EV000096702,P0000967,payment.captured,2026-01-01T18:05:03.734320,2026-01-01T18:05:04.758985,2,False,False,SYNTHETIC
EV000096800,P0000968,payment.attempted,2026-01-01T07:38:05.368398,2026-01-01T07:38:06.115250,0,False,False,SYNTHETIC
EV000096801,P0000968,payment.authorized,2026-01-01T07:38:10.692260,2026-01-01T07:38:12.460636,1,False,False,SYNTHETIC
EV000096802,P0000968,payment.captured,2026-01-01T07:38:15.684114,2026-01-01T07:38:17.752958,2,False,False,SYNTHETIC
EV000096900,P0000969,payment.attempted,2026-01-01T14:12:59.517517,2026-01-01T14:13:00.479521,0,False,False,SYNTHETIC
EV000096901,P0000969,payment.authorized,2026-01-01T14:13:03.677758,2026-01-01T14:13:04.917057,1,False,False,SYNTHETIC
EV000096902,P0000969,payment.captured,2026-01-01T14:13:07.689701,2026-01-01T14:13:08.586576,2,False,False,SYNTHETIC
EV000097000,P0000970,payment.attempted,2026-01-01T09:35:55.151180,2026-01-01T09:35:57.792760,0,False,False,SYNTHETIC
EV000097001,P0000970,payment.authorized,2026-01-01T09:35:59.489679,2026-01-01T09:36:04.788866,1,False,True,SYNTHETIC
EV000097002,P0000970,payment.captured,2026-01-01T09:36:03.759894,2026-01-01T09:36:01.263463,2,False,True,SYNTHETIC
EV000097100,P0000971,payment.attempted,2026-01-01T20:29:22.034590,2026-01-01T20:29:23.457739,0,False,False,SYNTHETIC
EV000097101,P0000971,payment.authorized,2026-01-01T20:29:27.979909,2026-01-01T20:29:29.848514,1,False,False,SYNTHETIC
EV000097102,P0000971,payment.captured,2026-01-01T20:29:31.028927,2026-01-01T20:29:31.791901,2,False,False,SYNTHETIC
EV000097200,P0000972,payment.attempted,2026-01-01T04:26:49.582584,2026-01-01T04:26:50.426198,0,False,False,SYNTHETIC
EV000097201,P0000972,payment.authorized,2026-01-01T04:26:52.518188,2026-01-01T04:26:53.360528,1,False,False,SYNTHETIC
EV000097202,P0000972,payment.captured,2026-01-01T04:26:57.428512,2026-01-01T04:26:58.211237,2,False,False,SYNTHETIC
EV000097300,P0000973,payment.attempted,2026-01-01T10:34:15.085430,2026-01-01T10:34:17.725579,0,False,False,SYNTHETIC
EV000097301,P0000973,payment.authorized,2026-01-01T10:34:17.150558,2026-01-01T10:34:18.104360,1,False,False,SYNTHETIC
EV000097302,P0000973,payment.captured,2026-01-01T10:34:18.528433,2026-01-01T10:34:20.003415,2,False,False,SYNTHETIC
EV000097400,P0000974,payment.attempted,2026-01-01T19:55:34.976633,2026-01-01T19:55:37.698188,0,False,False,SYNTHETIC
EV000097401,P0000974,payment.authorized,2026-01-01T19:55:37.407792,2026-01-01T19:55:40.924176,1,False,False,SYNTHETIC
EV000097402,P0000974,payment.failed,2026-01-01T19:55:45.390009,2026-01-01T19:55:46.227059,2,False,False,SYNTHETIC
EV000097403,P0000974,payment.captured,2026-01-01T20:01:20.521243,2026-01-01T20:01:23.451447,3,False,False,SYNTHETIC
EV000097500,P0000975,payment.attempted,2026-01-01T05:57:49.632642,2026-01-01T05:57:51.783882,0,False,False,SYNTHETIC
EV000097501,P0000975,payment.authorized,2026-01-01T05:57:51.260110,2026-01-01T05:57:52.202149,1,False,False,SYNTHETIC
EV000097502,P0000975,payment.captured,2026-01-01T06:02:06.874962,2026-01-01T06:02:09.165065,2,False,False,SYNTHETIC
EV000097600,P0000976,payment.attempted,2026-01-01T22:19:45.753918,2026-01-01T22:19:46.319008,0,False,False,SYNTHETIC
EV000097601,P0000976,payment.authorized,2026-01-01T22:19:51.733337,2026-01-01T22:19:52.510196,1,False,False,SYNTHETIC
EV000097602,P0000976,payment.captured,2026-01-01T22:19:54.225292,2026-01-01T22:19:54.462029,2,False,False,SYNTHETIC
EV000097700,P0000977,payment.attempted,2026-01-01T21:22:00.679855,2026-01-01T21:22:01.370553,0,False,False,SYNTHETIC
EV000097701,P0000977,payment.authorized,2026-01-01T21:22:04.186533,2026-01-01T21:22:05.463602,1,False,False,SYNTHETIC
EV000097702,P0000977,payment.captured,2026-01-01T21:22:07.579096,2026-01-01T21:22:08.464756,2,False,False,SYNTHETIC
EV000097800,P0000978,payment.attempted,2026-01-01T22:58:41.137177,2026-01-01T22:58:43.574822,0,False,False,SYNTHETIC
EV000097801,P0000978,payment.authorized,2026-01-01T22:58:43.266523,2026-01-01T22:58:43.957938,1,False,False,SYNTHETIC
EV000097802,P0000978,payment.captured,2026-01-01T22:58:46.020245,2026-01-01T22:58:47.441248,2,False,False,SYNTHETIC
EV000097802D,P0000978,payment.captured,2026-01-01T22:58:46.020245,2026-01-01T22:58:48.054129,2,True,False,SYNTHETIC
EV000097900,P0000979,payment.attempted,2026-01-01T17:58:45.532182,2026-01-01T17:58:46.643619,0,False,False,SYNTHETIC
EV000097901,P0000979,payment.authorized,2026-01-01T17:58:47.000390,2026-01-01T18:05:50.099480,1,False,True,SYNTHETIC
EV000097902,P0000979,payment.captured,2026-01-01T18:05:24.671273,2026-01-01T17:58:48.817770,2,False,True,SYNTHETIC
EV000098000,P0000980,payment.attempted,2026-01-01T09:43:58.945923,2026-01-01T09:43:59.758340,0,False,False,SYNTHETIC
EV000098001,P0000980,payment.authorized,2026-01-01T09:44:02.893336,2026-01-01T09:44:03.658045,1,False,False,SYNTHETIC
EV000098002,P0000980,payment.failed,2026-01-01T09:44:07.697313,2026-01-01T09:44:09.299023,2,False,False,SYNTHETIC
EV000098003,P0000980,payment.captured,2026-01-01T09:44:44.562580,2026-01-01T09:44:46.350108,3,False,False,SYNTHETIC
EV000098100,P0000981,payment.attempted,2026-01-01T22:53:48.201186,2026-01-01T22:53:48.933066,0,False,False,SYNTHETIC
EV000098101,P0000981,payment.authorized,2026-01-01T22:53:52.036720,2026-01-01T22:53:52.826726,1,False,False,SYNTHETIC
EV000098102,P0000981,payment.captured,2026-01-01T22:53:54.626934,2026-01-01T22:53:55.823525,2,False,False,SYNTHETIC
EV000098200,P0000982,payment.attempted,2026-01-01T06:05:32.678234,2026-01-01T06:05:34.254510,0,False,False,SYNTHETIC
EV000098201,P0000982,payment.authorized,2026-01-01T06:05:37.400183,2026-01-01T06:05:40.930369,1,False,True,SYNTHETIC
EV000098201D,P0000982,payment.authorized,2026-01-01T06:05:37.400183,2026-01-01T06:05:40.508971,1,True,False,SYNTHETIC
EV000098202,P0000982,payment.captured,2026-01-01T06:05:39.321506,2026-01-01T06:05:40.180111,2,False,True,SYNTHETIC
EV000098300,P0000983,payment.attempted,2026-01-01T05:44:44.416122,2026-01-01T05:44:46.408999,0,False,False,SYNTHETIC
EV000098301,P0000983,payment.authorized,2026-01-01T05:44:49.540473,2026-01-01T05:44:50.593668,1,False,False,SYNTHETIC
EV000098302,P0000983,payment.captured,2026-01-01T05:44:51.279320,2026-01-01T05:44:52.320663,2,False,False,SYNTHETIC
EV000098400,P0000984,payment.attempted,2026-01-01T09:45:58.525498,2026-01-01T09:45:59.728430,0,False,False,SYNTHETIC
EV000098401,P0000984,payment.authorized,2026-01-01T09:46:04.122371,2026-01-01T09:46:04.360170,1,False,False,SYNTHETIC
EV000098402,P0000984,payment.captured,2026-01-01T09:46:05.792026,2026-01-01T09:46:07.312704,2,False,False,SYNTHETIC
EV000098500,P0000985,payment.attempted,2026-01-01T15:21:29.233765,2026-01-01T15:21:30.604809,0,False,False,SYNTHETIC
EV000098501,P0000985,payment.authorized,2026-01-01T15:21:33.466426,2026-01-01T15:21:34.621876,1,False,False,SYNTHETIC
EV000098502,P0000985,payment.captured,2026-01-01T15:21:36.860955,2026-01-01T15:21:37.761442,2,False,False,SYNTHETIC
EV000098600,P0000986,payment.attempted,2026-01-01T20:46:44.994000,2026-01-01T20:46:45.647584,0,False,False,SYNTHETIC
EV000098601,P0000986,payment.authorized,2026-01-01T20:46:47.984551,2026-01-01T20:46:48.619542,1,False,False,SYNTHETIC
EV000098602,P0000986,payment.captured,2026-01-01T20:46:51.612620,2026-01-01T20:46:53.827741,2,False,False,SYNTHETIC
EV000098700,P0000987,payment.attempted,2026-01-01T14:51:25.792982,2026-01-01T14:51:26.631174,0,False,False,SYNTHETIC
EV000098701,P0000987,payment.authorized,2026-01-01T14:51:27.257493,2026-01-01T14:51:28.112757,1,False,False,SYNTHETIC
EV000098702,P0000987,payment.captured,2026-01-01T14:51:29.426109,2026-01-01T14:51:31.246119,2,False,False,SYNTHETIC
EV000098800,P0000988,payment.attempted,2026-01-01T08:18:23.924949,2026-01-01T08:18:25.654015,0,False,False,SYNTHETIC
EV000098801,P0000988,payment.authorized,2026-01-01T08:18:27.391220,2026-01-01T08:18:29.289603,1,False,False,SYNTHETIC
EV000098802,P0000988,payment.captured,2026-01-01T08:18:31.219089,2026-01-01T08:18:31.567022,2,False,False,SYNTHETIC
EV000098900,P0000989,payment.attempted,2026-01-01T15:40:35.672020,2026-01-01T15:40:35.984007,0,False,False,SYNTHETIC
EV000098901,P0000989,payment.authorized,2026-01-01T15:40:37.002369,2026-01-01T15:40:37.455511,1,False,False,SYNTHETIC
EV000098902,P0000989,payment.captured,2026-01-01T15:40:40.823260,2026-01-01T15:40:41.568538,2,False,False,SYNTHETIC
EV000099000,P0000990,payment.attempted,2026-01-01T16:18:08.011210,2026-01-01T16:18:11.466231,0,False,False,SYNTHETIC
EV000099001,P0000990,payment.authorized,2026-01-01T16:18:09.208773,2026-01-01T16:18:10.187989,1,False,False,SYNTHETIC
EV000099001D,P0000990,payment.authorized,2026-01-01T16:18:09.208773,2026-01-01T16:18:10.559840,1,True,False,SYNTHETIC
EV000099002,P0000990,payment.captured,2026-01-01T16:18:12.089456,2026-01-01T16:18:13.741263,2,False,False,SYNTHETIC
EV000099100,P0000991,payment.attempted,2026-01-01T19:18:46.022995,2026-01-01T19:18:46.433093,0,False,False,SYNTHETIC
EV000099101,P0000991,payment.authorized,2026-01-01T19:18:51.574945,2026-01-01T19:18:52.488479,1,False,False,SYNTHETIC
EV000099101D,P0000991,payment.authorized,2026-01-01T19:18:51.574945,2026-01-01T19:18:53.070659,1,True,False,SYNTHETIC
EV000099102,P0000991,payment.captured,2026-01-01T19:18:55.044888,2026-01-01T19:18:55.612484,2,False,False,SYNTHETIC
EV000099200,P0000992,payment.attempted,2026-01-01T14:36:19.806758,2026-01-01T14:36:20.597992,0,False,False,SYNTHETIC
EV000099201,P0000992,payment.authorized,2026-01-01T14:36:25.609452,2026-01-01T14:36:29.634585,1,False,True,SYNTHETIC
EV000099202,P0000992,payment.captured,2026-01-01T14:36:29.105762,2026-01-01T14:36:27.127570,2,False,True,SYNTHETIC
EV000099300,P0000993,payment.attempted,2026-01-01T16:26:13.732252,2026-01-01T16:26:14.708296,0,False,False,SYNTHETIC
EV000099301,P0000993,payment.authorized,2026-01-01T16:26:17.728526,2026-01-01T16:26:18.060769,1,False,False,SYNTHETIC
EV000099302,P0000993,payment.captured,2026-01-01T16:26:22.086017,2026-01-01T16:26:23.799945,2,False,False,SYNTHETIC
EV000099400,P0000994,payment.attempted,2026-01-01T17:29:43.669255,2026-01-01T17:29:44.237924,0,False,False,SYNTHETIC
EV000099401,P0000994,payment.authorized,2026-01-01T17:29:48.211315,2026-01-01T17:29:49.368966,1,False,False,SYNTHETIC
EV000099402,P0000994,payment.captured,2026-01-01T17:29:51.129947,2026-01-01T17:29:51.629108,2,False,False,SYNTHETIC
EV000099500,P0000995,payment.attempted,2026-01-01T13:51:09.478218,2026-01-01T13:51:10.844151,0,False,False,SYNTHETIC
EV000099501,P0000995,payment.authorized,2026-01-01T13:51:11.613464,2026-01-01T13:51:12.930709,1,False,False,SYNTHETIC
EV000099502,P0000995,payment.captured,2026-01-01T13:51:15.399025,2026-01-01T13:51:16.581660,2,False,False,SYNTHETIC
EV000099600,P0000996,payment.attempted,2026-01-01T01:09:13.042583,2026-01-01T01:09:13.736296,0,False,False,SYNTHETIC
EV000099601,P0000996,payment.authorized,2026-01-01T01:09:18.040580,2026-01-01T01:09:18.399358,1,False,False,SYNTHETIC
EV000099602,P0000996,payment.captured,2026-01-01T01:09:21.069832,2026-01-01T01:09:22.505959,2,False,False,SYNTHETIC
EV000099700,P0000997,payment.attempted,2026-01-01T01:37:39.342472,2026-01-01T01:37:39.960130,0,False,False,SYNTHETIC
EV000099701,P0000997,payment.authorized,2026-01-01T01:37:43.169851,2026-01-01T01:37:43.470660,1,False,False,SYNTHETIC
EV000099702,P0000997,payment.captured,2026-01-01T01:37:45.287777,2026-01-01T01:37:45.672604,2,False,False,SYNTHETIC
EV000099800,P0000998,payment.attempted,2026-01-01T15:22:34.082128,2026-01-01T15:22:35.955114,0,False,False,SYNTHETIC
EV000099801,P0000998,payment.authorized,2026-01-01T15:22:35.518865,2026-01-01T15:22:36.611692,1,False,False,SYNTHETIC
EV000099802,P0000998,payment.captured,2026-01-01T15:22:37.018013,2026-01-01T15:22:39.627278,2,False,False,SYNTHETIC
EV000099900,P0000999,payment.attempted,2026-01-01T04:59:37.637500,2026-01-01T04:59:39.473898,0,False,False,SYNTHETIC
EV000099901,P0000999,payment.authorized,2026-01-01T04:59:41.967913,2026-01-01T04:59:42.548574,1,False,False,SYNTHETIC
EV000099902,P0000999,payment.captured,2026-01-01T04:59:44.168212,2026-01-01T04:59:44.534738,2,False,False,SYNTHETIC
