payment_id,order_id,customer_id,merchant_id,amount,currency,payment_method,bank,created_at,source,true_final_state,final_observed_state,resolved_at,time_to_resolution_sec,scenario,incident_id,is_hard_negative
P0000000,O0000000,C001471,M0023,353.44,INR,WALLET,BANK_E,2026-01-01T22:07:37.150357,SYNTHETIC,CAPTURED,SUCCESS,2026-01-01T22:07:42.771798,5.62,normal_success,,False
P0000001,O0000001,C000892,M0006,219.86,INR,UPI,BANK_B,2026-01-02T22:45:46.817754,SYNTHETIC,CAPTURED,SUCCESS,2026-01-02T22:45:51.649719,4.83,normal_success,,False
P0000002,O0000002,C002168,M0001,3107.24,INR,UPI,BANK_B,2026-01-01T10:37:02.911123,SYNTHETIC,CAPTURED,SUCCESS,2026-01-01T10:37:08.157184,5.25,normal_success,,False
P0000003,O0000003,C000328,M0024,9458.14,INR,NETBANKING,BANK_C,2026-01-02T07:31:41.704059,SYNTHETIC,CAPTURED,SUCCESS,2026-01-02T07:31:49.129906,7.43,normal_success,,False
P0000004,O0000004,C003852,M0023,149.12,INR,CARD,BANK_C,2026-01-02T22:02:39.557716,SYNTHETIC,FAILED,FAILED,2026-01-02T22:02:45.548988,5.99,genuine_failure,,False
P0000005,O0000005,C000803,M0011,8474.77,INR,CARD,BANK_E,2026-01-01T04:01:21.344264,SYNTHETIC,CAPTURED,SUCCESS,2026-01-01T04:01:27.150442,5.81,normal_success,,True
P0000006,O0000006,C000464,M0014,36.3,INR,CARD,BANK_C,2026-01-01T06:58:41.906657,SYNTHETIC,CAPTURED,SUCCESS,2026-01-01T07:05:20.517248,398.61,late_capture,,False
P0000007,O0000007,C000613,M0021,1315.48,INR,CARD,BANK_E,2026-01-01T15:39:59.236158,SYNTHETIC,CAPTURED,SUCCESS,2026-01-01T15:40:07.061925,7.83,normal_success,,False
P0000008,O0000008,C001926,M0021,989.47,INR,CARD,BANK_E,2026-01-02T08:46:57.828102,SYNTHETIC,CAPTURED,SUCCESS,2026-01-02T08:51:30.631469,272.8,late_capture,,False
P0000009,O0000009,C001010,M0020,1436.92,INR,CARD,BANK_B,2026-01-01T01:50:28.186433,SYNTHETIC,FAILED,FAILED,2026-01-01T01:50:31.767814,3.58,genuine_failure,INC0001,False
P0000010,O0000010,C000777,M0023,203.05,INR,UPI,BANK_C,2026-01-01T06:26:23.550392,SYNTHETIC,CAPTURED,SUCCESS,2026-01-01T06:26:31.874152,8.32,normal_success,,True
P0000011,O0000011,C003400,M0012,286.42,INR,CARD,BANK_A,2026-01-01T19:04:14.805947,SYNTHETIC,FAILED,FAILED,2026-01-01T19:04:16.288580,1.48,genuine_failure,,False
P0000012,O0000012,C003555,M0008,1808.99,INR,UPI,BANK_E,2026-01-02T17:58:12.671095,SYNTHETIC,CAPTURED,SUCCESS,2026-01-02T17:58:20.965406,8.29,normal_success,,False
P0000013,O0000013,C002658,M0019,208.62,INR,CARD,BANK_D,2026-01-02T00:03:30.686635,SYNTHETIC,CAPTURED,SUCCESS,2026-01-02T00:03:36.494116,5.81,normal_success,,False
P0000014,O0000014,C001437,M0003,1083.52,INR,WALLET,BANK_E,2026-01-02T13:50:07.568607,SYNTHETIC,CAPTURED,SUCCESS,2026-01-02T13:50:16.214929,8.65,normal_success,,False
P0000015,O0000015,C003252,M0009,794.56,INR,NETBANKING,BANK_C,2026-01-01T13:54:27.173834,SYNTHETIC,CAPTURED,SUCCESS,2026-01-01T13:54:33.572631,6.4,normal_success,,False
P0000016,O0000016,C001958,M0021,844.15,INR,WALLET,BANK_E,2026-01-01T06:56:44.314651,SYNTHETIC,CAPTURED,SUCCESS,2026-01-01T06:56:54.642348,10.33,normal_success,,True
P0000017,O0000017,C002467,M0001,662.84,INR,UPI,BANK_D,2026-01-01T11:16:42.118072,SYNTHETIC,CAPTURED,SUCCESS,2026-01-01T11:16:50.870320,8.75,normal_success,,False
P0000018,O0000018,C001667,M0010,786.61,INR,CARD,BANK_E,2026-01-02T06:49:36.123107,SYNTHETIC,CAPTURED,SUCCESS,2026-01-02T06:49:42.162564,6.04,normal_success,,False
P0000019,O0000019,C001880,M0002,118.06,INR,NETBANKING,BANK_D,2026-01-01T13:13:57.822119,SYNTHETIC,CAPTURED,SUCCESS,2026-01-01T13:14:03.923360,6.1,normal_success,,False
P0000020,O0000020,C001866,M0000,3284.65,INR,UPI,BANK_A,2026-01-02T22:56:08.387560,SYNTHETIC,CAPTURED,SUCCESS,2026-01-02T22:56:14.115146,5.73,normal_success,,False
P0000021,O0000021,C002955,M0015,1334.91,INR,NETBANKING,BANK_D,2026-01-01T02:39:43.311307,SYNTHETIC,FAILED,FAILED,2026-01-01T02:39:48.764357,5.45,genuine_failure,INC0001,False
P0000022,O0000022,C001819,M0017,1000.3,INR,UPI,BANK_B,2026-01-02T23:23:56.966089,SYNTHETIC,FAILED,FAILED,2026-01-02T23:23:59.509928,2.54,genuine_failure,,False
P0000023,O0000023,C003943,M0000,1399.23,INR,WALLET,BANK_C,2026-01-02T23:06:16.208856,SYNTHETIC,CAPTURED,SUCCESS,2026-01-02T23:06:24.910724,8.7,normal_success,,False
P0000024,O0000024,C001714,M0021,307.84,INR,NETBANKING,BANK_A,2026-01-02T05:24:55.841663,SYNTHETIC,CAPTURED,SUCCESS,2026-01-02T05:24:58.686009,2.84,normal_success,,False
P0000025,O0000025,C002528,M0003,3200.15,INR,WALLET,BANK_C,2026-01-01T10:05:35.048378,SYNTHETIC,CAPTURED,SUCCESS,2026-01-01T10:05:40.304003,5.26,normal_success,,False
P0000026,O0000026,C001505,M0003,1299.98,INR,UPI,BANK_C,2026-01-01T01:43:25.036444,SYNTHETIC,CAPTURED,SUCCESS,2026-01-01T01:43:31.064486,6.03,normal_success,,False
P0000027,O0000027,C002709,M0004,2757.41,INR,UPI,BANK_B,2026-01-01T04:00:55.882999,SYNTHETIC,FAILED,FAILED,2026-01-01T04:00:59.360874,3.48,genuine_failure,,False
P0000028,O0000028,C003515,M0017,207.68,INR,NETBANKING,BANK_B,2026-01-01T04:12:29.440510,SYNTHETIC,CAPTURED,SUCCESS,2026-01-01T04:12:36.566635,7.13,normal_success,,False
P0000029,O0000029,C000497,M0006,610.3,INR,NETBANKING,BANK_C,2026-01-01T15:28:23.448121,SYNTHETIC,CAPTURED,SUCCESS,2026-01-01T15:28:31.254096,7.81,normal_success,,False
P0000030,O0000030,C002016,M0017,412.19,INR,NETBANKING,BANK_C,2026-01-02T19:34:58.219971,SYNTHETIC,CAPTURED,SUCCESS,2026-01-02T19:35:08.281267,10.06,normal_success,,True
P0000031,O0000031,C003239,M0016,279.6,INR,NETBANKING,BANK_B,2026-01-02T22:53:18.780340,SYNTHETIC,CAPTURED,SUCCESS,2026-01-02T22:53:23.285772,4.51,normal_success,,False
P0000032,O0000032,C003282,M0012,1141.35,INR,UPI,BANK_B,2026-01-02T04:54:29.954500,SYNTHETIC,CAPTURED,SUCCESS,2026-01-02T04:54:36.039455,6.08,normal_success,,False
P0000033,O0000033,C000953,M0000,773.58,INR,NETBANKING,BANK_D,2026-01-02T01:45:22.396792,SYNTHETIC,CAPTURED,SUCCESS,2026-01-02T01:46:55.030116,92.63,late_capture,,False
P0000034,O0000034,C002289,M0012,1068.6,INR,UPI,BANK_E,2026-01-01T02:38:43.244956,SYNTHETIC,CAPTURED,SUCCESS,2026-01-01T02:38:50.045022,6.8,normal_success,INC0001,False
P0000035,O0000035,C002962,M0020,311.16,INR,UPI,BANK_E,2026-01-02T20:17:46.708875,SYNTHETIC,CAPTURED,SUCCESS,2026-01-02T20:17:49.306923,2.6,normal_success,,False
P0000036,O0000036,C000595,M0022,651.07,INR,NETBANKING,BANK_A,2026-01-02T01:34:52.046371,SYNTHETIC,CAPTURED,SUCCESS,2026-01-02T01:34:54.788861,2.74,normal_success,,True
P0000037,O0000037,C003263,M0013,154.53,INR,CARD,BANK_C,2026-01-02T21:12:45.702078,SYNTHETIC,CAPTURED,SUCCESS,2026-01-02T21:12:51.961656,6.26,normal_success,,False
P0000038,O0000038,C003547,M0003,2333.72,INR,UPI,BANK_B,2026-01-02T08:48:23.615988,SYNTHETIC,FAILED,FAILED,2026-01-02T08:48:25.318273,1.7,genuine_failure,,False
P0000039,O0000039,C000668,M0015,812.09,INR,CARD,BANK_D,2026-01-01T21:35:42.175970,SYNTHETIC,CAPTURED,SUCCESS,2026-01-01T21:35:50.043441,7.87,normal_success,,True
P0000040,O0000040,C002688,M0000,2290.26,INR,WALLET,BANK_B,2026-01-01T10:40:30.682139,SYNTHETIC,FAILED,FAILED,2026-01-01T10:40:36.650463,5.97,genuine_failure,,False
P0000041,O0000041,C003741,M0018,543.97,INR,NETBANKING,BANK_D,2026-01-02T04:14:24.857612,SYNTHETIC,CAPTURED,SUCCESS,2026-01-02T04:14:31.217733,6.36,normal_success,,False
P0000042,O0000042,C001585,M0013,1428.34,INR,UPI,BANK_E,2026-01-02T02:18:57.586192,SYNTHETIC,CAPTURED,SUCCESS,2026-01-02T02:19:05.256336,7.67,normal_success,,False
P0000043,O0000043,C002907,M0000,599.75,INR,WALLET,BANK_D,2026-01-02T17:53:31.022281,SYNTHETIC,CAPTURED,SUCCESS,2026-01-02T17:53:35.746692,4.72,normal_success,,False
P0000044,O0000044,C003911,M0009,717.68,INR,CARD,BANK_D,2026-01-01T13:34:44.510756,SYNTHETIC,CAPTURED,SUCCESS,2026-01-01T13:34:51.042309,6.53,normal_success,,False
P0000045,O0000045,C000912,M0020,406.03,INR,WALLET,BANK_D,2026-01-01T03:07:40.526132,SYNTHETIC,CAPTURED,SUCCESS,2026-01-01T03:07:48.005685,7.48,normal_success,INC0001,True
P0000046,O0000046,C002006,M0020,244.59,INR,WALLET,BANK_D,2026-01-02T19:06:43.435429,SYNTHETIC,CAPTURED,SUCCESS,2026-01-02T19:06:48.001195,4.57,normal_success,,False
P0000047,O0000047,C000073,M0018,744.89,INR,UPI,BANK_B,2026-01-02T22:29:37.627497,SYNTHETIC,CAPTURED,SUCCESS,2026-01-02T22:29:47.299397,9.67,normal_success,,False
P0000048,O0000048,C003044,M0015,376.88,INR,WALLET,BANK_B,2026-01-01T22:24:12.259851,SYNTHETIC,CAPTURED,SUCCESS,2026-01-01T22:24:16.760088,4.5,normal_success,,False
P0000049,O0000049,C002354,M0002,1313.26,INR,UPI,BANK_C,2026-01-02T12:23:35.553498,SYNTHETIC,CAPTURED,SUCCESS,2026-01-02T12:23:43.578197,8.02,normal_success,,False
P0000050,O0000050,C001433,M0006,123.79,INR,CARD,BANK_D,2026-01-01T02:02:12.533517,SYNTHETIC,CAPTURED,SUCCESS,2026-01-01T02:07:49.317870,336.78,late_capture,INC0001,False
P0000051,O0000051,C003148,M0014,60.6,INR,UPI,BANK_E,2026-01-02T14:54:21.756877,SYNTHETIC,CAPTURED,SUCCESS,2026-01-02T14:54:27.929250,6.17,normal_success,,False
P0000052,O0000052,C000578,M0014,1161.85,INR,NETBANKING,BANK_C,2026-01-01T04:43:25.375241,SYNTHETIC,CAPTURED,SUCCESS,2026-01-01T04:43:30.895038,5.52,normal_success,,False
P0000053,O0000053,C002208,M0020,1114.09,INR,UPI,BANK_E,2026-01-01T05:04:55.661801,SYNTHETIC,CAPTURED,SUCCESS,2026-01-01T05:05:00.768868,5.11,normal_success,,False
P0000054,O0000054,C003269,M0016,746.17,INR,CARD,BANK_D,2026-01-01T20:57:07.950369,SYNTHETIC,CAPTURED,SUCCESS,2026-01-01T20:57:16.896317,8.95,normal_success,,False
P0000055,O0000055,C002995,M0018,463.39,INR,UPI,BANK_B,2026-01-02T15:48:53.703964,SYNTHETIC,CAPTURED,SUCCESS,2026-01-02T15:49:03.352772,9.65,normal_success,,False
P0000056,O0000056,C001383,M0011,571.04,INR,WALLET,BANK_E,2026-01-02T00:15:39.820973,SYNTHETIC,CAPTURED,SUCCESS,2026-01-02T00:15:45.833939,6.01,normal_success,INC0000,False
P0000057,O0000057,C003762,M0002,2601.78,INR,UPI,BANK_C,2026-01-02T04:35:50.373751,SYNTHETIC,CAPTURED,SUCCESS,2026-01-02T04:35:55.650004,5.28,normal_success,,True
P0000058,O0000058,C003042,M0023,315.34,INR,CARD,BANK_D,2026-01-01T12:40:27.186605,SYNTHETIC,CAPTURED,SUCCESS,2026-01-01T12:40:31.572510,4.39,normal_success,,False
P0000059,O0000059,C002220,M0009,112.18,INR,CARD,BANK_E,2026-01-01T06:32:50.637871,SYNTHETIC,CAPTURED,SUCCESS,2026-01-01T06:32:55.499335,4.86,normal_success,,True
P0000060,O0000060,C001950,M0000,559.04,INR,WALLET,BANK_C,2026-01-01T07:05:44.405252,SYNTHETIC,CAPTURED,SUCCESS,2026-01-01T07:05:53.448075,9.04,normal_success,,False
P0000061,O0000061,C002267,M0016,264.54,INR,CARD,BANK_A,2026-01-01T01:52:08.891615,SYNTHETIC,CAPTURED,SUCCESS,2026-01-01T01:52:14.578124,5.69,normal_success,INC0001,False
P0000062,O0000062,C001586,M0013,1991.6,INR,NETBANKING,BANK_B,2026-01-02T03:05:57.869583,SYNTHETIC,CAPTURED,SUCCESS,2026-01-02T03:06:03.882641,6.01,normal_success,,False
P0000063,O0000063,C001299,M0005,187.26,INR,NETBANKING,BANK_C,2026-01-02T19:55:01.068178,SYNTHETIC,CAPTURED,SUCCESS,2026-01-02T19:55:06.583694,5.52,normal_success,,False
P0000064,O0000064,C002482,M0000,563.7,INR,CARD,BANK_D,2026-01-01T19:47:28.117564,SYNTHETIC,CAPTURED,SUCCESS,2026-01-01T19:47:34.182648,6.07,normal_success,,False
P0000065,O0000065,C000106,M0023,298.95,INR,WALLET,BANK_D,2026-01-01T18:37:43.387676,SYNTHETIC,FAILED,FAILED,2026-01-01T18:37:50.441128,7.05,genuine_failure,,False
P0000066,O0000066,C002168,M0001,601.2,INR,UPI,BANK_C,2026-01-01T20:51:15.547008,SYNTHETIC,CAPTURED,SUCCESS,2026-01-01T20:51:21.179620,5.63,normal_success,,True
P0000067,O0000067,C003141,M0021,6115.95,INR,NETBANKING,BANK_E,2026-01-02T06:32:38.241219,SYNTHETIC,CAPTURED,SUCCESS,2026-01-02T06:32:43.601686,5.36,normal_success,,True
P0000068,O0000068,C000242,M0011,400.5,INR,UPI,BANK_A,2026-01-02T20:14:26.309517,SYNTHETIC,CAPTURED,SUCCESS,2026-01-02T20:14:33.998721,7.69,normal_success,,False
P0000069,O0000069,C001634,M0020,223.22,INR,UPI,BANK_C,2026-01-02T21:37:38.022407,SYNTHETIC,CAPTURED,SUCCESS,2026-01-02T21:37:43.748709,5.73,normal_success,,False
P0000070,O0000070,C001544,M0021,562.98,INR,UPI,BANK_D,2026-01-02T20:13:27.087388,SYNTHETIC,FAILED,FAILED,2026-01-02T20:13:32.555523,5.47,genuine_failure,,False
P0000071,O0000071,C003389,M0022,3258.07,INR,UPI,BANK_B,2026-01-01T01:02:12.609167,SYNTHETIC,CAPTURED,SUCCESS,2026-01-01T01:02:17.362622,4.75,normal_success,,False
P0000072,O0000072,C001707,M0008,1598.26,INR,CARD,BANK_D,2026-01-01T00:03:51.568426,SYNTHETIC,CAPTURED,SUCCESS,2026-01-01T00:03:57.278857,5.71,normal_success,,False
P0000073,O0000073,C001195,M0009,307.81,INR,NETBANKING,BANK_A,2026-01-02T12:03:16.140965,SYNTHETIC,CAPTURED,SUCCESS,2026-01-02T12:03:22.270042,6.13,normal_success,,False
P0000074,O0000074,C002255,M0015,1145.85,INR,CARD,BANK_D,2026-01-02T13:30:11.103896,SYNTHETIC,CAPTURED,SUCCESS,2026-01-02T13:30:19.661351,8.56,normal_success,,True
P0000075,O0000075,C002092,M0013,78.45,INR,NETBANKING,BANK_D,2026-01-01T13:21:40.495983,SYNTHETIC,CAPTURED,SUCCESS,2026-01-01T13:22:25.554346,45.06,late_capture,,False
P0000076,O0000076,C002764,M0003,102.2,INR,CARD,BANK_D,2026-01-02T13:54:31.488689,SYNTHETIC,CAPTURED,SUCCESS,2026-01-02T13:54:36.978178,5.49,normal_success,,False
P0000077,O0000077,C002291,M0014,366.59,INR,UPI,BANK_A,2026-01-01T04:57:18.102767,SYNTHETIC,CAPTURED,SUCCESS,2026-01-01T04:57:25.449739,7.35,normal_success,,False
P0000078,O0000078,C000377,M0023,528.94,INR,NETBANKING,BANK_D,2026-01-02T05:30:07.061631,SYNTHETIC,CAPTURED,SUCCESS,2026-01-02T05:30:14.487691,7.43,normal_success,,False
P0000079,O0000079,C003951,M0016,3172.14,INR,UPI,BANK_A,2026-01-01T16:38:39.792841,SYNTHETIC,CAPTURED,SUCCESS,2026-01-01T16:38:45.874921,6.08,normal_success,,True
P0000080,O0000080,C002594,M0001,2677.07,INR,UPI,BANK_B,2026-01-01T11:07:00.812514,SYNTHETIC,CAPTURED,SUCCESS,2026-01-01T11:07:06.829399,6.02,normal_success,,False
P0000081,O0000081,C002164,M0001,331.33,INR,WALLET,BANK_B,2026-01-02T06:41:28.260426,SYNTHETIC,CAPTURED,SUCCESS,2026-01-02T06:41:31.647477,3.39,normal_success,,False
P0000082,O0000082,C002514,M0021,966.83,INR,UPI,BANK_B,2026-01-02T03:58:24.586767,SYNTHETIC,CAPTURED,SUCCESS,2026-01-02T03:58:30.305399,5.72,normal_success,,False
P0000083,O0000083,C003944,M0018,991.93,INR,CARD,BANK_C,2026-01-02T21:28:11.544936,SYNTHETIC,CAPTURED,SUCCESS,2026-01-02T21:28:18.169276,6.62,normal_success,,False
P0000084,O0000084,C003123,M0022,429.92,INR,UPI,BANK_A,2026-01-01T10:22:42.977062,SYNTHETIC,CAPTURED,SUCCESS,2026-01-01T10:22:48.186436,5.21,normal_success,,False
P0000085,O0000085,C000375,M0005,517.36,INR,WALLET,BANK_A,2026-01-01T19:53:41.392420,SYNTHETIC,CAPTURED,SUCCESS,2026-01-01T19:56:41.738350,180.35,late_capture,,False
P0000086,O0000086,C002457,M0008,695.28,INR,UPI,BANK_A,2026-01-02T04:45:09.290014,SYNTHETIC,CAPTURED,SUCCESS,2026-01-02T04:45:18.415014,9.12,normal_success,,False
P0000087,O0000087,C000115,M0015,527.7,INR,CARD,BANK_B,2026-01-01T11:24:45.015793,SYNTHETIC,CAPTURED,SUCCESS,2026-01-01T11:24:50.082710,5.07,normal_success,,False
P0000088,O0000088,C002002,M0015,561.58,INR,CARD,BANK_B,2026-01-01T11:51:22.173088,SYNTHETIC,CAPTURED,SUCCESS,2026-01-01T11:51:24.930972,2.76,normal_success,,True
P0000089,O0000089,C001720,M0000,392.02,INR,CARD,BANK_C,2026-01-02T08:05:53.165098,SYNTHETIC,CAPTURED,SUCCESS,2026-01-02T08:06:02.276040,9.11,normal_success,,False
P0000090,O0000090,C001188,M0020,285.15,INR,UPI,BANK_A,2026-01-01T05:22:37.996982,SYNTHETIC,CAPTURED,SUCCESS,2026-01-01T05:22:42.373929,4.38,normal_success,,False
P0000091,O0000091,C001869,M0005,2168.39,INR,CARD,BANK_E,2026-01-02T00:07:01.979085,SYNTHETIC,CAPTURED,SUCCESS,2026-01-02T00:07:07.079462,5.1,normal_success,INC0000,False
P0000092,O0000092,C002485,M0015,44.11,INR,CARD,BANK_A,2026-01-02T04:25:01.753095,SYNTHETIC,CAPTURED,SUCCESS,2026-01-02T04:25:08.263972,6.51,normal_success,,False
P0000093,O0000093,C000824,M0007,920.06,INR,NETBANKING,BANK_A,2026-01-01T11:06:32.590579,SYNTHETIC,FAILED,FAILED,2026-01-01T11:06:34.284025,1.69,genuine_failure,,False
P0000094,O0000094,C002142,M0002,359.39,INR,NETBANKING,BANK_E,2026-01-02T09:21:59.505239,SYNTHETIC,CAPTURED,SUCCESS,2026-01-02T09:22:08.868744,9.36,normal_success,,False
P0000095,O0000095,C003684,M0015,570.74,INR,WALLET,BANK_B,2026-01-01T21:05:17.692041,SYNTHETIC,CAPTURED,SUCCESS,2026-01-01T21:05:21.005871,3.31,normal_success,,False
P0000096,O0000096,C000918,M0012,188.08,INR,CARD,BANK_A,2026-01-01T19:14:00.678572,SYNTHETIC,CAPTURED,SUCCESS,2026-01-01T19:20:03.795060,363.12,late_capture,,False
P0000097,O0000097,C003294,M0020,204.07,INR,UPI,BANK_D,2026-01-02T02:08:31.328403,SYNTHETIC,CAPTURED,SUCCESS,2026-01-02T02:08:38.395037,7.07,normal_success,,False
P0000098,O0000098,C002133,M0005,1634.35,INR,WALLET,BANK_D,2026-01-01T07:33:46.983466,SYNTHETIC,CAPTURED,SUCCESS,2026-01-01T07:33:53.225974,6.24,normal_success,,False
P0000099,O0000099,C001814,M0011,338.9,INR,WALLET,BANK_C,2026-01-02T22:10:43.710506,SYNTHETIC,CAPTURED,SUCCESS,2026-01-02T22:10:48.626261,4.92,normal_success,,False
P0000100,O0000100,C003483,M0017,11807.46,INR,NETBANKING,BANK_D,2026-01-01T19:10:38.664291,SYNTHETIC,CAPTURED,SUCCESS,2026-01-01T19:10:47.751088,9.09,normal_success,,False
P0000101,O0000101,C002467,M0014,1570.31,INR,CARD,BANK_D,2026-01-01T10:34:13.320671,SYNTHETIC,CAPTURED,SUCCESS,2026-01-01T10:34:17.950251,4.63,normal_success,,False
P0000102,O0000102,C001330,M0010,157.04,INR,NETBANKING,BANK_E,2026-01-02T09:57:58.802891,SYNTHETIC,CAPTURED,SUCCESS,2026-01-02T09:58:04.999970,6.2,normal_success,,False
P0000103,O0000103,C002722,M0014,4629.79,INR,UPI,BANK_C,2026-01-01T14:45:40.779552,SYNTHETIC,FAILED,FAILED,2026-01-01T14:45:45.910146,5.13,genuine_failure,,False
P0000104,O0000104,C001869,M0002,4235.12,INR,UPI,BANK_E,2026-01-02T22:48:13.744085,SYNTHETIC,CAPTURED,SUCCESS,2026-01-02T22:48:19.376270,5.63,normal_success,,False
P0000105,O0000105,C001665,M0022,1015.02,INR,UPI,BANK_C,2026-01-01T09:38:05.305313,SYNTHETIC,CAPTURED,SUCCESS,2026-01-01T09:38:11.369770,6.06,normal_success,,False
P0000106,O0000106,C000829,M0022,253.46,INR,NETBANKING,BANK_D,2026-01-02T02:51:42.172841,SYNTHETIC,CAPTURED,SUCCESS,2026-01-02T02:51:46.947526,4.77,normal_success,,False
P0000107,O0000107,C001141,M0000,1802.47,INR,WALLET,BANK_C,2026-01-02T19:17:59.475826,SYNTHETIC,FAILED,FAILED,2026-01-02T19:18:03.403622,3.93,genuine_failure,,False
P0000108,O0000108,C000438,M0017,89.25,INR,CARD,BANK_C,2026-01-01T18:01:46.115928,SYNTHETIC,CAPTURED,SUCCESS,2026-01-01T18:01:55.488643,9.37,normal_success,,False
P0000109,O0000109,C000761,M0014,437.68,INR,CARD,BANK_D,2026-01-01T09:56:20.659779,SYNTHETIC,CAPTURED,SUCCESS,2026-01-01T09:56:28.347110,7.69,normal_success,,False
P0000110,O0000110,C002520,M0000,292.41,INR,WALLET,BANK_A,2026-01-02T10:14:24.237262,SYNTHETIC,CAPTURED,SUCCESS,2026-01-02T10:14:30.684479,6.45,normal_success,,True
P0000111,O0000111,C002620,M0003,370.03,INR,WALLET,BANK_C,2026-01-02T22:56:02.882909,SYNTHETIC,CAPTURED,SUCCESS,2026-01-02T22:58:52.573925,169.69,late_capture,,False
P0000112,O0000112,C003346,M0021,601.74,INR,UPI,BANK_A,2026-01-02T12:05:43.248689,SYNTHETIC,CAPTURED,SUCCESS,2026-01-02T12:05:46.115043,2.87,normal_success,,False
P0000113,O0000113,C003137,M0002,155.14,INR,NETBANKING,BANK_D,2026-01-01T08:27:40.759534,SYNTHETIC,CAPTURED,SUCCESS,2026-01-01T08:27:48.094463,7.33,normal_success,,False
P0000114,O0000114,C003502,M0016,795.04,INR,UPI,BANK_A,2026-01-02T18:36:09.170096,SYNTHETIC,FAILED,FAILED,2026-01-02T18:36:10.416785,1.25,genuine_failure,,False
P0000115,O0000115,C001902,M0024,1925.41,INR,WALLET,BANK_B,2026-01-01T22:46:00.134095,SYNTHETIC,CAPTURED,SUCCESS,2026-01-01T22:46:09.876299,9.74,normal_success,,False
P0000116,O0000116,C001553,M0020,887.91,INR,UPI,BANK_D,2026-01-02T15:31:57.717357,SYNTHETIC,CAPTURED,SUCCESS,2026-01-02T15:32:01.122936,3.41,normal_success,,False
P0000117,O0000117,C002109,M0023,587.92,INR,NETBANKING,BANK_E,2026-01-01T12:03:30.395132,SYNTHETIC,CAPTURED,SUCCESS,2026-01-01T12:03:38.867638,8.47,normal_success,,False
P0000118,O0000118,C002934,M0009,407.43,INR,WALLET,BANK_E,2026-01-01T05:26:49.302000,SYNTHETIC,CAPTURED,SUCCESS,2026-01-01T05:26:54.145439,4.84,normal_success,,False
P0000119,O0000119,C001288,M0003,1090.03,INR,UPI,BANK_A,2026-01-02T04:05:42.971529,SYNTHETIC,CAPTURED,SUCCESS,2026-01-02T04:05:47.935133,4.96,normal_success,,False
P0000120,O0000120,C001425,M0008,282.35,INR,NETBANKING,BANK_C,2026-01-01T04:08:19.211084,SYNTHETIC,CAPTURED,SUCCESS,2026-01-01T04:08:25.915658,6.7,normal_success,,False
P0000121,O0000121,C000882,M0018,1810.87,INR,UPI,BANK_C,2026-01-01T14:44:19.938380,SYNTHETIC,CAPTURED,SUCCESS,2026-01-01T14:44:25.918439,5.98,normal_success,,False
P0000122,O0000122,C002797,M0000,434.82,INR,CARD,BANK_D,2026-01-02T02:55:37.226824,SYNTHETIC,CAPTURED,SUCCESS,2026-01-02T03:00:42.667084,305.44,late_capture,,False
P0000123,O0000123,C000959,M0002,322.87,INR,UPI,BANK_C,2026-01-01T16:06:07.201190,SYNTHETIC,CAPTURED,SUCCESS,2026-01-01T16:06:12.263665,5.06,normal_success,,False
P0000124,O0000124,C003197,M0018,1087.3,INR,UPI,BANK_C,2026-01-02T14:02:12.091095,SYNTHETIC,CAPTURED,SUCCESS,2026-01-02T14:02:20.017908,7.93,normal_success,,False
P0000125,O0000125,C003431,M0011,2516.24,INR,WALLET,BANK_D,2026-01-01T04:11:03.104898,SYNTHETIC,CAPTURED,SUCCESS,2026-01-01T04:11:07.846938,4.74,normal_success,,False
P0000126,O0000126,C003792,M0008,859.01,INR,NETBANKING,BANK_E,2026-01-02T23:14:57.621896,SYNTHETIC,CAPTURED,SUCCESS,2026-01-02T23:15:02.975226,5.35,normal_success,,True
P0000127,O0000127,C003751,M0005,8641.05,INR,NETBANKING,BANK_C,2026-01-01T18:25:06.139881,SYNTHETIC,CAPTURED,SUCCESS,2026-01-01T18:25:10.116457,3.98,normal_success,,False
P0000128,O0000128,C003931,M0018,648.19,INR,UPI,BANK_B,2026-01-02T20:59:45.561899,SYNTHETIC,CAPTURED,SUCCESS,2026-01-02T20:59:55.365829,9.8,normal_success,,False
P0000129,O0000129,C002443,M0016,1592.51,INR,CARD,BANK_A,2026-01-02T02:19:49.366202,SYNTHETIC,CAPTURED,SUCCESS,2026-01-02T02:19:57.278453,7.91,normal_success,,False
P0000130,O0000130,C001564,M0016,639.55,INR,CARD,BANK_E,2026-01-01T17:24:11.812432,SYNTHETIC,CAPTURED,SUCCESS,2026-01-01T17:24:19.699567,7.89,normal_success,,False
P0000131,O0000131,C003511,M0009,2836.91,INR,WALLET,BANK_C,2026-01-02T20:07:45.814516,SYNTHETIC,FAILED,FAILED,2026-01-02T20:07:52.475839,6.66,genuine_failure,,False
P0000132,O0000132,C000796,M0004,934.8,INR,CARD,BANK_B,2026-01-02T05:51:24.993401,SYNTHETIC,CAPTURED,SUCCESS,2026-01-02T05:51:29.797524,4.8,normal_success,,True
P0000133,O0000133,C001272,M0020,496.67,INR,NETBANKING,BANK_A,2026-01-02T14:39:46.356910,SYNTHETIC,CAPTURED,SUCCESS,2026-01-02T14:39:54.395796,8.04,normal_success,,False
P0000134,O0000134,C001291,M0010,1952.18,INR,CARD,BANK_B,2026-01-01T21:31:49.524724,SYNTHETIC,CAPTURED,SUCCESS,2026-01-01T21:31:56.652016,7.13,normal_success,,False
P0000135,O0000135,C003116,M0024,803.09,INR,WALLET,BANK_D,2026-01-01T21:07:43.672723,SYNTHETIC,CAPTURED,SUCCESS,2026-01-01T21:07:51.788197,8.12,normal_success,,True
P0000136,O0000136,C003755,M0012,586.32,INR,CARD,BANK_C,2026-01-01T17:36:28.697176,SYNTHETIC,CAPTURED,SUCCESS,2026-01-01T17:36:36.077169,7.38,normal_success,,False
P0000137,O0000137,C000239,M0000,1310.51,INR,WALLET,BANK_A,2026-01-02T05:20:56.944235,SYNTHETIC,CAPTURED,SUCCESS,2026-01-02T05:21:06.164471,9.22,normal_success,,False
P0000138,O0000138,C002604,M0007,223.97,INR,NETBANKING,BANK_C,2026-01-01T02:04:29.081348,SYNTHETIC,CAPTURED,SUCCESS,2026-01-01T02:11:10.007329,400.93,late_capture,INC0001,False
P0000139,O0000139,C002528,M0006,279.9,INR,CARD,BANK_C,2026-01-02T19:32:23.262145,SYNTHETIC,CAPTURED,SUCCESS,2026-01-02T19:32:28.265015,5.0,normal_success,,True
P0000140,O0000140,C000493,M0010,2676.94,INR,NETBANKING,BANK_E,2026-01-01T06:00:01.907406,SYNTHETIC,CAPTURED,SUCCESS,2026-01-01T06:00:11.299990,9.39,normal_success,,False
P0000141,O0000141,C001499,M0017,1268.86,INR,UPI,BANK_D,2026-01-02T16:24:35.167471,SYNTHETIC,CAPTURED,SUCCESS,2026-01-02T16:24:41.730501,6.56,normal_success,,False
P0000142,O0000142,C003632,M0011,1895.09,INR,WALLET,BANK_B,2026-01-01T04:58:48.704880,SYNTHETIC,CAPTURED,SUCCESS,2026-01-01T04:58:54.316358,5.61,normal_success,,False
P0000143,O0000143,C001342,M0011,229.9,INR,CARD,BANK_D,2026-01-01T07:38:27.572301,SYNTHETIC,CAPTURED,SUCCESS,2026-01-01T07:38:35.499188,7.93,normal_success,,False
P0000144,O0000144,C002670,M0024,116.34,INR,NETBANKING,BANK_D,2026-01-02T02:15:13.041370,SYNTHETIC,CAPTURED,SUCCESS,2026-01-02T02:15:21.507498,8.47,normal_success,,False
P0000145,O0000145,C001550,M0012,1496.98,INR,UPI,BANK_A,2026-01-01T20:49:58.809418,SYNTHETIC,CAPTURED,SUCCESS,2026-01-01T20:50:05.031752,6.22,normal_success,,False
P0000146,O0000146,C002039,M0010,269.88,INR,CARD,BANK_D,2026-01-01T14:07:31.865693,SYNTHETIC,CAPTURED,SUCCESS,2026-01-01T14:07:36.316003,4.45,normal_success,,False
P0000147,O0000147,C000364,M0002,633.04,INR,CARD,BANK_D,2026-01-02T00:58:39.013774,SYNTHETIC,CAPTURED,SUCCESS,2026-01-02T01:02:18.822386,219.81,late_capture,,False
P0000148,O0000148,C002917,M0021,1989.42,INR,CARD,BANK_C,2026-01-01T13:36:03.015639,SYNTHETIC,CAPTURED,SUCCESS,2026-01-01T13:36:08.791891,5.78,normal_success,,True
P0000149,O0000149,C003377,M0008,505.11,INR,WALLET,BANK_B,2026-01-02T14:18:38.289931,SYNTHETIC,CAPTURED,SUCCESS,2026-01-02T14:18:43.010075,4.72,normal_success,,True
P0000150,O0000150,C002476,M0018,241.71,INR,WALLET,BANK_C,2026-01-01T10:59:36.581842,SYNTHETIC,CAPTURED,SUCCESS,2026-01-01T10:59:39.478219,2.9,normal_success,,False
P0000151,O0000151,C003274,M0010,1045.07,INR,NETBANKING,BANK_D,2026-01-02T08:23:08.493915,SYNTHETIC,CAPTURED,SUCCESS,2026-01-02T08:23:14.644381,6.15,normal_success,,False
P0000152,O0000152,C000928,M0006,1204.71,INR,CARD,BANK_E,2026-01-01T10:44:11.474882,SYNTHETIC,CAPTURED,SUCCESS,2026-01-01T10:44:17.916886,6.44,normal_success,,False
P0000153,O0000153,C001363,M0002,524.02,INR,WALLET,BANK_E,2026-01-01T17:01:19.488732,SYNTHETIC,CAPTURED,SUCCESS,2026-01-01T17:03:12.729349,113.24,late_capture,,False
P0000154,O0000154,C000411,M0013,1398.41,INR,NETBANKING,BANK_C,2026-01-02T22:57:46.058011,SYNTHETIC,CAPTURED,SUCCESS,2026-01-02T22:57:52.698457,6.64,normal_success,,False
P0000155,O0000155,C003380,M0016,1235.09,INR,NETBANKING,BANK_C,2026-01-02T03:01:11.588465,SYNTHETIC,CAPTURED,SUCCESS,2026-01-02T03:01:20.374399,8.79,normal_success,,False
P0000156,O0000156,C003957,M0016,1445.96,INR,NETBANKING,BANK_A,2026-01-02T02:51:48.397435,SYNTHETIC,CAPTURED,SUCCESS,2026-01-02T02:51:57.296383,8.9,normal_success,,False
P0000157,O0000157,C002823,M0000,122.92,INR,UPI,BANK_E,2026-01-01T03:58:48.900045,SYNTHETIC,CAPTURED,SUCCESS,2026-01-01T03:58:57.081150,8.18,normal_success,,False
P0000158,O0000158,C003602,M0016,163.17,INR,UPI,BANK_E,2026-01-01T18:14:10.966295,SYNTHETIC,CAPTURED,SUCCESS,2026-01-01T18:19:58.729378,347.76,late_capture,,False
P0000159,O0000159,C001439,M0018,2091.86,INR,UPI,BANK_C,2026-01-01T14:26:46.128419,SYNTHETIC,CAPTURED,SUCCESS,2026-01-01T14:26:51.574519,5.45,normal_success,,True
P0000160,O0000160,C003459,M0002,73.39,INR,UPI,BANK_D,2026-01-01T14:53:45.784770,SYNTHETIC,CAPTURED,SUCCESS,2026-01-01T14:53:55.715734,9.93,normal_success,,False
P0000161,O0000161,C003229,M0007,2297.23,INR,WALLET,BANK_E,2026-01-01T21:50:55.923661,SYNTHETIC,CAPTURED,SUCCESS,2026-01-01T21:51:01.041467,5.12,normal_success,,False
P0000162,O0000162,C000551,M0016,1079.71,INR,UPI,BANK_B,2026-01-01T21:57:38.256183,SYNTHETIC,CAPTURED,SUCCESS,2026-01-01T21:57:41.289691,3.03,normal_success,,False
P0000163,O0000163,C000046,M0023,44.33,INR,WALLET,BANK_D,2026-01-02T13:48:22.440165,SYNTHETIC,CAPTURED,SUCCESS,2026-01-02T13:48:27.210239,4.77,normal_success,,False
P0000164,O0000164,C002568,M0023,282.74,INR,WALLET,BANK_C,2026-01-02T07:00:19.828218,SYNTHETIC,CAPTURED,SUCCESS,2026-01-02T07:02:46.097325,146.27,late_capture,,False
P0000165,O0000165,C000624,M0009,1110.2,INR,WALLET,BANK_A,2026-01-01T01:10:55.127856,SYNTHETIC,CAPTURED,SUCCESS,2026-01-01T01:11:02.243522,7.12,normal_success,,False
P0000166,O0000166,C001296,M0014,888.74,INR,CARD,BANK_B,2026-01-02T10:57:19.658173,SYNTHETIC,CAPTURED,SUCCESS,2026-01-02T10:57:26.600369,6.94,normal_success,,False
P0000167,O0000167,C000018,M0015,85.22,INR,CARD,BANK_D,2026-01-02T08:25:25.722294,SYNTHETIC,FAILED,FAILED,2026-01-02T08:25:33.511794,7.79,genuine_failure,,False
P0000168,O0000168,C001049,M0017,170.95,INR,WALLET,BANK_B,2026-01-02T19:11:02.111164,SYNTHETIC,CAPTURED,SUCCESS,2026-01-02T19:14:39.058902,216.95,late_capture,,False
P0000169,O0000169,C003508,M0021,5620.72,INR,NETBANKING,BANK_D,2026-01-02T18:11:26.604916,SYNTHETIC,CAPTURED,SUCCESS,2026-01-02T18:11:33.646992,7.04,normal_success,,False
P0000170,O0000170,C003875,M0010,295.86,INR,UPI,BANK_C,2026-01-02T14:16:32.986038,SYNTHETIC,CAPTURED,SUCCESS,2026-01-02T14:16:40.425099,7.44,normal_success,,False
P0000171,O0000171,C000756,M0007,816.86,INR,NETBANKING,BANK_C,2026-01-01T14:49:29.793552,SYNTHETIC,CAPTURED,SUCCESS,2026-01-01T14:49:40.030685,10.24,normal_success,,False
P0000172,O0000172,C000988,M0015,137.77,INR,NETBANKING,BANK_A,2026-01-02T00:36:38.955753,SYNTHETIC,CAPTURED,SUCCESS,2026-01-02T00:36:46.712641,7.76,normal_success,,False
P0000173,O0000173,C002727,M0007,1147.69,INR,NETBANKING,BANK_A,2026-01-02T04:02:11.819489,SYNTHETIC,CAPTURED,SUCCESS,2026-01-02T04:02:20.369132,8.55,normal_success,,False
P0000174,O0000174,C003979,M0018,676.16,INR,UPI,BANK_C,2026-01-02T02:58:25.178990,SYNTHETIC,FAILED,FAILED,2026-01-02T02:58:27.734042,2.56,genuine_failure,,False
P0000175,O0000175,C003210,M0007,3031.06,INR,WALLET,BANK_D,2026-01-02T03:16:44.221841,SYNTHETIC,CAPTURED,SUCCESS,2026-01-02T03:16:47.915865,3.69,normal_success,,False
P0000176,O0000176,C000672,M0012,662.98,INR,UPI,BANK_B,2026-01-02T08:38:33.655733,SYNTHETIC,FAILED,FAILED,2026-01-02T08:38:36.651382,3.0,genuine_failure,,False
P0000177,O0000177,C003287,M0009,344.27,INR,CARD,BANK_C,2026-01-02T01:36:51.260190,SYNTHETIC,CAPTURED,SUCCESS,2026-01-02T01:36:57.829866,6.57,normal_success,,False
P0000178,O0000178,C001755,M0018,437.74,INR,NETBANKING,BANK_C,2026-01-02T03:38:35.986077,SYNTHETIC,CAPTURED,SUCCESS,2026-01-02T03:38:41.967921,5.98,normal_success,,False
P0000179,O0000179,C002472,M0003,1507.76,INR,WALLET,BANK_C,2026-01-01T02:53:34.604345,SYNTHETIC,CAPTURED,SUCCESS,2026-01-01T02:53:39.021787,4.42,normal_success,INC0001,False
P0000180,O0000180,C002283,M0015,1689.18,INR,WALLET,BANK_D,2026-01-02T17:00:22.968881,SYNTHETIC,CAPTURED,SUCCESS,2026-01-02T17:00:28.923838,5.95,normal_success,,False
P0000181,O0000181,C001881,M0004,1537.56,INR,WALLET,BANK_E,2026-01-01T07:32:36.101189,SYNTHETIC,CAPTURED,SUCCESS,2026-01-01T07:32:43.235503,7.13,normal_success,,False
P0000182,O0000182,C003292,M0004,909.7,INR,UPI,BANK_C,2026-01-02T06:51:47.798151,SYNTHETIC,CAPTURED,SUCCESS,2026-01-02T06:51:55.306290,7.51,normal_success,,True
P0000183,O0000183,C002419,M0018,6583.42,INR,UPI,BANK_E,2026-01-02T23:12:34.782360,SYNTHETIC,CAPTURED,SUCCESS,2026-01-02T23:12:42.076680,7.29,normal_success,,False
P0000184,O0000184,C001869,M0013,368.1,INR,NETBANKING,BANK_C,2026-01-02T14:16:38.316430,SYNTHETIC,CAPTURED,SUCCESS,2026-01-02T14:16:42.921826,4.61,normal_success,,True
P0000185,O0000185,C002024,M0005,1186.02,INR,NETBANKING,BANK_E,2026-01-02T07:52:23.659795,SYNTHETIC,CAPTURED,SUCCESS,2026-01-02T07:52:32.825364,9.17,normal_success,,False
P0000186,O0000186,C000104,M0011,581.82,INR,CARD,BANK_C,2026-01-01T07:32:44.434655,SYNTHETIC,FAILED,FAILED,2026-01-01T07:32:47.868778,3.43,genuine_failure,,False
P0000187,O0000187,C003389,M0001,246.35,INR,UPI,BANK_A,2026-01-02T09:37:10.096668,SYNTHETIC,CAPTURED,SUCCESS,2026-01-02T09:37:12.914584,2.82,normal_success,,False
P0000188,O0000188,C002012,M0014,612.83,INR,UPI,BANK_A,2026-01-01T01:30:31.001413,SYNTHETIC,CAPTURED,SUCCESS,2026-01-01T01:30:34.436835,3.44,normal_success,,False
P0000189,O0000189,C002213,M0002,3614.1,INR,UPI,BANK_B,2026-01-02T09:00:01.665947,SYNTHETIC,CAPTURED,SUCCESS,2026-01-02T09:00:06.470123,4.8,normal_success,,False
P0000190,O0000190,C000845,M0023,1110.01,INR,WALLET,BANK_D,2026-01-01T11:35:38.560924,SYNTHETIC,FAILED,FAILED,2026-01-01T11:35:46.100725,7.54,genuine_failure,,False
P0000191,O0000191,C003787,M0001,291.17,INR,UPI,BANK_C,2026-01-01T09:49:24.926124,SYNTHETIC,CAPTURED,SUCCESS,2026-01-01T09:55:26.762738,361.84,late_capture,,False
P0000192,O0000192,C000036,M0004,386.76,INR,NETBANKING,BANK_C,2026-01-02T15:00:47.278076,SYNTHETIC,CAPTURED,SUCCESS,2026-01-02T15:00:55.573136,8.3,normal_success,,True
P0000193,O0000193,C002129,M0017,79.54,INR,NETBANKING,BANK_D,2026-01-01T13:31:57.433155,SYNTHETIC,CAPTURED,SUCCESS,2026-01-01T13:32:05.143968,7.71,normal_success,,False
P0000194,O0000194,C001547,M0017,633.95,INR,UPI,BANK_D,2026-01-02T09:11:41.993821,SYNTHETIC,CAPTURED,SUCCESS,2026-01-02T09:11:48.420248,6.43,normal_success,,False
P0000195,O0000195,C003731,M0008,2022.31,INR,WALLET,BANK_D,2026-01-02T05:54:16.122767,SYNTHETIC,CAPTURED,SUCCESS,2026-01-02T05:54:19.685855,3.56,normal_success,,False
P0000196,O0000196,C002823,M0000,1771.39,INR,WALLET,BANK_D,2026-01-01T15:26:58.903947,SYNTHETIC,CAPTURED,SUCCESS,2026-01-01T15:27:06.100909,7.2,normal_success,,False
P0000197,O0000197,C003420,M0006,1149.57,INR,NETBANKING,BANK_D,2026-01-02T21:03:35.993283,SYNTHETIC,CAPTURED,SUCCESS,2026-01-02T21:03:46.666006,10.67,normal_success,,True
P0000198,O0000198,C003655,M0024,191.82,INR,NETBANKING,BANK_D,2026-01-01T14:59:00.046603,SYNTHETIC,FAILED,FAILED,2026-01-01T14:59:05.859623,5.81,genuine_failure,,False
P0000199,O0000199,C001344,M0016,75.72,INR,CARD,BANK_A,2026-01-01T18:12:30.600263,SYNTHETIC,CAPTURED,SUCCESS,2026-01-01T18:12:34.586511,3.99,normal_success,,False
P0000200,O0000200,C001933,M0006,1173.02,INR,NETBANKING,BANK_E,2026-01-02T08:10:14.958110,SYNTHETIC,CAPTURED,SUCCESS,2026-01-02T08:10:22.982015,8.02,normal_success,,False
P0000201,O0000201,C000812,M0000,1370.53,INR,CARD,BANK_D,2026-01-02T03:36:45.831888,SYNTHETIC,CAPTURED,SUCCESS,2026-01-02T03:36:51.544620,5.71,normal_success,,False
P0000202,O0000202,C001638,M0006,575.72,INR,WALLET,BANK_A,2026-01-02T13:03:41.138387,SYNTHETIC,CAPTURED,SUCCESS,2026-01-02T13:03:47.471682,6.33,normal_success,,False
P0000203,O0000203,C000661,M0006,84.06,INR,UPI,BANK_C,2026-01-02T00:34:14.630546,SYNTHETIC,CAPTURED,SUCCESS,2026-01-02T00:34:21.239976,6.61,normal_success,,False
P0000204,O0000204,C000597,M0007,207.57,INR,CARD,BANK_D,2026-01-01T15:05:14.546630,SYNTHETIC,CAPTURED,SUCCESS,2026-01-01T15:05:18.552868,4.01,normal_success,,False
P0000205,O0000205,C000892,M0007,524.12,INR,CARD,BANK_A,2026-01-01T07:26:31.433972,SYNTHETIC,CAPTURED,SUCCESS,2026-01-01T07:26:40.006269,8.57,normal_success,,False
P0000206,O0000206,C001105,M0022,121.31,INR,CARD,BANK_D,2026-01-01T17:57:44.056896,SYNTHETIC,CAPTURED,SUCCESS,2026-01-01T17:57:49.756175,5.7,normal_success,,False
P0000207,O0000207,C000269,M0017,1146.17,INR,UPI,BANK_D,2026-01-01T12:09:35.516153,SYNTHETIC,CAPTURED,SUCCESS,2026-01-01T12:09:38.281395,2.77,normal_success,,False
P0000208,O0000208,C000009,M0013,767.73,INR,NETBANKING,BANK_C,2026-01-02T18:51:40.610587,SYNTHETIC,CAPTURED,SUCCESS,2026-01-02T18:55:25.186276,224.58,late_capture,,False
P0000209,O0000209,C001486,M0015,388.43,INR,CARD,BANK_E,2026-01-01T17:31:28.674861,SYNTHETIC,CAPTURED,SUCCESS,2026-01-01T17:31:33.183962,4.51,normal_success,,False
P0000210,O0000210,C003158,M0013,450.61,INR,NETBANKING,BANK_C,2026-01-01T13:26:09.945921,SYNTHETIC,CAPTURED,SUCCESS,2026-01-01T13:26:20.215699,10.27,normal_success,,False
P0000211,O0000211,C002864,M0019,2432.65,INR,CARD,BANK_E,2026-01-01T21:28:55.397460,SYNTHETIC,CAPTURED,SUCCESS,2026-01-01T21:29:03.076027,7.68,normal_success,,False
P0000212,O0000212,C001252,M0008,4185.07,INR,NETBANKING,BANK_D,2026-01-02T06:34:43.799752,SYNTHETIC,CAPTURED,SUCCESS,2026-01-02T06:34:51.584937,7.79,normal_success,,False
P0000213,O0000213,C003793,M0009,290.7,INR,CARD,BANK_E,2026-01-02T03:03:56.614892,SYNTHETIC,CAPTURED,SUCCESS,2026-01-02T03:04:00.132476,3.52,normal_success,,False
P0000214,O0000214,C002559,M0016,337.02,INR,UPI,BANK_C,2026-01-01T17:42:26.841777,SYNTHETIC,CAPTURED,SUCCESS,2026-01-01T17:42:31.344018,4.5,normal_success,,True
P0000215,O0000215,C000441,M0017,3877.12,INR,UPI,BANK_D,2026-01-02T03:24:09.207606,SYNTHETIC,CAPTURED,SUCCESS,2026-01-02T03:24:15.858658,6.65,normal_success,,True
P0000216,O0000216,C003680,M0013,216.5,INR,UPI,BANK_B,2026-01-02T23:00:00.614357,SYNTHETIC,CAPTURED,SUCCESS,2026-01-02T23:00:07.065002,6.45,normal_success,,False
P0000217,O0000217,C001365,M0021,552.81,INR,WALLET,BANK_B,2026-01-01T04:46:46.573992,SYNTHETIC,CAPTURED,SUCCESS,2026-01-01T04:48:13.534732,86.96,late_capture,,False
P0000218,O0000218,C000002,M0024,312.23,INR,UPI,BANK_E,2026-01-01T10:47:21.494299,SYNTHETIC,CAPTURED,SUCCESS,2026-01-01T10:47:26.658475,5.16,normal_success,,False
P0000219,O0000219,C000651,M0019,1448.76,INR,UPI,BANK_E,2026-01-02T09:15:46.941990,SYNTHETIC,CAPTURED,SUCCESS,2026-01-02T09:15:55.176129,8.23,normal_success,,False
P0000220,O0000220,C002160,M0012,549.02,INR,UPI,BANK_D,2026-01-02T15:04:18.840807,SYNTHETIC,CAPTURED,SUCCESS,2026-01-02T15:04:21.826949,2.99,normal_success,,False
P0000221,O0000221,C000062,M0000,2615.83,INR,UPI,BANK_C,2026-01-01T06:19:58.634837,SYNTHETIC,CAPTURED,SUCCESS,2026-01-01T06:20:07.196283,8.56,normal_success,,False
P0000222,O0000222,C001346,M0021,326.7,INR,NETBANKING,BANK_C,2026-01-01T09:38:25.214726,SYNTHETIC,FAILED,FAILED,2026-01-01T09:38:32.329278,7.11,genuine_failure,,False
P0000223,O0000223,C002782,M0003,1046.73,INR,CARD,BANK_E,2026-01-01T12:37:26.108422,SYNTHETIC,CAPTURED,SUCCESS,2026-01-01T12:37:33.210218,7.1,normal_success,,False
P0000224,O0000224,C003122,M0002,284.21,INR,UPI,BANK_A,2026-01-02T09:28:22.084239,SYNTHETIC,CAPTURED,SUCCESS,2026-01-02T09:28:25.651576,3.57,normal_success,,False
P0000225,O0000225,C002104,M0024,503.63,INR,CARD,BANK_A,2026-01-01T06:03:39.810159,SYNTHETIC,CAPTURED,SUCCESS,2026-01-01T06:03:42.961620,3.15,normal_success,,False
P0000226,O0000226,C000372,M0007,729.91,INR,WALLET,BANK_E,2026-01-01T14:16:18.914474,SYNTHETIC,CAPTURED,SUCCESS,2026-01-01T14:16:23.724079,4.81,normal_success,,False
P0000227,O0000227,C000394,M0010,2508.27,INR,CARD,BANK_A,2026-01-02T18:38:05.074462,SYNTHETIC,CAPTURED,SUCCESS,2026-01-02T18:38:13.480278,8.41,normal_success,,False
P0000228,O0000228,C002603,M0004,1922.27,INR,CARD,BANK_C,2026-01-01T05:19:34.710434,SYNTHETIC,CAPTURED,SUCCESS,2026-01-01T05:19:41.985722,7.28,normal_success,,False
P0000229,O0000229,C003928,M0011,2413.06,INR,UPI,BANK_C,2026-01-01T16:14:44.957614,SYNTHETIC,CAPTURED,SUCCESS,2026-01-01T16:14:51.855696,6.9,normal_success,,False
P0000230,O0000230,C002090,M0024,237.13,INR,UPI,BANK_B,2026-01-02T02:26:00.030050,SYNTHETIC,CAPTURED,SUCCESS,2026-01-02T02:26:05.522775,5.49,normal_success,,True
P0000231,O0000231,C003496,M0004,356.1,INR,UPI,BANK_E,2026-01-01T18:19:57.639627,SYNTHETIC,CAPTURED,SUCCESS,2026-01-01T18:20:02.462584,4.82,normal_success,,True
P0000232,O0000232,C003738,M0019,4540.2,INR,WALLET,BANK_D,2026-01-01T01:52:13.857804,SYNTHETIC,CAPTURED,SUCCESS,2026-01-01T01:52:22.062476,8.2,normal_success,INC0001,False
P0000233,O0000233,C002287,M0017,1469.62,INR,WALLET,BANK_A,2026-01-02T17:58:26.152488,SYNTHETIC,CAPTURED,SUCCESS,2026-01-02T17:59:12.280250,46.13,late_capture,,False
P0000234,O0000234,C002243,M0016,1333.63,INR,CARD,BANK_E,2026-01-02T01:08:47.462051,SYNTHETIC,CAPTURED,SUCCESS,2026-01-02T01:08:55.687944,8.23,normal_success,,False
P0000235,O0000235,C000169,M0019,326.99,INR,NETBANKING,BANK_C,2026-01-02T16:53:27.386360,SYNTHETIC,CAPTURED,SUCCESS,2026-01-02T16:53:31.581773,4.2,normal_success,,False
P0000236,O0000236,C000742,M0021,5463.63,INR,WALLET,BANK_B,2026-01-01T21:36:07.456799,SYNTHETIC,CAPTURED,SUCCESS,2026-01-01T21:36:12.394423,4.94,normal_success,,False
P0000237,O0000237,C003268,M0000,188.75,INR,WALLET,BANK_E,2026-01-02T20:08:46.245957,SYNTHETIC,CAPTURED,SUCCESS,2026-01-02T20:08:53.181584,6.94,normal_success,,False
P0000238,O0000238,C003062,M0002,385.05,INR,NETBANKING,BANK_B,2026-01-01T15:42:59.874717,SYNTHETIC,CAPTURED,SUCCESS,2026-01-01T15:43:08.484699,8.61,normal_success,,True
P0000239,O0000239,C001311,M0008,770.79,INR,NETBANKING,BANK_B,2026-01-01T13:45:19.114922,SYNTHETIC,CAPTURED,SUCCESS,2026-01-01T13:51:27.015806,367.9,late_capture,,False
P0000240,O0000240,C000328,M0010,4358.8,INR,NETBANKING,BANK_E,2026-01-01T07:09:16.730152,SYNTHETIC,CAPTURED,SUCCESS,2026-01-01T07:09:23.933330,7.2,normal_success,,False
P0000241,O0000241,C003328,M0000,739.71,INR,WALLET,BANK_D,2026-01-01T11:20:56.054980,SYNTHETIC,CAPTURED,SUCCESS,2026-01-01T11:21:01.365587,5.31,normal_success,,False
P0000242,O0000242,C003490,M0003,520.74,INR,WALLET,BANK_B,2026-01-02T19:44:52.746318,SYNTHETIC,CAPTURED,SUCCESS,2026-01-02T19:45:00.341649,7.6,normal_success,,False
P0000243,O0000243,C000269,M0002,1191.73,INR,NETBANKING,BANK_E,2026-01-02T13:22:05.431669,SYNTHETIC,CAPTURED,SUCCESS,2026-01-02T13:22:10.433438,5.0,normal_success,,False
P0000244,O0000244,C000050,M0015,1627.58,INR,CARD,BANK_B,2026-01-02T14:57:33.303855,SYNTHETIC,CAPTURED,SUCCESS,2026-01-02T14:57:41.524232,8.22,normal_success,,False
P0000245,O0000245,C002172,M0016,326.38,INR,CARD,BANK_A,2026-01-02T22:03:10.091776,SYNTHETIC,CAPTURED,SUCCESS,2026-01-02T22:03:16.715899,6.62,normal_success,,True
P0000246,O0000246,C000653,M0019,168.67,INR,NETBANKING,BANK_D,2026-01-02T03:16:33.606663,SYNTHETIC,CAPTURED,SUCCESS,2026-01-02T03:16:36.136511,2.53,normal_success,,True
P0000247,O0000247,C002089,M0019,481.64,INR,NETBANKING,BANK_C,2026-01-01T03:02:50.474327,SYNTHETIC,CAPTURED,SUCCESS,2026-01-01T03:02:57.821152,7.35,normal_success,INC0001,False
P0000248,O0000248,C002903,M0013,1413.21,INR,NETBANKING,BANK_C,2026-01-02T04:42:13.597361,SYNTHETIC,CAPTURED,SUCCESS,2026-01-02T04:42:19.963365,6.37,normal_success,,False
P0000249,O0000249,C003277,M0015,265.18,INR,NETBANKING,BANK_B,2026-01-01T03:06:18.915702,SYNTHETIC,CAPTURED,SUCCESS,2026-01-01T03:06:24.206939,5.29,normal_success,INC0001,False
P0000250,O0000250,C001181,M0020,960.93,INR,NETBANKING,BANK_E,2026-01-01T23:09:47.339573,SYNTHETIC,CAPTURED,SUCCESS,2026-01-01T23:09:52.626359,5.29,normal_success,,False
P0000251,O0000251,C002212,M0023,657.1,INR,WALLET,BANK_A,2026-01-02T15:21:21.393811,SYNTHETIC,CAPTURED,SUCCESS,2026-01-02T15:21:27.462781,6.07,normal_success,,True
P0000252,O0000252,C002152,M0023,689.44,INR,WALLET,BANK_A,2026-01-01T17:02:19.072253,SYNTHETIC,CAPTURED,SUCCESS,2026-01-01T17:02:26.806281,7.73,normal_success,,False
P0000253,O0000253,C002341,M0012,571.82,INR,CARD,BANK_C,2026-01-01T18:52:51.135380,SYNTHETIC,CAPTURED,SUCCESS,2026-01-01T18:52:56.942072,5.81,normal_success,,False
P0000254,O0000254,C000877,M0022,2010.51,INR,NETBANKING,BANK_B,2026-01-02T17:51:24.616795,SYNTHETIC,FAILED,FAILED,2026-01-02T17:51:26.228572,1.61,genuine_failure,,False
P0000255,O0000255,C003188,M0009,242.54,INR,NETBANKING,BANK_E,2026-01-01T03:13:53.519323,SYNTHETIC,CAPTURED,SUCCESS,2026-01-01T03:14:01.339984,7.82,normal_success,,False
P0000256,O0000256,C003569,M0015,8669.88,INR,CARD,BANK_B,2026-01-01T04:04:42.673625,SYNTHETIC,CAPTURED,SUCCESS,2026-01-01T04:04:50.626054,7.95,normal_success,,False
P0000257,O0000257,C003681,M0012,909.1,INR,CARD,BANK_C,2026-01-01T03:22:39.352650,SYNTHETIC,FAILED,FAILED,2026-01-01T03:22:44.639283,5.29,genuine_failure,,False
P0000258,O0000258,C003064,M0009,753.46,INR,WALLET,BANK_A,2026-01-02T20:00:38.659641,SYNTHETIC,CAPTURED,SUCCESS,2026-01-02T20:01:50.926690,72.27,late_capture,,False
P0000259,O0000259,C000833,M0015,3958.14,INR,NETBANKING,BANK_B,2026-01-02T01:23:36.038294,SYNTHETIC,CAPTURED,SUCCESS,2026-01-02T01:23:41.506621,5.47,normal_success,,False
P0000260,O0000260,C000391,M0021,839.47,INR,NETBANKING,BANK_D,2026-01-01T19:22:06.325975,SYNTHETIC,CAPTURED,SUCCESS,2026-01-01T19:22:15.437474,9.11,normal_success,,False
P0000261,O0000261,C000442,M0000,1096.23,INR,WALLET,BANK_E,2026-01-01T02:43:46.266085,SYNTHETIC,CAPTURED,SUCCESS,2026-01-01T02:43:50.158088,3.89,normal_success,INC0001,False
P0000262,O0000262,C002444,M0003,1219.93,INR,NETBANKING,BANK_B,2026-01-01T11:15:39.502036,SYNTHETIC,FAILED,FAILED,2026-01-01T11:15:45.927143,6.43,genuine_failure,,False
P0000263,O0000263,C003180,M0024,683.33,INR,WALLET,BANK_E,2026-01-02T06:18:12.880990,SYNTHETIC,FAILED,FAILED,2026-01-02T06:18:19.885797,7.0,genuine_failure,,False
P0000264,O0000264,C000090,M0014,825.51,INR,CARD,BANK_A,2026-01-02T04:49:54.360869,SYNTHETIC,CAPTURED,SUCCESS,2026-01-02T04:50:02.421427,8.06,normal_success,,False
P0000265,O0000265,C003031,M0013,344.16,INR,CARD,BANK_E,2026-01-02T22:07:32.167598,SYNTHETIC,CAPTURED,SUCCESS,2026-01-02T22:07:39.531147,7.36,normal_success,,False
P0000266,O0000266,C003111,M0005,209.74,INR,CARD,BANK_E,2026-01-01T21:32:45.975807,SYNTHETIC,CAPTURED,SUCCESS,2026-01-01T21:32:51.369688,5.39,normal_success,,False
P0000267,O0000267,C000488,M0005,463.4,INR,WALLET,BANK_D,2026-01-01T15:39:23.337857,SYNTHETIC,CAPTURED,SUCCESS,2026-01-01T15:39:27.732467,4.39,normal_success,,False
P0000268,O0000268,C000719,M0004,3122.09,INR,UPI,BANK_B,2026-01-01T00:54:13.921451,SYNTHETIC,CAPTURED,SUCCESS,2026-01-01T00:54:22.626205,8.7,normal_success,,False
P0000269,O0000269,C001088,M0017,227.19,INR,WALLET,BANK_E,2026-01-01T02:45:54.082524,SYNTHETIC,CAPTURED,SUCCESS,2026-01-01T02:45:59.470911,5.39,normal_success,INC0001,False
P0000270,O0000270,C003758,M0009,1473.5,INR,NETBANKING,BANK_A,2026-01-01T06:42:46.156577,SYNTHETIC,CAPTURED,SUCCESS,2026-01-01T06:42:52.683401,6.53,normal_success,,False
P0000271,O0000271,C001311,M0017,278.72,INR,CARD,BANK_B,2026-01-01T14:33:22.753000,SYNTHETIC,FAILED,FAILED,2026-01-01T14:33:27.261279,4.51,genuine_failure,,False
P0000272,O0000272,C001940,M0004,781.77,INR,CARD,BANK_E,2026-01-01T23:23:04.193709,SYNTHETIC,CAPTURED,SUCCESS,2026-01-01T23:23:10.248268,6.05,normal_success,,False
P0000273,O0000273,C003906,M0006,14238.01,INR,NETBANKING,BANK_A,2026-01-02T10:39:34.038004,SYNTHETIC,CAPTURED,SUCCESS,2026-01-02T10:43:16.615336,222.58,late_capture,,False
P0000274,O0000274,C001869,M0014,321.46,INR,CARD,BANK_E,2026-01-01T21:32:59.277138,SYNTHETIC,CAPTURED,SUCCESS,2026-01-01T21:35:11.127023,131.85,late_capture,,False
P0000275,O0000275,C000384,M0021,188.87,INR,WALLET,BANK_D,2026-01-02T23:11:10.100184,SYNTHETIC,CAPTURED,SUCCESS,2026-01-02T23:11:18.069117,7.97,normal_success,,True
P0000276,O0000276,C003177,M0006,1071.86,INR,CARD,BANK_E,2026-01-02T21:07:12.031583,SYNTHETIC,CAPTURED,SUCCESS,2026-01-02T21:07:21.135911,9.1,normal_success,,False
P0000277,O0000277,C000923,M0006,1134.33,INR,WALLET,BANK_A,2026-01-01T14:08:26.296218,SYNTHETIC,CAPTURED,SUCCESS,2026-01-01T14:08:32.093398,5.8,normal_success,,False
P0000278,O0000278,C001239,M0004,1510.61,INR,UPI,BANK_C,2026-01-01T19:56:58.686271,SYNTHETIC,CAPTURED,SUCCESS,2026-01-01T19:57:04.826219,6.14,normal_success,,False
P0000279,O0000279,C003902,M0007,336.14,INR,WALLET,BANK_A,2026-01-02T14:14:16.692795,SYNTHETIC,CAPTURED,SUCCESS,2026-01-02T14:14:24.489812,7.8,normal_success,,False
P0000280,O0000280,C000392,M0011,279.84,INR,WALLET,BANK_C,2026-01-01T02:07:47.440503,SYNTHETIC,CAPTURED,SUCCESS,2026-01-01T02:07:50.795891,3.36,normal_success,INC0001,False
P0000281,O0000281,C003927,M0017,258.87,INR,CARD,BANK_E,2026-01-01T17:13:02.820329,SYNTHETIC,CAPTURED,SUCCESS,2026-01-01T17:17:20.498902,257.68,late_capture,,False
P0000282,O0000282,C003401,M0014,179.9,INR,CARD,BANK_A,2026-01-02T02:39:19.538656,SYNTHETIC,CAPTURED,SUCCESS,2026-01-02T02:39:25.155781,5.62,normal_success,,True
P0000283,O0000283,C003015,M0003,3210.78,INR,NETBANKING,BANK_E,2026-01-02T20:29:24.756877,SYNTHETIC,CAPTURED,SUCCESS,2026-01-02T20:29:30.132628,5.38,normal_success,,False
P0000284,O0000284,C002710,M0024,610.84,INR,WALLET,BANK_E,2026-01-01T11:06:02.521659,SYNTHETIC,CAPTURED,SUCCESS,2026-01-01T11:06:06.998950,4.48,normal_success,,False
P0000285,O0000285,C002533,M0019,1211.54,INR,CARD,BANK_B,2026-01-02T09:19:01.302262,SYNTHETIC,CAPTURED,SUCCESS,2026-01-02T09:19:07.787021,6.48,normal_success,,False
P0000286,O0000286,C002639,M0024,53.49,INR,CARD,BANK_B,2026-01-01T06:20:37.772469,SYNTHETIC,CAPTURED,SUCCESS,2026-01-01T06:20:43.835374,6.06,normal_success,,False
P0000287,O0000287,C000858,M0002,630.79,INR,NETBANKING,BANK_A,2026-01-02T13:31:46.733722,SYNTHETIC,CAPTURED,SUCCESS,2026-01-02T13:31:55.371699,8.64,normal_success,,False
P0000288,O0000288,C002466,M0004,232.76,INR,NETBANKING,BANK_E,2026-01-01T22:17:35.377337,SYNTHETIC,CAPTURED,SUCCESS,2026-01-01T22:17:41.395388,6.02,normal_success,,False
P0000289,O0000289,C001474,M0020,44.45,INR,NETBANKING,BANK_A,2026-01-02T01:11:55.955441,SYNTHETIC,CAPTURED,SUCCESS,2026-01-02T01:11:58.662271,2.71,normal_success,,False
P0000290,O0000290,C002000,M0001,153.99,INR,UPI,BANK_D,2026-01-02T22:02:16.981730,SYNTHETIC,CAPTURED,SUCCESS,2026-01-02T22:02:22.660364,5.68,normal_success,,False
P0000291,O0000291,C000985,M0021,616.3,INR,WALLET,BANK_E,2026-01-02T10:08:19.403783,SYNTHETIC,CAPTURED,SUCCESS,2026-01-02T10:08:29.515883,10.11,normal_success,,False
P0000292,O0000292,C002355,M0013,654.55,INR,NETBANKING,BANK_A,2026-01-01T08:27:46.844947,SYNTHETIC,CAPTURED,SUCCESS,2026-01-01T08:27:54.499291,7.65,normal_success,,False
P0000293,O0000293,C002053,M0017,586.75,INR,UPI,BANK_C,2026-01-02T18:27:16.691156,SYNTHETIC,CAPTURED,SUCCESS,2026-01-02T18:27:22.890623,6.2,normal_success,,False
P0000294,O0000294,C001284,M0008,71.37,INR,NETBANKING,BANK_E,2026-01-02T08:43:35.844951,SYNTHETIC,CAPTURED,SUCCESS,2026-01-02T08:43:40.631286,4.79,normal_success,,True
P0000295,O0000295,C003984,M0000,653.6,INR,UPI,BANK_B,2026-01-02T05:08:47.929106,SYNTHETIC,CAPTURED,SUCCESS,2026-01-02T05:08:52.802266,4.87,normal_success,,False
P0000296,O0000296,C002293,M0000,400.02,INR,UPI,BANK_B,2026-01-02T14:21:37.426256,SYNTHETIC,CAPTURED,SUCCESS,2026-01-02T14:21:47.169078,9.74,normal_success,,False
P0000297,O0000297,C000587,M0015,518.52,INR,NETBANKING,BANK_C,2026-01-02T08:59:50.947392,SYNTHETIC,CAPTURED,SUCCESS,2026-01-02T08:59:55.124664,4.18,normal_success,,False
P0000298,O0000298,C000671,M0024,84.58,INR,UPI,BANK_A,2026-01-02T13:44:39.106701,SYNTHETIC,CAPTURED,SUCCESS,2026-01-02T13:44:45.049299,5.94,normal_success,,False
P0000299,O0000299,C000547,M0021,287.38,INR,WALLET,BANK_B,2026-01-01T13:14:27.168196,SYNTHETIC,CAPTURED,SUCCESS,2026-01-01T13:14:33.271971,6.1,normal_success,,False
P0000300,O0000300,C003903,M0010,73.52,INR,CARD,BANK_E,2026-01-01T19:37:10.938135,SYNTHETIC,CAPTURED,SUCCESS,2026-01-01T19:37:15.279830,4.34,normal_success,,False
P0000301,O0000301,C002728,M0001,373.25,INR,UPI,BANK_C,2026-01-01T03:35:12.510973,SYNTHETIC,CAPTURED,SUCCESS,2026-01-01T03:35:17.839478,5.33,normal_success,,True
P0000302,O0000302,C000387,M0007,533.54,INR,WALLET,BANK_E,2026-01-02T10:32:25.379898,SYNTHETIC,CAPTURED,SUCCESS,2026-01-02T10:32:32.911518,7.53,normal_success,,False
P0000303,O0000303,C001182,M0016,836.59,INR,CARD,BANK_C,2026-01-02T23:01:00.250005,SYNTHETIC,CAPTURED,SUCCESS,2026-01-02T23:01:07.702610,7.45,normal_success,,False
P0000304,O0000304,C001362,M0015,3998.92,INR,WALLET,BANK_D,2026-01-02T21:24:33.286543,SYNTHETIC,CAPTURED,SUCCESS,2026-01-02T21:24:40.423158,7.14,normal_success,,False
P0000305,O0000305,C000822,M0006,1846.06,INR,NETBANKING,BANK_E,2026-01-01T02:49:20.647172,SYNTHETIC,CAPTURED,SUCCESS,2026-01-01T02:49:27.926704,7.28,normal_success,INC0001,False
P0000306,O0000306,C002792,M0023,221.28,INR,UPI,BANK_C,2026-01-02T09:30:57.078565,SYNTHETIC,CAPTURED,SUCCESS,2026-01-02T09:31:03.432254,6.35,normal_success,,False
P0000307,O0000307,C003189,M0011,244.35,INR,UPI,BANK_D,2026-01-01T20:41:05.760899,SYNTHETIC,CAPTURED,SUCCESS,2026-01-01T20:44:26.536782,200.78,late_capture,,False
P0000308,O0000308,C001915,M0008,1451.41,INR,UPI,BANK_D,2026-01-01T03:37:26.422815,SYNTHETIC,CAPTURED,SUCCESS,2026-01-01T03:37:31.701383,5.28,normal_success,,False
P0000309,O0000309,C000737,M0014,775.01,INR,NETBANKING,BANK_D,2026-01-02T18:06:00.097144,SYNTHETIC,CAPTURED,SUCCESS,2026-01-02T18:06:05.553946,5.46,normal_success,,False
P0000310,O0000310,C003395,M0024,573.64,INR,WALLET,BANK_D,2026-01-01T04:17:28.007996,SYNTHETIC,FAILED,FAILED,2026-01-01T04:17:35.551350,7.54,genuine_failure,,False
P0000311,O0000311,C002377,M0023,532.44,INR,UPI,BANK_A,2026-01-02T20:41:53.307455,SYNTHETIC,FAILED,FAILED,2026-01-02T20:41:55.830057,2.52,genuine_failure,,False
P0000312,O0000312,C002195,M0009,3659.26,INR,NETBANKING,BANK_B,2026-01-01T17:07:05.735841,SYNTHETIC,CAPTURED,SUCCESS,2026-01-01T17:07:12.448181,6.71,normal_success,,False
P0000313,O0000313,C000072,M0001,645.1,INR,UPI,BANK_E,2026-01-02T19:26:28.730614,SYNTHETIC,CAPTURED,SUCCESS,2026-01-02T19:26:35.387595,6.66,normal_success,,False
P0000314,O0000314,C003037,M0016,1518.37,INR,NETBANKING,BANK_C,2026-01-01T07:28:02.840583,SYNTHETIC,CAPTURED,SUCCESS,2026-01-01T07:28:09.858769,7.02,normal_success,,False
P0000315,O0000315,C002652,M0001,1527.74,INR,UPI,BANK_D,2026-01-02T22:16:08.151946,SYNTHETIC,CAPTURED,SUCCESS,2026-01-02T22:16:12.835561,4.68,normal_success,,True
P0000316,O0000316,C001292,M0005,147.96,INR,NETBANKING,BANK_C,2026-01-01T17:42:12.643436,SYNTHETIC,CAPTURED,SUCCESS,2026-01-01T17:42:16.540982,3.9,normal_success,,False
P0000317,O0000317,C001516,M0009,1161.13,INR,NETBANKING,BANK_D,2026-01-02T16:04:27.939066,SYNTHETIC,CAPTURED,SUCCESS,2026-01-02T16:04:33.354495,5.42,normal_success,,False
P0000318,O0000318,C002411,M0008,6988.93,INR,NETBANKING,BANK_D,2026-01-01T20:24:47.805126,SYNTHETIC,CAPTURED,SUCCESS,2026-01-01T20:24:52.945741,5.14,normal_success,,False
P0000319,O0000319,C001543,M0019,1087.99,INR,CARD,BANK_A,2026-01-02T14:24:02.753642,SYNTHETIC,CAPTURED,SUCCESS,2026-01-02T14:24:11.372941,8.62,normal_success,,False
P0000320,O0000320,C002125,M0019,1025.87,INR,WALLET,BANK_E,2026-01-02T20:01:59.671279,SYNTHETIC,CAPTURED,SUCCESS,2026-01-02T20:02:06.652949,6.98,normal_success,,False
P0000321,O0000321,C001541,M0006,985.93,INR,WALLET,BANK_B,2026-01-01T23:58:32.497778,SYNTHETIC,CAPTURED,SUCCESS,2026-01-01T23:58:36.208592,3.71,normal_success,,True
P0000322,O0000322,C003741,M0004,1641.31,INR,UPI,BANK_A,2026-01-01T02:03:58.423568,SYNTHETIC,CAPTURED,SUCCESS,2026-01-01T02:04:07.857984,9.43,normal_success,INC0001,False
P0000323,O0000323,C003808,M0023,1681.87,INR,NETBANKING,BANK_B,2026-01-02T12:50:32.924495,SYNTHETIC,CAPTURED,SUCCESS,2026-01-02T12:50:38.240203,5.32,normal_success,,True
P0000324,O0000324,C000506,M0006,335.97,INR,CARD,BANK_B,2026-01-02T13:00:25.601401,SYNTHETIC,CAPTURED,SUCCESS,2026-01-02T13:00:29.954149,4.35,normal_success,,False
P0000325,O0000325,C003695,M0011,316.76,INR,WALLET,BANK_C,2026-01-02T08:41:53.553110,SYNTHETIC,CAPTURED,SUCCESS,2026-01-02T08:41:56.190937,2.64,normal_success,,False
P0000326,O0000326,C003638,M0009,168.9,INR,WALLET,BANK_D,2026-01-02T08:59:04.602384,SYNTHETIC,CAPTURED,SUCCESS,2026-01-02T08:59:13.267061,8.66,normal_success,,False
P0000327,O0000327,C003106,M0006,2158.16,INR,UPI,BANK_E,2026-01-02T17:26:23.297063,SYNTHETIC,CAPTURED,SUCCESS,2026-01-02T17:26:31.623188,8.33,normal_success,,False
P0000328,O0000328,C000760,M0013,443.33,INR,NETBANKING,BANK_E,2026-01-02T00:20:25.177860,SYNTHETIC,CAPTURED,SUCCESS,2026-01-02T00:20:30.977057,5.8,normal_success,INC0000,False
P0000329,O0000329,C000671,M0007,1316.1,INR,NETBANKING,BANK_C,2026-01-01T08:20:02.620998,SYNTHETIC,CAPTURED,SUCCESS,2026-01-01T08:20:06.371409,3.75,normal_success,,False
P0000330,O0000330,C002187,M0006,232.9,INR,UPI,BANK_E,2026-01-01T17:57:37.451184,SYNTHETIC,CAPTURED,SUCCESS,2026-01-01T18:00:32.175927,174.72,late_capture,,False
P0000331,O0000331,C001389,M0020,71.14,INR,NETBANKING,BANK_A,2026-01-01T14:02:05.534143,SYNTHETIC,CAPTURED,SUCCESS,2026-01-01T14:02:13.671296,8.14,normal_success,,False
P0000332,O0000332,C001052,M0000,1129.26,INR,CARD,BANK_A,2026-01-02T22:29:59.208577,SYNTHETIC,CAPTURED,SUCCESS,2026-01-02T22:30:05.993090,6.78,normal_success,,False
P0000333,O0000333,C002190,M0003,1331.43,INR,NETBANKING,BANK_C,2026-01-02T10:25:31.811728,SYNTHETIC,CAPTURED,SUCCESS,2026-01-02T10:25:36.193279,4.38,normal_success,,False
P0000334,O0000334,C002309,M0012,669.01,INR,CARD,BANK_C,2026-01-02T11:13:51.459877,SYNTHETIC,CAPTURED,SUCCESS,2026-01-02T11:13:59.168518,7.71,normal_success,,False
P0000335,O0000335,C001363,M0002,410.8,INR,NETBANKING,BANK_C,2026-01-02T17:40:38.132692,SYNTHETIC,CAPTURED,SUCCESS,2026-01-02T17:40:44.946608,6.81,normal_success,,False
P0000336,O0000336,C002368,M0018,3104.68,INR,UPI,BANK_B,2026-01-02T08:57:10.361748,SYNTHETIC,CAPTURED,SUCCESS,2026-01-02T08:57:17.891270,7.53,normal_success,,False
P0000337,O0000337,C000281,M0003,3075.29,INR,WALLET,BANK_C,2026-01-02T22:00:17.336964,SYNTHETIC,FAILED,FAILED,2026-01-02T22:00:25.022121,7.69,genuine_failure,,False
P0000338,O0000338,C003048,M0007,2550.32,INR,UPI,BANK_B,2026-01-02T01:44:52.186905,SYNTHETIC,CAPTURED,SUCCESS,2026-01-02T01:45:00.922975,8.74,normal_success,,False
P0000339,O0000339,C000507,M0017,379.56,INR,CARD,BANK_B,2026-01-02T03:15:29.260222,SYNTHETIC,CAPTURED,SUCCESS,2026-01-02T03:15:35.894362,6.63,normal_success,,False
P0000340,O0000340,C002451,M0021,1103.58,INR,WALLET,BANK_A,2026-01-01T05:56:46.905731,SYNTHETIC,CAPTURED,SUCCESS,2026-01-01T05:56:53.077825,6.17,normal_success,,False
P0000341,O0000341,C001602,M0005,1622.62,INR,NETBANKING,BANK_A,2026-01-02T08:43:12.602428,SYNTHETIC,CAPTURED,SUCCESS,2026-01-02T08:43:20.754787,8.15,normal_success,,False
P0000342,O0000342,C003083,M0007,1271.54,INR,NETBANKING,BANK_E,2026-01-01T00:47:16.278672,SYNTHETIC,CAPTURED,SUCCESS,2026-01-01T00:47:24.378478,8.1,normal_success,,False
P0000343,O0000343,C001434,M0006,319.72,INR,UPI,BANK_C,2026-01-02T11:55:34.793801,SYNTHETIC,CAPTURED,SUCCESS,2026-01-02T11:55:42.758109,7.96,normal_success,,True
P0000344,O0000344,C000207,M0023,439.5,INR,CARD,BANK_C,2026-01-01T22:57:25.003135,SYNTHETIC,CAPTURED,SUCCESS,2026-01-01T22:57:29.751886,4.75,normal_success,,False
P0000345,O0000345,C001604,M0003,227.18,INR,UPI,BANK_E,2026-01-01T04:21:28.153882,SYNTHETIC,CAPTURED,SUCCESS,2026-01-01T04:21:34.040600,5.89,normal_success,,False
P0000346,O0000346,C001884,M0020,418.93,INR,NETBANKING,BANK_C,2026-01-02T06:24:09.253551,SYNTHETIC,CAPTURED,SUCCESS,2026-01-02T06:24:12.110291,2.86,normal_success,,True
P0000347,O0000347,C000321,M0008,115.25,INR,CARD,BANK_A,2026-01-02T01:29:06.284021,SYNTHETIC,CAPTURED,SUCCESS,2026-01-02T01:29:10.800144,4.52,normal_success,,False
P0000348,O0000348,C003303,M0008,346.5,INR,NETBANKING,BANK_C,2026-01-02T23:51:06.558690,SYNTHETIC,CAPTURED,SUCCESS,2026-01-02T23:53:41.359833,154.8,late_capture,,False
P0000349,O0000349,C001907,M0017,1058.65,INR,UPI,BANK_C,2026-01-02T18:21:59.285354,SYNTHETIC,CAPTURED,SUCCESS,2026-01-02T18:22:07.038709,7.75,normal_success,,True
P0000350,O0000350,C001203,M0014,222.19,INR,NETBANKING,BANK_C,2026-01-02T17:36:03.952410,SYNTHETIC,CAPTURED,SUCCESS,2026-01-02T17:36:08.204089,4.25,normal_success,,False
P0000351,O0000351,C003769,M0018,714.32,INR,UPI,BANK_A,2026-01-01T18:51:50.749260,SYNTHETIC,CAPTURED,SUCCESS,2026-01-01T18:57:49.505284,358.76,late_capture,,False
P0000352,O0000352,C001893,M0024,3629.21,INR,WALLET,BANK_B,2026-01-02T12:37:51.447174,SYNTHETIC,CAPTURED,SUCCESS,2026-01-02T12:37:58.595089,7.15,normal_success,,False
P0000353,O0000353,C002564,M0022,1290.68,INR,UPI,BANK_E,2026-01-02T05:10:39.143217,SYNTHETIC,CAPTURED,SUCCESS,2026-01-02T05:10:45.924157,6.78,normal_success,,False
P0000354,O0000354,C003290,M0013,198.06,INR,UPI,BANK_A,2026-01-02T10:47:53.012843,SYNTHETIC,CAPTURED,SUCCESS,2026-01-02T10:47:57.052819,4.04,normal_success,,True
P0000355,O0000355,C002528,M0024,1259.24,INR,CARD,BANK_D,2026-01-01T23:52:08.938306,SYNTHETIC,CAPTURED,SUCCESS,2026-01-01T23:52:12.742994,3.8,normal_success,,False
P0000356,O0000356,C000455,M0004,106.85,INR,CARD,BANK_A,2026-01-02T14:12:46.305602,SYNTHETIC,CAPTURED,SUCCESS,2026-01-02T14:12:52.236395,5.93,normal_success,,False
P0000357,O0000357,C003303,M0019,7422.07,INR,CARD,BANK_C,2026-01-01T17:16:28.099310,SYNTHETIC,CAPTURED,SUCCESS,2026-01-01T17:16:35.104011,7.0,normal_success,,False
P0000358,O0000358,C000681,M0003,693.33,INR,UPI,BANK_C,2026-01-01T07:22:04.451085,SYNTHETIC,CAPTURED,SUCCESS,2026-01-01T07:22:08.790746,4.34,normal_success,,False
P0000359,O0000359,C001388,M0013,674.3,INR,UPI,BANK_B,2026-01-01T07:14:16.459760,SYNTHETIC,CAPTURED,SUCCESS,2026-01-01T07:14:21.391955,4.93,normal_success,,False
P0000360,O0000360,C002413,M0015,94.17,INR,NETBANKING,BANK_E,2026-01-01T23:39:31.373479,SYNTHETIC,CAPTURED,SUCCESS,2026-01-01T23:39:36.374221,5.0,normal_success,,False
P0000361,O0000361,C003510,M0003,269.83,INR,WALLET,BANK_E,2026-01-02T17:32:43.361967,SYNTHETIC,CAPTURED,SUCCESS,2026-01-02T17:32:52.883185,9.52,normal_success,,False
P0000362,O0000362,C002813,M0001,401.22,INR,UPI,BANK_D,2026-01-02T11:33:32.793252,SYNTHETIC,CAPTURED,SUCCESS,2026-01-02T11:33:39.825596,7.03,normal_success,,False
P0000363,O0000363,C000595,M0024,551.86,INR,CARD,BANK_E,2026-01-01T06:55:12.563579,SYNTHETIC,CAPTURED,SUCCESS,2026-01-01T06:55:18.856166,6.29,normal_success,,True
P0000364,O0000364,C000653,M0007,4172.06,INR,WALLET,BANK_A,2026-01-01T13:02:34.400194,SYNTHETIC,CAPTURED,SUCCESS,2026-01-01T13:02:38.087879,3.69,normal_success,,True
P0000365,O0000365,C001823,M0005,1557.21,INR,NETBANKING,BANK_E,2026-01-02T10:41:30.884966,SYNTHETIC,FAILED,FAILED,2026-01-02T10:41:38.629638,7.74,genuine_failure,,False
P0000366,O0000366,C003054,M0002,190.26,INR,NETBANKING,BANK_D,2026-01-02T22:33:38.639252,SYNTHETIC,CAPTURED,SUCCESS,2026-01-02T22:33:46.097728,7.46,normal_success,,False
P0000367,O0000367,C003977,M0000,5315.78,INR,UPI,BANK_C,2026-01-02T01:13:33.630664,SYNTHETIC,FAILED,FAILED,2026-01-02T01:13:38.253616,4.62,genuine_failure,,False
P0000368,O0000368,C001851,M0022,1049.95,INR,WALLET,BANK_B,2026-01-02T20:10:11.404202,SYNTHETIC,FAILED,FAILED,2026-01-02T20:10:12.497242,1.09,genuine_failure,,False
P0000369,O0000369,C001843,M0021,188.55,INR,NETBANKING,BANK_C,2026-01-02T02:44:15.972204,SYNTHETIC,CAPTURED,SUCCESS,2026-01-02T02:50:49.872583,393.9,late_capture,,False
P0000370,O0000370,C003308,M0000,1244.81,INR,CARD,BANK_A,2026-01-02T08:41:03.191948,SYNTHETIC,CAPTURED,SUCCESS,2026-01-02T08:41:09.072818,5.88,normal_success,,False
P0000371,O0000371,C002621,M0007,1555.41,INR,UPI,BANK_A,2026-01-02T03:30:55.167910,SYNTHETIC,CAPTURED,SUCCESS,2026-01-02T03:30:59.335295,4.17,normal_success,,False
P0000372,O0000372,C001566,M0004,2117.64,INR,WALLET,BANK_C,2026-01-01T20:54:53.690901,SYNTHETIC,CAPTURED,SUCCESS,2026-01-01T20:59:11.915775,258.22,late_capture,,False
P0000373,O0000373,C000667,M0020,513.52,INR,NETBANKING,BANK_C,2026-01-01T15:59:07.430797,SYNTHETIC,CAPTURED,SUCCESS,2026-01-01T15:59:16.185638,8.75,normal_success,,False
P0000374,O0000374,C002304,M0019,1238.79,INR,WALLET,BANK_D,2026-01-02T19:20:26.671711,SYNTHETIC,CAPTURED,SUCCESS,2026-01-02T19:20:29.345322,2.67,normal_success,,True
P0000375,O0000375,C002092,M0010,1145.17,INR,UPI,BANK_A,2026-01-01T10:06:48.661233,SYNTHETIC,CAPTURED,SUCCESS,2026-01-01T10:06:57.394674,8.73,normal_success,,False
P0000376,O0000376,C001337,M0013,123.59,INR,NETBANKING,BANK_D,2026-01-01T22:35:49.179239,SYNTHETIC,CAPTURED,SUCCESS,2026-01-01T22:35:54.933445,5.75,normal_success,,False
P0000377,O0000377,C002669,M0007,361.26,INR,CARD,BANK_C,2026-01-02T01:50:40.166716,SYNTHETIC,CAPTURED,SUCCESS,2026-01-02T01:50:47.577466,7.41,normal_success,,False
P0000378,O0000378,C000803,M0022,1497.34,INR,WALLET,BANK_D,2026-01-02T06:02:43.041695,SYNTHETIC,CAPTURED,SUCCESS,2026-01-02T06:02:51.416247,8.37,normal_success,,False
P0000379,O0000379,C003235,M0014,634.92,INR,UPI,BANK_B,2026-01-01T21:17:23.446286,SYNTHETIC,CAPTURED,SUCCESS,2026-01-01T21:17:30.701383,7.26,normal_success,,False
P0000380,O0000380,C001538,M0011,220.9,INR,WALLET,BANK_B,2026-01-02T04:04:51.440239,SYNTHETIC,CAPTURED,SUCCESS,2026-01-02T04:04:57.462982,6.02,normal_success,,False
P0000381,O0000381,C000763,M0005,381.24,INR,NETBANKING,BANK_B,2026-01-01T21:34:16.619377,SYNTHETIC,CAPTURED,SUCCESS,2026-01-01T21:34:24.666418,8.05,normal_success,,True
P0000382,O0000382,C003314,M0000,1924.42,INR,UPI,BANK_C,2026-01-02T13:28:24.360157,SYNTHETIC,FAILED,FAILED,2026-01-02T13:28:27.320751,2.96,genuine_failure,,False
P0000383,O0000383,C002851,M0011,50.08,INR,UPI,BANK_A,2026-01-02T08:10:33.498094,SYNTHETIC,CAPTURED,SUCCESS,2026-01-02T08:10:39.463877,5.97,normal_success,,False
P0000384,O0000384,C003146,M0004,3055.87,INR,WALLET,BANK_D,2026-01-02T18:37:24.588210,SYNTHETIC,CAPTURED,SUCCESS,2026-01-02T18:37:29.373070,4.78,normal_success,,False
P0000385,O0000385,C001496,M0006,2077.94,INR,NETBANKING,BANK_B,2026-01-02T14:55:52.291100,SYNTHETIC,CAPTURED,SUCCESS,2026-01-02T14:56:01.031726,8.74,normal_success,,False
P0000386,O0000386,C001335,M0020,3434.61,INR,WALLET,BANK_B,2026-01-01T20:50:10.663832,SYNTHETIC,CAPTURED,SUCCESS,2026-01-01T20:50:19.636329,8.97,normal_success,,True
P0000387,O0000387,C003314,M0010,1057.51,INR,NETBANKING,BANK_D,2026-01-01T13:52:06.019193,SYNTHETIC,FAILED,FAILED,2026-01-01T13:52:08.811476,2.79,genuine_failure,,False
P0000388,O0000388,C003633,M0018,114.96,INR,UPI,BANK_C,2026-01-02T00:21:20.498201,SYNTHETIC,CAPTURED,SUCCESS,2026-01-02T00:21:27.899725,7.4,normal_success,,False
P0000389,O0000389,C001603,M0017,147.24,INR,WALLET,BANK_E,2026-01-02T15:24:37.169514,SYNTHETIC,CAPTURED,SUCCESS,2026-01-02T15:24:42.812286,5.64,normal_success,,False
P0000390,O0000390,C002315,M0007,1004.57,INR,WALLET,BANK_C,2026-01-01T02:08:09.911962,SYNTHETIC,CAPTURED,SUCCESS,2026-01-01T02:08:17.115281,7.2,normal_success,INC0001,False
P0000391,O0000391,C002721,M0018,1660.31,INR,UPI,BANK_E,2026-01-01T14:30:52.062347,SYNTHETIC,CAPTURED,SUCCESS,2026-01-01T14:30:59.753516,7.69,normal_success,,False
P0000392,O0000392,C002463,M0007,1466.41,INR,WALLET,BANK_B,2026-01-02T17:38:47.202438,SYNTHETIC,CAPTURED,SUCCESS,2026-01-02T17:45:23.786867,396.58,late_capture,,False
P0000393,O0000393,C003512,M0011,842.71,INR,WALLET,BANK_E,2026-01-01T12:10:42.209457,SYNTHETIC,CAPTURED,SUCCESS,2026-01-01T12:10:49.945997,7.74,normal_success,,False
P0000394,O0000394,C002929,M0020,1235.72,INR,NETBANKING,BANK_C,2026-01-02T21:24:11.650014,SYNTHETIC,CAPTURED,SUCCESS,2026-01-02T21:24:21.778862,10.13,normal_success,,False
P0000395,O0000395,C003263,M0000,631.53,INR,UPI,BANK_D,2026-01-02T19:52:51.344356,SYNTHETIC,CAPTURED,SUCCESS,2026-01-02T19:52:58.365265,7.02,normal_success,,True
P0000396,O0000396,C000822,M0001,384.49,INR,UPI,BANK_C,2026-01-02T07:26:15.416232,SYNTHETIC,CAPTURED,SUCCESS,2026-01-02T07:26:24.557525,9.14,normal_success,,True
P0000397,O0000397,C002602,M0006,344.58,INR,UPI,BANK_B,2026-01-01T21:13:45.431370,SYNTHETIC,FAILED,FAILED,2026-01-01T21:13:47.885395,2.45,genuine_failure,,False
P0000398,O0000398,C001763,M0006,868.66,INR,NETBANKING,BANK_C,2026-01-02T06:13:37.168849,SYNTHETIC,CAPTURED,SUCCESS,2026-01-02T06:13:45.782334,8.61,normal_success,,False
P0000399,O0000399,C000612,M0001,102.07,INR,UPI,BANK_A,2026-01-01T15:53:24.179516,SYNTHETIC,CAPTURED,SUCCESS,2026-01-01T15:53:32.179520,8.0,normal_success,,False
P0000400,O0000400,C002680,M0011,980.48,INR,CARD,BANK_B,2026-01-01T16:37:11.202998,SYNTHETIC,CAPTURED,SUCCESS,2026-01-01T16:37:17.276495,6.07,normal_success,,False
P0000401,O0000401,C001849,M0023,7978.67,INR,NETBANKING,BANK_A,2026-01-01T18:59:34.806204,SYNTHETIC,CAPTURED,SUCCESS,2026-01-01T18:59:40.853596,6.05,normal_success,,True
P0000402,O0000402,C000997,M0003,163.23,INR,WALLET,BANK_E,2026-01-02T19:16:45.560762,SYNTHETIC,CAPTURED,SUCCESS,2026-01-02T19:16:51.921418,6.36,normal_success,,False
P0000403,O0000403,C002306,M0004,7293.55,INR,CARD,BANK_C,2026-01-02T19:24:31.456063,SYNTHETIC,CAPTURED,SUCCESS,2026-01-02T19:24:34.989214,3.53,normal_success,,True
P0000404,O0000404,C000788,M0015,1102.91,INR,WALLET,BANK_C,2026-01-02T13:53:21.659551,SYNTHETIC,CAPTURED,SUCCESS,2026-01-02T13:53:30.228472,8.57,normal_success,,False
P0000405,O0000405,C003306,M0002,1470.09,INR,NETBANKING,BANK_E,2026-01-01T17:53:36.428974,SYNTHETIC,CAPTURED,SUCCESS,2026-01-01T17:53:46.927056,10.5,normal_success,,False
P0000406,O0000406,C003944,M0009,1757.69,INR,CARD,BANK_B,2026-01-02T04:50:36.637104,SYNTHETIC,CAPTURED,SUCCESS,2026-01-02T04:50:45.827302,9.19,normal_success,,False
P0000407,O0000407,C003767,M0007,1202.25,INR,UPI,BANK_C,2026-01-02T09:28:34.829148,SYNTHETIC,CAPTURED,SUCCESS,2026-01-02T09:28:41.022358,6.19,normal_success,,True
P0000408,O0000408,C000123,M0022,2787.87,INR,NETBANKING,BANK_A,2026-01-02T07:20:29.913347,SYNTHETIC,CAPTURED,SUCCESS,2026-01-02T07:20:36.979874,7.07,normal_success,,False
P0000409,O0000409,C000142,M0009,1683.52,INR,WALLET,BANK_D,2026-01-01T20:25:50.860264,SYNTHETIC,CAPTURED,SUCCESS,2026-01-01T20:25:55.306785,4.45,normal_success,,False
P0000410,O0000410,C002979,M0024,422.49,INR,WALLET,BANK_E,2026-01-02T10:39:36.636726,SYNTHETIC,CAPTURED,SUCCESS,2026-01-02T10:39:40.687507,4.05,normal_success,,False
P0000411,O0000411,C001220,M0012,820.01,INR,CARD,BANK_B,2026-01-01T08:36:22.495426,SYNTHETIC,FAILED,FAILED,2026-01-01T08:36:26.334737,3.84,genuine_failure,,False
P0000412,O0000412,C003112,M0018,643.71,INR,CARD,BANK_A,2026-01-02T16:22:38.886604,SYNTHETIC,CAPTURED,SUCCESS,2026-01-02T16:22:42.009967,3.12,normal_success,,False
P0000413,O0000413,C003964,M0011,889.03,INR,CARD,BANK_B,2026-01-02T17:47:22.108818,SYNTHETIC,CAPTURED,SUCCESS,2026-01-02T17:48:57.874063,95.77,late_capture,,False
P0000414,O0000414,C002751,M0020,431.59,INR,UPI,BANK_C,2026-01-02T12:48:28.292642,SYNTHETIC,CAPTURED,SUCCESS,2026-01-02T12:48:33.699126,5.41,normal_success,,False
P0000415,O0000415,C003545,M0024,658.53,INR,NETBANKING,BANK_C,2026-01-02T20:18:04.478909,SYNTHETIC,CAPTURED,SUCCESS,2026-01-02T20:18:11.497027,7.02,normal_success,,False
P0000416,O0000416,C001172,M0002,735.11,INR,NETBANKING,BANK_D,2026-01-01T22:45:16.435610,SYNTHETIC,CAPTURED,SUCCESS,2026-01-01T22:45:22.966706,6.53,normal_success,,False
P0000417,O0000417,C001042,M0020,347.88,INR,CARD,BANK_A,2026-01-01T03:05:58.836224,SYNTHETIC,CAPTURED,SUCCESS,2026-01-01T03:06:03.309006,4.47,normal_success,INC0001,True
P0000418,O0000418,C001962,M0017,1794.77,INR,UPI,BANK_A,2026-01-01T01:39:15.541610,SYNTHETIC,CAPTURED,SUCCESS,2026-01-01T01:39:19.681927,4.14,normal_success,,False
P0000419,O0000419,C001633,M0007,335.82,INR,WALLET,BANK_D,2026-01-01T05:39:04.327841,SYNTHETIC,CAPTURED,SUCCESS,2026-01-01T05:39:11.576500,7.25,normal_success,,False
P0000420,O0000420,C003289,M0000,1397.4,INR,WALLET,BANK_E,2026-01-01T02:14:49.020302,SYNTHETIC,CAPTURED,SUCCESS,2026-01-01T02:14:54.405558,5.39,normal_success,INC0001,False
P0000421,O0000421,C003836,M0024,599.03,INR,CARD,BANK_D,2026-01-02T22:50:28.420971,SYNTHETIC,CAPTURED,SUCCESS,2026-01-02T22:50:34.755278,6.33,normal_success,,False
P0000422,O0000422,C002496,M0009,195.54,INR,UPI,BANK_D,2026-01-01T03:01:31.671414,SYNTHETIC,CAPTURED,SUCCESS,2026-01-01T03:01:40.017202,8.35,normal_success,INC0001,False
P0000423,O0000423,C000191,M0018,562.05,INR,UPI,BANK_A,2026-01-02T21:25:09.893636,SYNTHETIC,CAPTURED,SUCCESS,2026-01-02T21:25:18.885785,8.99,normal_success,,False
P0000424,O0000424,C000765,M0002,1037.82,INR,UPI,BANK_C,2026-01-02T12:10:38.650646,SYNTHETIC,FAILED,FAILED,2026-01-02T12:10:42.255037,3.6,genuine_failure,,False
P0000425,O0000425,C003830,M0002,153.2,INR,NETBANKING,BANK_E,2026-01-02T19:51:51.927842,SYNTHETIC,CAPTURED,SUCCESS,2026-01-02T19:51:59.370133,7.44,normal_success,,True
P0000426,O0000426,C000039,M0006,99.01,INR,NETBANKING,BANK_B,2026-01-02T21:00:19.785724,SYNTHETIC,CAPTURED,SUCCESS,2026-01-02T21:00:26.112691,6.33,normal_success,,False
P0000427,O0000427,C002230,M0019,238.05,INR,WALLET,BANK_C,2026-01-01T23:37:25.105246,SYNTHETIC,CAPTURED,SUCCESS,2026-01-01T23:37:30.183952,5.08,normal_success,,False
P0000428,O0000428,C003909,M0009,918.4,INR,CARD,BANK_D,2026-01-02T02:09:24.022930,SYNTHETIC,CAPTURED,SUCCESS,2026-01-02T02:09:33.507467,9.48,normal_success,,False
P0000429,O0000429,C002568,M0010,1769.47,INR,NETBANKING,BANK_E,2026-01-01T07:10:13.041781,SYNTHETIC,CAPTURED,SUCCESS,2026-01-01T07:10:20.082652,7.04,normal_success,,False
P0000430,O0000430,C002324,M0008,491.24,INR,NETBANKING,BANK_E,2026-01-01T10:48:23.394695,SYNTHETIC,CAPTURED,SUCCESS,2026-01-01T10:48:27.819577,4.42,normal_success,,False
P0000431,O0000431,C001972,M0001,101.79,INR,UPI,BANK_C,2026-01-02T01:37:04.333299,SYNTHETIC,FAILED,FAILED,2026-01-02T01:37:10.198719,5.87,genuine_failure,,False
P0000432,O0000432,C003609,M0018,745.09,INR,UPI,BANK_A,2026-01-02T09:27:41.435828,SYNTHETIC,CAPTURED,SUCCESS,2026-01-02T09:27:49.057608,7.62,normal_success,,False
P0000433,O0000433,C001812,M0011,1917.18,INR,NETBANKING,BANK_D,2026-01-01T16:41:09.598107,SYNTHETIC,CAPTURED,SUCCESS,2026-01-01T16:43:20.449784,130.85,late_capture,,False
P0000434,O0000434,C001813,M0011,347.44,INR,UPI,BANK_A,2026-01-01T05:32:30.264642,SYNTHETIC,CAPTURED,SUCCESS,2026-01-01T05:32:40.708613,10.44,normal_success,,False
P0000435,O0000435,C000960,M0009,1426.02,INR,NETBANKING,BANK_C,2026-01-01T09:58:26.669172,SYNTHETIC,CAPTURED,SUCCESS,2026-01-01T09:58:32.219360,5.55,normal_success,,False
P0000436,O0000436,C003876,M0018,1661.56,INR,UPI,BANK_B,2026-01-01T17:45:36.560112,SYNTHETIC,CAPTURED,SUCCESS,2026-01-01T17:47:25.241873,108.68,late_capture,,False
P0000437,O0000437,C002028,M0010,610.43,INR,NETBANKING,BANK_E,2026-01-02T13:40:14.088875,SYNTHETIC,CAPTURED,SUCCESS,2026-01-02T13:40:20.075765,5.99,normal_success,,True
P0000438,O0000438,C001607,M0005,229.89,INR,WALLET,BANK_A,2026-01-02T06:52:24.716868,SYNTHETIC,CAPTURED,SUCCESS,2026-01-02T06:52:28.977192,4.26,normal_success,,False
P0000439,O0000439,C000020,M0001,329.51,INR,UPI,BANK_C,2026-01-01T17:37:39.415400,SYNTHETIC,CAPTURED,SUCCESS,2026-01-01T17:37:46.656793,7.24,normal_success,,False
P0000440,O0000440,C002266,M0021,693.16,INR,NETBANKING,BANK_A,2026-01-01T21:48:23.806064,SYNTHETIC,CAPTURED,SUCCESS,2026-01-01T21:54:29.874688,366.07,late_capture,,False
P0000441,O0000441,C001272,M0016,639.71,INR,UPI,BANK_E,2026-01-02T16:08:48.900141,SYNTHETIC,CAPTURED,SUCCESS,2026-01-02T16:08:55.705444,6.81,normal_success,,True
P0000442,O0000442,C000114,M0006,3403.6,INR,CARD,BANK_E,2026-01-02T01:18:51.519137,SYNTHETIC,CAPTURED,SUCCESS,2026-01-02T01:18:59.224779,7.71,normal_success,,False
P0000443,O0000443,C001332,M0004,155.86,INR,UPI,BANK_D,2026-01-01T16:25:11.073130,SYNTHETIC,CAPTURED,SUCCESS,2026-01-01T16:25:20.377776,9.3,normal_success,,True
P0000444,O0000444,C000141,M0000,1531.16,INR,WALLET,BANK_E,2026-01-01T05:16:16.311919,SYNTHETIC,CAPTURED,SUCCESS,2026-01-01T05:16:22.870573,6.56,normal_success,,False
P0000445,O0000445,C003407,M0001,241.54,INR,WALLET,BANK_C,2026-01-02T18:18:28.916283,SYNTHETIC,FAILED,FAILED,2026-01-02T18:18:32.227175,3.31,genuine_failure,,False
P0000446,O0000446,C000765,M0003,2325.98,INR,WALLET,BANK_B,2026-01-01T08:19:06.538135,SYNTHETIC,CAPTURED,SUCCESS,2026-01-01T08:19:13.420353,6.88,normal_success,,False
P0000447,O0000447,C001787,M0020,1158.74,INR,WALLET,BANK_C,2026-01-01T23:52:34.070496,SYNTHETIC,CAPTURED,SUCCESS,2026-01-01T23:58:25.877246,351.81,late_capture,,False
P0000448,O0000448,C000721,M0003,91.19,INR,UPI,BANK_E,2026-01-02T05:07:52.112027,SYNTHETIC,CAPTURED,SUCCESS,2026-01-02T05:07:54.679634,2.57,normal_success,,False
P0000449,O0000449,C003938,M0007,882.74,INR,CARD,BANK_E,2026-01-01T05:35:23.648085,SYNTHETIC,FAILED,FAILED,2026-01-01T05:35:29.558249,5.91,genuine_failure,,False
P0000450,O0000450,C001175,M0016,1122.15,INR,CARD,BANK_D,2026-01-01T10:50:11.903594,SYNTHETIC,CAPTURED,SUCCESS,2026-01-01T10:50:16.864361,4.96,normal_success,,True
P0000451,O0000451,C002147,M0014,885.68,INR,NETBANKING,BANK_A,2026-01-01T20:49:33.350284,SYNTHETIC,FAILED,FAILED,2026-01-01T20:49:39.224595,5.87,genuine_failure,,False
P0000452,O0000452,C001773,M0013,1040.85,INR,UPI,BANK_E,2026-01-01T02:46:03.040305,SYNTHETIC,CAPTURED,SUCCESS,2026-01-01T02:46:12.809067,9.77,normal_success,INC0001,False
P0000453,O0000453,C000793,M0014,251.14,INR,UPI,BANK_C,2026-01-02T05:20:19.389549,SYNTHETIC,CAPTURED,SUCCESS,2026-01-02T05:20:28.401809,9.01,normal_success,,False
P0000454,O0000454,C001139,M0023,800.6,INR,UPI,BANK_A,2026-01-02T11:55:55.662980,SYNTHETIC,CAPTURED,SUCCESS,2026-01-02T11:56:00.506942,4.84,normal_success,,False
P0000455,O0000455,C001056,M0004,749.07,INR,UPI,BANK_E,2026-01-02T19:40:37.162578,SYNTHETIC,CAPTURED,SUCCESS,2026-01-02T19:40:42.701835,5.54,normal_success,,False
P0000456,O0000456,C003891,M0005,518.95,INR,NETBANKING,BANK_C,2026-01-02T16:24:25.414334,SYNTHETIC,CAPTURED,SUCCESS,2026-01-02T16:24:31.276693,5.86,normal_success,,False
P0000457,O0000457,C002147,M0000,2262.89,INR,WALLET,BANK_C,2026-01-01T08:35:04.323253,SYNTHETIC,CAPTURED,SUCCESS,2026-01-01T08:35:07.995618,3.67,normal_success,,False
P0000458,O0000458,C001066,M0016,1198.2,INR,NETBANKING,BANK_C,2026-01-02T04:52:09.789730,SYNTHETIC,CAPTURED,SUCCESS,2026-01-02T04:52:16.215123,6.43,normal_success,,True
P0000459,O0000459,C000643,M0004,1364.52,INR,CARD,BANK_D,2026-01-02T04:15:10.236324,SYNTHETIC,CAPTURED,SUCCESS,2026-01-02T04:15:18.965660,8.73,normal_success,,False
P0000460,O0000460,C002075,M0019,688.55,INR,CARD,BANK_E,2026-01-01T05:52:46.339926,SYNTHETIC,CAPTURED,SUCCESS,2026-01-01T05:52:53.577829,7.24,normal_success,,False
P0000461,O0000461,C001445,M0009,630.03,INR,NETBANKING,BANK_A,2026-01-02T01:24:54.573835,SYNTHETIC,CAPTURED,SUCCESS,2026-01-02T01:24:59.784523,5.21,normal_success,,True
P0000462,O0000462,C001851,M0019,274.1,INR,CARD,BANK_B,2026-01-02T00:13:37.432834,SYNTHETIC,CAPTURED,SUCCESS,2026-01-02T00:15:15.061855,97.63,late_capture,,False
P0000463,O0000463,C000866,M0008,1069.14,INR,CARD,BANK_D,2026-01-01T03:17:57.665272,SYNTHETIC,CAPTURED,SUCCESS,2026-01-01T03:18:02.145748,4.48,normal_success,,False
P0000464,O0000464,C002627,M0021,3653.53,INR,WALLET,BANK_B,2026-01-01T02:21:05.769934,SYNTHETIC,FAILED,FAILED,2026-01-01T02:21:13.641568,7.87,genuine_failure,INC0001,False
P0000465,O0000465,C001143,M0015,262.6,INR,CARD,BANK_B,2026-01-02T20:01:24.196576,SYNTHETIC,CAPTURED,SUCCESS,2026-01-02T20:06:57.240228,333.04,late_capture,,False
P0000466,O0000466,C003419,M0015,135.84,INR,CARD,BANK_D,2026-01-02T13:41:05.417357,SYNTHETIC,CAPTURED,SUCCESS,2026-01-02T13:41:10.517513,5.1,normal_success,,False
P0000467,O0000467,C002556,M0002,2762.21,INR,WALLET,BANK_D,2026-01-02T12:06:58.685735,SYNTHETIC,CAPTURED,SUCCESS,2026-01-02T12:07:05.125575,6.44,normal_success,,False
P0000468,O0000468,C000162,M0023,356.21,INR,CARD,BANK_C,2026-01-01T19:56:57.889120,SYNTHETIC,CAPTURED,SUCCESS,2026-01-01T19:58:25.558426,87.67,late_capture,,False
P0000469,O0000469,C000316,M0008,3751.85,INR,UPI,BANK_C,2026-01-02T06:18:49.611814,SYNTHETIC,CAPTURED,SUCCESS,2026-01-02T06:18:53.599911,3.99,normal_success,,True
P0000470,O0000470,C000674,M0015,1113.7,INR,WALLET,BANK_D,2026-01-01T15:27:09.409389,SYNTHETIC,CAPTURED,SUCCESS,2026-01-01T15:32:50.205997,340.8,late_capture,,False
P0000471,O0000471,C002820,M0000,2669.18,INR,WALLET,BANK_B,2026-01-01T14:55:27.990918,SYNTHETIC,CAPTURED,SUCCESS,2026-01-01T14:55:34.187763,6.2,normal_success,,False
P0000472,O0000472,C001872,M0013,192.33,INR,NETBANKING,BANK_E,2026-01-02T16:19:20.878475,SYNTHETIC,CAPTURED,SUCCESS,2026-01-02T16:19:28.876805,8.0,normal_success,,False
P0000473,O0000473,C000614,M0001,611.12,INR,UPI,BANK_D,2026-01-01T00:11:57.236252,SYNTHETIC,CAPTURED,SUCCESS,2026-01-01T00:12:04.589636,7.35,normal_success,,False
P0000474,O0000474,C003104,M0004,1424.29,INR,UPI,BANK_D,2026-01-01T15:59:38.877247,SYNTHETIC,CAPTURED,SUCCESS,2026-01-01T15:59:46.476248,7.6,normal_success,,False
P0000475,O0000475,C003394,M0019,202.4,INR,CARD,BANK_B,2026-01-02T05:03:50.511169,SYNTHETIC,CAPTURED,SUCCESS,2026-01-02T05:03:55.888835,5.38,normal_success,,False
P0000476,O0000476,C002119,M0022,454.53,INR,CARD,BANK_C,2026-01-02T15:30:33.797715,SYNTHETIC,CAPTURED,SUCCESS,2026-01-02T15:30:39.327116,5.53,normal_success,,True
P0000477,O0000477,C002588,M0012,1478.01,INR,CARD,BANK_A,2026-01-02T22:16:44.591936,SYNTHETIC,CAPTURED,SUCCESS,2026-01-02T22:16:51.950878,7.36,normal_success,,False
P0000478,O0000478,C003037,M0007,172.26,INR,WALLET,BANK_E,2026-01-02T14:17:35.492215,SYNTHETIC,CAPTURED,SUCCESS,2026-01-02T14:17:42.411460,6.92,normal_success,,False
P0000479,O0000479,C003215,M0014,285.49,INR,NETBANKING,BANK_C,2026-01-02T18:36:32.564708,SYNTHETIC,CAPTURED,SUCCESS,2026-01-02T18:36:39.285962,6.72,normal_success,,True
P0000480,O0000480,C003893,M0016,771.66,INR,NETBANKING,BANK_E,2026-01-01T05:52:33.834299,SYNTHETIC,CAPTURED,SUCCESS,2026-01-01T05:52:40.504957,6.67,normal_success,,False
P0000481,O0000481,C001830,M0012,572.55,INR,WALLET,BANK_E,2026-01-02T11:07:46.743465,SYNTHETIC,CAPTURED,SUCCESS,2026-01-02T11:07:54.509340,7.77,normal_success,,False
P0000482,O0000482,C003308,M0005,239.34,INR,NETBANKING,BANK_B,2026-01-02T15:13:47.479611,SYNTHETIC,CAPTURED,SUCCESS,2026-01-02T15:13:56.310086,8.83,normal_success,,True
P0000483,O0000483,C002455,M0008,432.94,INR,NETBANKING,BANK_D,2026-01-01T04:00:54.095803,SYNTHETIC,CAPTURED,SUCCESS,2026-01-01T04:01:02.708592,8.61,normal_success,,False
P0000484,O0000484,C001557,M0002,150.73,INR,WALLET,BANK_D,2026-01-02T23:16:57.745229,SYNTHETIC,CAPTURED,SUCCESS,2026-01-02T23:17:01.766571,4.02,normal_success,,False
P0000485,O0000485,C002370,M0018,1062.56,INR,UPI,BANK_C,2026-01-02T20:04:03.902797,SYNTHETIC,CAPTURED,SUCCESS,2026-01-02T20:04:10.681613,6.78,normal_success,,False
P0000486,O0000486,C002008,M0006,320.17,INR,CARD,BANK_C,2026-01-02T09:58:21.110724,SYNTHETIC,CAPTURED,SUCCESS,2026-01-02T09:58:29.491303,8.38,normal_success,,False
P0000487,O0000487,C002141,M0009,13923.11,INR,UPI,BANK_B,2026-01-02T03:16:45.116540,SYNTHETIC,CAPTURED,SUCCESS,2026-01-02T03:16:49.848772,4.73,normal_success,,False
P0000488,O0000488,C000411,M0017,516.77,INR,WALLET,BANK_C,2026-01-01T10:00:14.786356,SYNTHETIC,CAPTURED,SUCCESS,2026-01-01T10:00:19.904492,5.12,normal_success,,True
P0000489,O0000489,C001729,M0015,1166.88,INR,WALLET,BANK_A,2026-01-02T20:54:07.504006,SYNTHETIC,CAPTURED,SUCCESS,2026-01-02T20:54:18.002347,10.5,normal_success,,True
P0000490,O0000490,C001148,M0010,5658.35,INR,WALLET,BANK_C,2026-01-02T17:47:53.961124,SYNTHETIC,CAPTURED,SUCCESS,2026-01-02T17:47:58.909909,4.95,normal_success,,False
P0000491,O0000491,C002691,M0002,1720.68,INR,WALLET,BANK_A,2026-01-02T11:13:50.815195,SYNTHETIC,CAPTURED,SUCCESS,2026-01-02T11:14:01.414269,10.6,normal_success,,False
P0000492,O0000492,C000223,M0022,414.77,INR,CARD,BANK_E,2026-01-01T16:02:23.772023,SYNTHETIC,CAPTURED,SUCCESS,2026-01-01T16:02:30.271469,6.5,normal_success,,False
P0000493,O0000493,C002432,M0014,1001.84,INR,CARD,BANK_A,2026-01-02T08:50:51.600035,SYNTHETIC,CAPTURED,SUCCESS,2026-01-02T08:50:56.496543,4.9,normal_success,,False
P0000494,O0000494,C003918,M0008,479.27,INR,NETBANKING,BANK_C,2026-01-01T13:16:24.647972,SYNTHETIC,CAPTURED,SUCCESS,2026-01-01T13:16:30.868298,6.22,normal_success,,False
P0000495,O0000495,C000197,M0001,1564.18,INR,UPI,BANK_A,2026-01-02T10:44:30.638884,SYNTHETIC,CAPTURED,SUCCESS,2026-01-02T10:44:39.864693,9.23,normal_success,,False
P0000496,O0000496,C003055,M0018,514.24,INR,CARD,BANK_D,2026-01-02T14:44:01.952952,SYNTHETIC,CAPTURED,SUCCESS,2026-01-02T14:44:05.926285,3.97,normal_success,,False
P0000497,O0000497,C002373,M0022,427.6,INR,UPI,BANK_D,2026-01-01T17:34:52.769316,SYNTHETIC,CAPTURED,SUCCESS,2026-01-01T17:34:59.102660,6.33,normal_success,,False
P0000498,O0000498,C003782,M0014,260.39,INR,CARD,BANK_D,2026-01-01T08:56:23.501666,SYNTHETIC,CAPTURED,SUCCESS,2026-01-01T08:56:29.379477,5.88,normal_success,,False
P0000499,O0000499,C003662,M0023,201.63,INR,NETBANKING,BANK_C,2026-01-02T08:41:45.689860,SYNTHETIC,CAPTURED,SUCCESS,2026-01-02T08:41:51.633858,5.94,normal_success,,False
P0000500,O0000500,C002389,M0000,219.91,INR,WALLET,BANK_E,2026-01-01T00:34:51.031151,SYNTHETIC,CAPTURED,SUCCESS,2026-01-01T00:34:57.757189,6.73,normal_success,,False
P0000501,O0000501,C001554,M0020,942.18,INR,UPI,BANK_D,2026-01-01T03:31:41.460383,SYNTHETIC,CAPTURED,SUCCESS,2026-01-01T03:31:47.387050,5.93,normal_success,,False
P0000502,O0000502,C000577,M0019,5170.31,INR,CARD,BANK_B,2026-01-02T00:16:28.102722,SYNTHETIC,CAPTURED,SUCCESS,2026-01-02T00:16:35.550677,7.45,normal_success,,False
P0000503,O0000503,C002117,M0010,81.48,INR,NETBANKING,BANK_B,2026-01-02T10:10:03.828048,SYNTHETIC,CAPTURED,SUCCESS,2026-01-02T10:10:07.879886,4.05,normal_success,,False
P0000504,O0000504,C001114,M0005,979.34,INR,UPI,BANK_D,2026-01-01T12:04:22.854547,SYNTHETIC,CAPTURED,SUCCESS,2026-01-01T12:04:28.001120,5.15,normal_success,,False
P0000505,O0000505,C000285,M0021,153.66,INR,NETBANKING,BANK_C,2026-01-02T10:07:09.879247,SYNTHETIC,CAPTURED,SUCCESS,2026-01-02T10:07:15.344399,5.47,normal_success,,False
P0000506,O0000506,C001152,M0014,1530.41,INR,UPI,BANK_E,2026-01-02T01:23:43.427685,SYNTHETIC,CAPTURED,SUCCESS,2026-01-02T01:23:50.949849,7.52,normal_success,,True
P0000507,O0000507,C001631,M0002,287.84,INR,NETBANKING,BANK_E,2026-01-01T04:54:26.519438,SYNTHETIC,CAPTURED,SUCCESS,2026-01-01T04:54:33.218433,6.7,normal_success,,False
P0000508,O0000508,C000800,M0001,835.56,INR,UPI,BANK_D,2026-01-02T16:36:08.663318,SYNTHETIC,CAPTURED,SUCCESS,2026-01-02T16:36:12.332572,3.67,normal_success,,False
P0000509,O0000509,C000089,M0001,1468.17,INR,UPI,BANK_A,2026-01-02T23:44:55.658891,SYNTHETIC,CAPTURED,SUCCESS,2026-01-02T23:45:02.395016,6.74,normal_success,,False
P0000510,O0000510,C002711,M0002,309.55,INR,UPI,BANK_E,2026-01-01T02:23:31.288939,SYNTHETIC,CAPTURED,SUCCESS,2026-01-01T02:23:40.662149,9.37,normal_success,INC0001,False
P0000511,O0000511,C003606,M0004,311.46,INR,NETBANKING,BANK_A,2026-01-02T06:52:06.439380,SYNTHETIC,CAPTURED,SUCCESS,2026-01-02T06:52:12.496507,6.06,normal_success,,False
P0000512,O0000512,C000021,M0020,571.21,INR,WALLET,BANK_B,2026-01-02T09:01:15.174386,SYNTHETIC,CAPTURED,SUCCESS,2026-01-02T09:01:21.515630,6.34,normal_success,,False
P0000513,O0000513,C000885,M0002,958.99,INR,NETBANKING,BANK_C,2026-01-02T06:12:10.984729,SYNTHETIC,CAPTURED,SUCCESS,2026-01-02T06:12:19.276974,8.29,normal_success,,False
P0000514,O0000514,C001281,M0015,375.56,INR,WALLET,BANK_C,2026-01-01T22:22:28.102723,SYNTHETIC,CAPTURED,SUCCESS,2026-01-01T22:22:35.569628,7.47,normal_success,,False
P0000515,O0000515,C000785,M0009,361.26,INR,NETBANKING,BANK_D,2026-01-01T13:53:09.729603,SYNTHETIC,CAPTURED,SUCCESS,2026-01-01T13:53:14.239232,4.51,normal_success,,True
P0000516,O0000516,C000222,M0011,685.07,INR,NETBANKING,BANK_B,2026-01-02T04:04:45.087033,SYNTHETIC,CAPTURED,SUCCESS,2026-01-02T04:06:39.990850,114.9,late_capture,,False
P0000517,O0000517,C001319,M0008,405.09,INR,NETBANKING,BANK_C,2026-01-01T09:14:22.232675,SYNTHETIC,CAPTURED,SUCCESS,2026-01-01T09:14:28.175605,5.94,normal_success,,False
P0000518,O0000518,C000932,M0022,1296.72,INR,WALLET,BANK_A,2026-01-02T03:10:10.430750,SYNTHETIC,CAPTURED,SUCCESS,2026-01-02T03:10:20.858316,10.43,normal_success,,True
P0000519,O0000519,C003130,M0002,189.83,INR,UPI,BANK_D,2026-01-01T06:01:01.357257,SYNTHETIC,CAPTURED,SUCCESS,2026-01-01T06:01:07.796783,6.44,normal_success,,False
P0000520,O0000520,C001181,M0011,2255.35,INR,CARD,BANK_B,2026-01-01T22:04:50.168627,SYNTHETIC,CAPTURED,SUCCESS,2026-01-01T22:05:00.189021,10.02,normal_success,,False
P0000521,O0000521,C003099,M0012,947.56,INR,NETBANKING,BANK_A,2026-01-01T20:33:26.031227,SYNTHETIC,CAPTURED,SUCCESS,2026-01-01T20:33:32.946537,6.92,normal_success,,False
P0000522,O0000522,C003655,M0003,549.6,INR,UPI,BANK_B,2026-01-02T17:57:31.220554,SYNTHETIC,CAPTURED,SUCCESS,2026-01-02T17:57:37.303594,6.08,normal_success,,False
P0000523,O0000523,C000092,M0017,526.36,INR,CARD,BANK_B,2026-01-01T12:11:22.730354,SYNTHETIC,CAPTURED,SUCCESS,2026-01-01T12:11:26.347992,3.62,normal_success,,False
P0000524,O0000524,C001110,M0008,64.79,INR,NETBANKING,BANK_D,2026-01-01T12:09:36.158771,SYNTHETIC,CAPTURED,SUCCESS,2026-01-01T12:09:44.106037,7.95,normal_success,,False
P0000525,O0000525,C001761,M0020,25.33,INR,WALLET,BANK_B,2026-01-01T13:01:35.632425,SYNTHETIC,CAPTURED,SUCCESS,2026-01-01T13:01:42.455978,6.82,normal_success,,False
P0000526,O0000526,C001453,M0021,79.15,INR,NETBANKING,BANK_B,2026-01-02T14:12:13.530184,SYNTHETIC,CAPTURED,SUCCESS,2026-01-02T14:12:21.673335,8.14,normal_success,,False
P0000527,O0000527,C000748,M0007,3396.72,INR,WALLET,BANK_E,2026-01-01T16:36:44.365649,SYNTHETIC,CAPTURED,SUCCESS,2026-01-01T16:36:51.326220,6.96,normal_success,,True
P0000528,O0000528,C000870,M0020,1294.42,INR,UPI,BANK_D,2026-01-01T01:31:48.053091,SYNTHETIC,CAPTURED,SUCCESS,2026-01-01T01:31:55.572163,7.52,normal_success,,False
P0000529,O0000529,C003020,M0016,1033.65,INR,CARD,BANK_C,2026-01-01T07:09:16.788749,SYNTHETIC,CAPTURED,SUCCESS,2026-01-01T07:09:23.817061,7.03,normal_success,,False
P0000530,O0000530,C001428,M0015,107.3,INR,WALLET,BANK_A,2026-01-01T04:25:21.672710,SYNTHETIC,CAPTURED,SUCCESS,2026-01-01T04:25:28.019069,6.35,normal_success,,False
P0000531,O0000531,C002708,M0000,141.65,INR,CARD,BANK_D,2026-01-02T00:23:01.796921,SYNTHETIC,CAPTURED,SUCCESS,2026-01-02T00:23:07.778483,5.98,normal_success,,True
P0000532,O0000532,C000275,M0011,2703.05,INR,CARD,BANK_D,2026-01-02T16:27:35.297687,SYNTHETIC,CAPTURED,SUCCESS,2026-01-02T16:27:43.344695,8.05,normal_success,,False
P0000533,O0000533,C000871,M0021,1049.88,INR,NETBANKING,BANK_A,2026-01-02T04:24:33.931427,SYNTHETIC,CAPTURED,SUCCESS,2026-01-02T04:24:38.571276,4.64,normal_success,,False
P0000534,O0000534,C000579,M0007,150.16,INR,UPI,BANK_B,2026-01-01T10:02:31.307387,SYNTHETIC,CAPTURED,SUCCESS,2026-01-01T10:02:39.420060,8.11,normal_success,,False
P0000535,O0000535,C002685,M0007,76.14,INR,NETBANKING,BANK_B,2026-01-01T20:02:15.709116,SYNTHETIC,CAPTURED,SUCCESS,2026-01-01T20:02:19.247285,3.54,normal_success,,False
P0000536,O0000536,C001708,M0014,202.64,INR,CARD,BANK_B,2026-01-01T10:55:01.807240,SYNTHETIC,CAPTURED,SUCCESS,2026-01-01T10:55:09.538413,7.73,normal_success,,False
P0000537,O0000537,C001449,M0021,3805.29,INR,CARD,BANK_E,2026-01-01T12:10:41.621731,SYNTHETIC,CAPTURED,SUCCESS,2026-01-01T12:10:48.510644,6.89,normal_success,,False
P0000538,O0000538,C002284,M0024,852.66,INR,WALLET,BANK_C,2026-01-01T05:56:49.981955,SYNTHETIC,CAPTURED,SUCCESS,2026-01-01T05:56:57.708409,7.73,normal_success,,False
P0000539,O0000539,C003799,M0010,232.29,INR,UPI,BANK_B,2026-01-01T22:39:32.251180,SYNTHETIC,CAPTURED,SUCCESS,2026-01-01T22:39:41.188632,8.94,normal_success,,True
P0000540,O0000540,C002244,M0013,267.75,INR,NETBANKING,BANK_C,2026-01-01T03:39:07.257809,SYNTHETIC,CAPTURED,SUCCESS,2026-01-01T03:39:13.793149,6.54,normal_success,,False
P0000541,O0000541,C001968,M0011,1473.7,INR,WALLET,BANK_B,2026-01-02T05:23:17.740624,SYNTHETIC,CAPTURED,SUCCESS,2026-01-02T05:23:23.365088,5.62,normal_success,,False
P0000542,O0000542,C001259,M0001,390.5,INR,WALLET,BANK_C,2026-01-02T18:51:19.700322,SYNTHETIC,CAPTURED,SUCCESS,2026-01-02T18:51:26.722445,7.02,normal_success,,False
P0000543,O0000543,C003524,M0009,771.42,INR,NETBANKING,BANK_A,2026-01-01T18:59:29.479539,SYNTHETIC,CAPTURED,SUCCESS,2026-01-01T18:59:35.068668,5.59,normal_success,,False
P0000544,O0000544,C000591,M0009,3276.58,INR,NETBANKING,BANK_E,2026-01-02T19:34:59.181800,SYNTHETIC,CAPTURED,SUCCESS,2026-01-02T19:38:48.694634,229.51,late_capture,,False
P0000545,O0000545,C000495,M0022,906.78,INR,NETBANKING,BANK_B,2026-01-01T20:51:13.578512,SYNTHETIC,CAPTURED,SUCCESS,2026-01-01T20:51:18.673076,5.09,normal_success,,False
P0000546,O0000546,C001759,M0012,196.01,INR,CARD,BANK_E,2026-01-02T09:24:10.317087,SYNTHETIC,CAPTURED,SUCCESS,2026-01-02T09:24:18.328970,8.01,normal_success,,False
P0000547,O0000547,C002382,M0000,1168.45,INR,CARD,BANK_B,2026-01-02T23:36:53.599735,SYNTHETIC,CAPTURED,SUCCESS,2026-01-02T23:37:00.762855,7.16,normal_success,,False
P0000548,O0000548,C002643,M0014,1347.74,INR,UPI,BANK_B,2026-01-01T01:41:25.977318,SYNTHETIC,CAPTURED,SUCCESS,2026-01-01T01:41:32.249369,6.27,normal_success,,False
P0000549,O0000549,C000642,M0014,2883.22,INR,UPI,BANK_A,2026-01-01T12:08:57.672263,SYNTHETIC,FAILED,FAILED,2026-01-01T12:09:04.899286,7.23,genuine_failure,,False
P0000550,O0000550,C000114,M0001,1464.08,INR,UPI,BANK_C,2026-01-02T11:06:34.932234,SYNTHETIC,CAPTURED,SUCCESS,2026-01-02T11:06:37.478075,2.55,normal_success,,True
P0000551,O0000551,C001985,M0004,299.55,INR,UPI,BANK_A,2026-01-02T00:43:48.301066,SYNTHETIC,CAPTURED,SUCCESS,2026-01-02T00:43:54.528210,6.23,normal_success,,True
P0000552,O0000552,C001513,M0012,2241.18,INR,CARD,BANK_B,2026-01-02T09:23:14.196935,SYNTHETIC,CAPTURED,SUCCESS,2026-01-02T09:23:21.135977,6.94,normal_success,,False
P0000553,O0000553,C003550,M0016,659.02,INR,WALLET,BANK_A,2026-01-01T13:46:35.982915,SYNTHETIC,CAPTURED,SUCCESS,2026-01-01T13:46:40.165068,4.18,normal_success,,False
P0000554,O0000554,C003346,M0002,5633.73,INR,UPI,BANK_E,2026-01-01T04:12:59.920366,SYNTHETIC,CAPTURED,SUCCESS,2026-01-01T04:13:10.780723,10.86,normal_success,,True
P0000555,O0000555,C002049,M0021,649.97,INR,NETBANKING,BANK_D,2026-01-01T14:56:54.492482,SYNTHETIC,CAPTURED,SUCCESS,2026-01-01T14:57:01.392327,6.9,normal_success,,False
P0000556,O0000556,C003695,M0016,480.55,INR,NETBANKING,BANK_E,2026-01-02T06:35:25.527999,SYNTHETIC,CAPTURED,SUCCESS,2026-01-02T06:35:32.497082,6.97,normal_success,,False
P0000557,O0000557,C003512,M0021,159.04,INR,CARD,BANK_D,2026-01-02T13:49:29.561743,SYNTHETIC,CAPTURED,SUCCESS,2026-01-02T13:49:37.049248,7.49,normal_success,,False
P0000558,O0000558,C000683,M0022,310.23,INR,NETBANKING,BANK_D,2026-01-01T19:59:42.263132,SYNTHETIC,CAPTURED,SUCCESS,2026-01-01T19:59:48.367214,6.1,normal_success,,True
P0000559,O0000559,C000798,M0000,413.27,INR,NETBANKING,BANK_E,2026-01-01T06:41:48.670611,SYNTHETIC,CAPTURED,SUCCESS,2026-01-01T06:41:57.714201,9.04,normal_success,,False
P0000560,O0000560,C001693,M0015,6483.15,INR,CARD,BANK_C,2026-01-02T04:43:42.945068,SYNTHETIC,CAPTURED,SUCCESS,2026-01-02T04:43:50.726957,7.78,normal_success,,False
P0000561,O0000561,C003409,M0005,592.57,INR,CARD,BANK_B,2026-01-01T23:18:03.274683,SYNTHETIC,CAPTURED,SUCCESS,2026-01-01T23:18:07.241646,3.97,normal_success,,False
P0000562,O0000562,C003011,M0022,778.31,INR,NETBANKING,BANK_E,2026-01-02T10:24:08.671452,SYNTHETIC,CAPTURED,SUCCESS,2026-01-02T10:24:15.272819,6.6,normal_success,,False
P0000563,O0000563,C003783,M0001,153.36,INR,UPI,BANK_D,2026-01-01T05:49:53.694648,SYNTHETIC,CAPTURED,SUCCESS,2026-01-01T05:50:02.179578,8.48,normal_success,,False
P0000564,O0000564,C003980,M0022,964.98,INR,CARD,BANK_E,2026-01-02T11:36:05.279782,SYNTHETIC,CAPTURED,SUCCESS,2026-01-02T11:37:09.666938,64.39,late_capture,,False
P0000565,O0000565,C000244,M0015,358.93,INR,WALLET,BANK_B,2026-01-01T11:14:57.390182,SYNTHETIC,CAPTURED,SUCCESS,2026-01-01T11:15:04.180487,6.79,normal_success,,False
P0000566,O0000566,C001109,M0004,501.06,INR,NETBANKING,BANK_A,2026-01-02T11:47:33.937316,SYNTHETIC,CAPTURED,SUCCESS,2026-01-02T11:47:38.342735,4.41,normal_success,,True
P0000567,O0000567,C001531,M0002,198.33,INR,UPI,BANK_C,2026-01-01T19:48:12.081408,SYNTHETIC,CAPTURED,SUCCESS,2026-01-01T19:48:18.356267,6.27,normal_success,,False
P0000568,O0000568,C003043,M0000,2700.64,INR,WALLET,BANK_D,2026-01-01T03:30:48.360591,SYNTHETIC,CAPTURED,SUCCESS,2026-01-01T03:30:54.181589,5.82,normal_success,,True
P0000569,O0000569,C001037,M0015,2480.22,INR,CARD,BANK_C,2026-01-01T15:22:27.613912,SYNTHETIC,CAPTURED,SUCCESS,2026-01-01T15:22:31.866699,4.25,normal_success,,False
P0000570,O0000570,C003951,M0001,984.1,INR,UPI,BANK_A,2026-01-01T07:57:34.366729,SYNTHETIC,CAPTURED,SUCCESS,2026-01-01T07:57:40.256228,5.89,normal_success,,False
P0000571,O0000571,C002337,M0013,63.16,INR,UPI,BANK_C,2026-01-01T08:30:44.952926,SYNTHETIC,CAPTURED,SUCCESS,2026-01-01T08:30:52.303038,7.35,normal_success,,False
P0000572,O0000572,C000725,M0012,149.19,INR,WALLET,BANK_E,2026-01-01T12:42:39.740855,SYNTHETIC,CAPTURED,SUCCESS,2026-01-01T12:42:48.097856,8.36,normal_success,,False
P0000573,O0000573,C000190,M0003,500.91,INR,NETBANKING,BANK_D,2026-01-02T04:24:05.871222,SYNTHETIC,CAPTURED,SUCCESS,2026-01-02T04:24:12.696240,6.83,normal_success,,False
P0000574,O0000574,C000824,M0019,1185.38,INR,CARD,BANK_A,2026-01-01T07:36:01.913475,SYNTHETIC,CAPTURED,SUCCESS,2026-01-01T07:36:07.752700,5.84,normal_success,,False
P0000575,O0000575,C001147,M0007,715.21,INR,UPI,BANK_E,2026-01-02T22:26:58.232155,SYNTHETIC,CAPTURED,SUCCESS,2026-01-02T22:27:03.336711,5.1,normal_success,,True
P0000576,O0000576,C001879,M0004,1017.08,INR,WALLET,BANK_E,2026-01-02T21:06:35.036910,SYNTHETIC,CAPTURED,SUCCESS,2026-01-02T21:06:42.723882,7.69,normal_success,,True
P0000577,O0000577,C002455,M0001,89.66,INR,UPI,BANK_D,2026-01-02T20:21:38.205095,SYNTHETIC,CAPTURED,SUCCESS,2026-01-02T20:21:46.304670,8.1,normal_success,,True
P0000578,O0000578,C002880,M0014,427.46,INR,NETBANKING,BANK_E,2026-01-01T08:28:05.180076,SYNTHETIC,CAPTURED,SUCCESS,2026-01-01T08:28:13.123123,7.94,normal_success,,True
P0000579,O0000579,C001062,M0006,393.21,INR,WALLET,BANK_C,2026-01-02T17:16:55.289078,SYNTHETIC,CAPTURED,SUCCESS,2026-01-02T17:17:02.705437,7.42,normal_success,,False
P0000580,O0000580,C002797,M0003,375.58,INR,CARD,BANK_D,2026-01-02T09:32:48.637898,SYNTHETIC,CAPTURED,SUCCESS,2026-01-02T09:33:27.955654,39.32,late_capture,,False
P0000581,O0000581,C002120,M0014,672.63,INR,CARD,BANK_C,2026-01-01T20:43:38.111130,SYNTHETIC,CAPTURED,SUCCESS,2026-01-01T20:43:45.705192,7.59,normal_success,,False
P0000582,O0000582,C001817,M0008,1766.92,INR,NETBANKING,BANK_C,2026-01-02T07:51:50.943490,SYNTHETIC,CAPTURED,SUCCESS,2026-01-02T07:51:57.087463,6.14,normal_success,,False
P0000583,O0000583,C001979,M0021,732.11,INR,UPI,BANK_A,2026-01-01T15:57:57.769378,SYNTHETIC,CAPTURED,SUCCESS,2026-01-01T15:58:02.027761,4.26,normal_success,,False
P0000584,O0000584,C002204,M0016,1137.28,INR,CARD,BANK_E,2026-01-01T21:30:51.829542,SYNTHETIC,CAPTURED,SUCCESS,2026-01-01T21:30:55.695884,3.87,normal_success,,False
P0000585,O0000585,C003207,M0000,2014.19,INR,WALLET,BANK_E,2026-01-01T01:57:01.398121,SYNTHETIC,FAILED,FAILED,2026-01-01T01:57:08.381737,6.98,genuine_failure,INC0001,False
P0000586,O0000586,C001697,M0018,217.26,INR,UPI,BANK_D,2026-01-01T19:19:11.905315,SYNTHETIC,CAPTURED,SUCCESS,2026-01-01T19:19:17.586530,5.68,normal_success,,False
P0000587,O0000587,C000493,M0008,558.78,INR,NETBANKING,BANK_E,2026-01-02T08:39:05.739717,SYNTHETIC,CAPTURED,SUCCESS,2026-01-02T08:39:12.745921,7.01,normal_success,,False
P0000588,O0000588,C002060,M0013,166.15,INR,NETBANKING,BANK_D,2026-01-02T23:36:59.134474,SYNTHETIC,CAPTURED,SUCCESS,2026-01-02T23:37:06.204660,7.07,normal_success,,False
P0000589,O0000589,C003218,M0015,1535.58,INR,CARD,BANK_C,2026-01-01T01:14:09.962652,SYNTHETIC,CAPTURED,SUCCESS,2026-01-01T01:14:15.193194,5.23,normal_success,,False
P0000590,O0000590,C000304,M0017,657.93,INR,UPI,BANK_C,2026-01-01T14:01:00.159796,SYNTHETIC,CAPTURED,SUCCESS,2026-01-01T14:01:09.003996,8.84,normal_success,,False
P0000591,O0000591,C001841,M0024,478.8,INR,WALLET,BANK_D,2026-01-01T01:12:48.917082,SYNTHETIC,CAPTURED,SUCCESS,2026-01-01T01:12:54.829801,5.91,normal_success,,False
P0000592,O0000592,C000905,M0018,247.43,INR,UPI,BANK_A,2026-01-02T14:20:06.792156,SYNTHETIC,CAPTURED,SUCCESS,2026-01-02T14:20:13.083983,6.29,normal_success,,False
P0000593,O0000593,C002936,M0014,834.57,INR,NETBANKING,BANK_C,2026-01-02T14:58:34.039523,SYNTHETIC,CAPTURED,SUCCESS,2026-01-02T14:58:40.648749,6.61,normal_success,,True
P0000594,O0000594,C001504,M0024,118.34,INR,CARD,BANK_C,2026-01-02T03:59:33.366633,SYNTHETIC,CAPTURED,SUCCESS,2026-01-02T03:59:39.884234,6.52,normal_success,,False
P0000595,O0000595,C002016,M0015,357.65,INR,NETBANKING,BANK_E,2026-01-02T04:25:01.832816,SYNTHETIC,CAPTURED,SUCCESS,2026-01-02T04:25:05.870247,4.04,normal_success,,False
P0000596,O0000596,C000442,M0003,2004.93,INR,CARD,BANK_B,2026-01-01T02:13:40.819378,SYNTHETIC,CAPTURED,SUCCESS,2026-01-01T02:13:48.696722,7.88,normal_success,INC0001,False
P0000597,O0000597,C003642,M0018,3020.67,INR,NETBANKING,BANK_C,2026-01-02T20:19:33.863586,SYNTHETIC,CAPTURED,SUCCESS,2026-01-02T20:19:39.216454,5.35,normal_success,,False
P0000598,O0000598,C000652,M0004,1384.95,INR,UPI,BANK_E,2026-01-01T08:23:54.125097,SYNTHETIC,CAPTURED,SUCCESS,2026-01-01T08:24:02.844959,8.72,normal_success,,False
P0000599,O0000599,C000072,M0003,1633.43,INR,NETBANKING,BANK_C,2026-01-01T13:38:14.409712,SYNTHETIC,CAPTURED,SUCCESS,2026-01-01T13:38:20.621356,6.21,normal_success,,False
P0000600,O0000600,C002191,M0011,1035.46,INR,WALLET,BANK_C,2026-01-01T18:46:00.631560,SYNTHETIC,CAPTURED,SUCCESS,2026-01-01T18:46:07.114748,6.48,normal_success,,True
P0000601,O0000601,C000311,M0013,171.55,INR,CARD,BANK_E,2026-01-02T08:58:12.137322,SYNTHETIC,CAPTURED,SUCCESS,2026-01-02T08:58:17.803174,5.67,normal_success,,False
P0000602,O0000602,C001024,M0018,183.6,INR,UPI,BANK_A,2026-01-02T10:15:00.302700,SYNTHETIC,CAPTURED,SUCCESS,2026-01-02T10:15:10.679636,10.38,normal_success,,False
P0000603,O0000603,C001702,M0005,220.53,INR,CARD,BANK_A,2026-01-01T00:08:46.780373,SYNTHETIC,CAPTURED,SUCCESS,2026-01-01T00:08:52.747667,5.97,normal_success,,False
P0000604,O0000604,C002355,M0020,404.89,INR,CARD,BANK_A,2026-01-02T14:44:05.256529,SYNTHETIC,CAPTURED,SUCCESS,2026-01-02T14:44:09.300120,4.04,normal_success,,True
P0000605,O0000605,C001549,M0004,265.94,INR,UPI,BANK_D,2026-01-01T06:42:02.434503,SYNTHETIC,CAPTURED,SUCCESS,2026-01-01T06:42:08.918209,6.48,normal_success,,False
P0000606,O0000606,C002532,M0012,1513.55,INR,CARD,BANK_B,2026-01-02T22:48:34.574627,SYNTHETIC,CAPTURED,SUCCESS,2026-01-02T22:48:38.260242,3.69,normal_success,,False
P0000607,O0000607,C000361,M0006,2607.79,INR,NETBANKING,BANK_D,2026-01-01T14:50:07.739732,SYNTHETIC,CAPTURED,SUCCESS,2026-01-01T14:56:34.496712,386.76,late_capture,,False
P0000608,O0000608,C001858,M0012,1247.75,INR,WALLET,BANK_D,2026-01-01T19:46:48.236477,SYNTHETIC,CAPTURED,SUCCESS,2026-01-01T19:46:50.833727,2.6,normal_success,,False
P0000609,O0000609,C003151,M0002,2190.08,INR,WALLET,BANK_C,2026-01-02T03:59:07.193229,SYNTHETIC,CAPTURED,SUCCESS,2026-01-02T04:01:29.634108,142.44,late_capture,,False
P0000610,O0000610,C002521,M0004,1462.85,INR,CARD,BANK_C,2026-01-01T20:18:33.472068,SYNTHETIC,CAPTURED,SUCCESS,2026-01-01T20:23:05.421842,271.95,late_capture,,False
P0000611,O0000611,C000602,M0013,173.73,INR,NETBANKING,BANK_A,2026-01-02T23:47:24.252526,SYNTHETIC,CAPTURED,SUCCESS,2026-01-02T23:47:29.888569,5.64,normal_success,,False
P0000612,O0000612,C000217,M0012,1299.06,INR,WALLET,BANK_E,2026-01-02T15:05:35.160448,SYNTHETIC,CAPTURED,SUCCESS,2026-01-02T15:05:44.475501,9.32,normal_success,,False
P0000613,O0000613,C003822,M0023,1126.29,INR,WALLET,BANK_A,2026-01-02T05:23:03.422045,SYNTHETIC,CAPTURED,SUCCESS,2026-01-02T05:23:10.425682,7.0,normal_success,,False
P0000614,O0000614,C003898,M0020,777.89,INR,WALLET,BANK_C,2026-01-01T05:58:55.686074,SYNTHETIC,CAPTURED,SUCCESS,2026-01-01T05:59:04.643210,8.96,normal_success,,True
P0000615,O0000615,C003463,M0017,868.28,INR,NETBANKING,BANK_D,2026-01-01T20:51:48.555055,SYNTHETIC,CAPTURED,SUCCESS,2026-01-01T20:51:52.504356,3.95,normal_success,,False
P0000616,O0000616,C000641,M0015,2220.56,INR,WALLET,BANK_A,2026-01-01T05:26:59.381467,SYNTHETIC,CAPTURED,SUCCESS,2026-01-01T05:27:07.024643,7.64,normal_success,,False
P0000617,O0000617,C000505,M0013,1506.5,INR,UPI,BANK_C,2026-01-01T09:19:03.469907,SYNTHETIC,CAPTURED,SUCCESS,2026-01-01T09:19:07.502853,4.03,normal_success,,False
P0000618,O0000618,C003728,M0012,554.16,INR,CARD,BANK_D,2026-01-01T06:46:15.197257,SYNTHETIC,CAPTURED,SUCCESS,2026-01-01T06:46:21.943180,6.75,normal_success,,False
P0000619,O0000619,C000952,M0011,231.59,INR,UPI,BANK_E,2026-01-02T10:16:41.102934,SYNTHETIC,CAPTURED,SUCCESS,2026-01-02T10:16:50.684854,9.58,normal_success,,False
P0000620,O0000620,C001647,M0017,231.51,INR,CARD,BANK_D,2026-01-01T13:19:55.906829,SYNTHETIC,CAPTURED,SUCCESS,2026-01-01T13:20:03.713087,7.81,normal_success,,True
P0000621,O0000621,C001260,M0001,494.49,INR,CARD,BANK_E,2026-01-01T21:42:15.117217,SYNTHETIC,CAPTURED,SUCCESS,2026-01-01T21:42:21.461844,6.34,normal_success,,False
P0000622,O0000622,C001622,M0012,690.57,INR,CARD,BANK_E,2026-01-02T11:59:16.653921,SYNTHETIC,CAPTURED,SUCCESS,2026-01-02T11:59:22.240814,5.59,normal_success,,False
P0000623,O0000623,C002928,M0013,609.78,INR,CARD,BANK_C,2026-01-01T07:16:37.018748,SYNTHETIC,CAPTURED,SUCCESS,2026-01-01T07:21:21.929026,284.91,late_capture,,False
P0000624,O0000624,C003637,M0005,869.43,INR,WALLET,BANK_B,2026-01-01T04:51:12.163958,SYNTHETIC,CAPTURED,SUCCESS,2026-01-01T04:51:18.792032,6.63,normal_success,,False
P0000625,O0000625,C002353,M0000,190.09,INR,CARD,BANK_D,2026-01-02T21:18:52.979141,SYNTHETIC,CAPTURED,SUCCESS,2026-01-02T21:18:58.189893,5.21,normal_success,,False
P0000626,O0000626,C002482,M0007,1057.48,INR,UPI,BANK_E,2026-01-01T21:57:15.328546,SYNTHETIC,CAPTURED,SUCCESS,2026-01-01T21:57:20.390948,5.06,normal_success,,False
P0000627,O0000627,C002046,M0018,280.44,INR,UPI,BANK_A,2026-01-02T00:22:15.211915,SYNTHETIC,CAPTURED,SUCCESS,2026-01-02T00:22:21.762132,6.55,normal_success,,False
P0000628,O0000628,C003909,M0009,883.42,INR,NETBANKING,BANK_B,2026-01-01T16:17:27.319202,SYNTHETIC,CAPTURED,SUCCESS,2026-01-01T16:17:36.807333,9.49,normal_success,,True
P0000629,O0000629,C000797,M0008,541.37,INR,CARD,BANK_A,2026-01-02T18:50:24.131360,SYNTHETIC,CAPTURED,SUCCESS,2026-01-02T18:50:31.095468,6.96,normal_success,,False
P0000630,O0000630,C002195,M0006,336.16,INR,CARD,BANK_A,2026-01-02T22:53:11.692091,SYNTHETIC,CAPTURED,SUCCESS,2026-01-02T22:53:15.761169,4.07,normal_success,,False
P0000631,O0000631,C003272,M0014,2490.74,INR,CARD,BANK_C,2026-01-02T13:53:04.184919,SYNTHETIC,CAPTURED,SUCCESS,2026-01-02T13:58:11.700296,307.52,late_capture,,False
P0000632,O0000632,C001686,M0013,658.84,INR,WALLET,BANK_C,2026-01-01T01:03:05.776017,SYNTHETIC,CAPTURED,SUCCESS,2026-01-01T01:03:11.332611,5.56,normal_success,,False
P0000633,O0000633,C003731,M0019,262.33,INR,WALLET,BANK_A,2026-01-01T18:37:22.449315,SYNTHETIC,CAPTURED,SUCCESS,2026-01-01T18:37:32.808979,10.36,normal_success,,False
P0000634,O0000634,C002347,M0020,1030.9,INR,WALLET,BANK_B,2026-01-01T21:00:37.056858,SYNTHETIC,CAPTURED,SUCCESS,2026-01-01T21:00:41.281921,4.23,normal_success,,False
P0000635,O0000635,C001591,M0012,120.46,INR,WALLET,BANK_E,2026-01-01T12:09:02.223434,SYNTHETIC,CAPTURED,SUCCESS,2026-01-01T12:09:07.287338,5.06,normal_success,,False
P0000636,O0000636,C001739,M0022,118.34,INR,CARD,BANK_C,2026-01-01T08:32:48.905934,SYNTHETIC,CAPTURED,SUCCESS,2026-01-01T08:32:53.450370,4.54,normal_success,,False
P0000637,O0000637,C002760,M0010,1531.56,INR,WALLET,BANK_A,2026-01-01T23:01:55.501914,SYNTHETIC,CAPTURED,SUCCESS,2026-01-01T23:02:02.674321,7.17,normal_success,,False
P0000638,O0000638,C000802,M0012,1324.72,INR,CARD,BANK_A,2026-01-01T21:18:30.436950,SYNTHETIC,CAPTURED,SUCCESS,2026-01-01T21:18:40.112530,9.68,normal_success,,False
P0000639,O0000639,C002476,M0024,1508.25,INR,WALLET,BANK_A,2026-01-01T11:16:18.413509,SYNTHETIC,CAPTURED,SUCCESS,2026-01-01T11:16:23.045650,4.63,normal_success,,False
P0000640,O0000640,C001181,M0019,359.04,INR,WALLET,BANK_B,2026-01-02T16:59:39.139936,SYNTHETIC,CAPTURED,SUCCESS,2026-01-02T16:59:45.907658,6.77,normal_success,,False
P0000641,O0000641,C002250,M0009,281.9,INR,CARD,BANK_C,2026-01-02T08:01:28.247018,SYNTHETIC,CAPTURED,SUCCESS,2026-01-02T08:01:34.068552,5.82,normal_success,,False
P0000642,O0000642,C000003,M0007,338.9,INR,NETBANKING,BANK_D,2026-01-02T10:50:42.307379,SYNTHETIC,CAPTURED,SUCCESS,2026-01-02T10:50:50.959297,8.65,normal_success,,False
P0000643,O0000643,C000655,M0007,1183.48,INR,WALLET,BANK_D,2026-01-02T09:52:29.585351,SYNTHETIC,CAPTURED,SUCCESS,2026-01-02T09:52:33.367415,3.78,normal_success,,False
P0000644,O0000644,C000920,M0019,3585.94,INR,NETBANKING,BANK_E,2026-01-02T18:37:16.357654,SYNTHETIC,CAPTURED,SUCCESS,2026-01-02T18:37:24.943118,8.59,normal_success,,False
P0000645,O0000645,C002254,M0000,111.45,INR,CARD,BANK_B,2026-01-01T23:43:56.730789,SYNTHETIC,CAPTURED,SUCCESS,2026-01-01T23:44:02.233615,5.5,normal_success,,False
P0000646,O0000646,C002334,M0012,781.24,INR,CARD,BANK_E,2026-01-02T05:23:29.398162,SYNTHETIC,CAPTURED,SUCCESS,2026-01-02T05:23:38.617048,9.22,normal_success,,False
P0000647,O0000647,C000018,M0008,1046.54,INR,NETBANKING,BANK_B,2026-01-02T02:42:52.789526,SYNTHETIC,CAPTURED,SUCCESS,2026-01-02T02:43:01.138962,8.35,normal_success,,False
P0000648,O0000648,C003501,M0023,5201.99,INR,NETBANKING,BANK_B,2026-01-02T19:16:18.510020,SYNTHETIC,CAPTURED,SUCCESS,2026-01-02T19:16:22.930319,4.42,normal_success,,False
P0000649,O0000649,C003330,M0001,827.31,INR,NETBANKING,BANK_A,2026-01-01T11:43:57.029290,SYNTHETIC,CAPTURED,SUCCESS,2026-01-01T11:44:05.293127,8.26,normal_success,,False
P0000650,O0000650,C001770,M0000,442.55,INR,WALLET,BANK_B,2026-01-02T16:51:08.493826,SYNTHETIC,CAPTURED,SUCCESS,2026-01-02T16:52:59.138689,110.64,late_capture,,False
P0000651,O0000651,C002158,M0006,300.36,INR,CARD,BANK_A,2026-01-02T13:54:28.113906,SYNTHETIC,CAPTURED,SUCCESS,2026-01-02T13:54:33.771556,5.66,normal_success,,False
P0000652,O0000652,C000699,M0015,1105.85,INR,CARD,BANK_A,2026-01-02T18:17:21.726117,SYNTHETIC,FAILED,FAILED,2026-01-02T18:17:27.946923,6.22,genuine_failure,,False
P0000653,O0000653,C002295,M0021,1716.79,INR,NETBANKING,BANK_E,2026-01-02T03:00:56.217268,SYNTHETIC,CAPTURED,SUCCESS,2026-01-02T03:01:02.780364,6.56,normal_success,,False
P0000654,O0000654,C002268,M0021,1167.28,INR,NETBANKING,BANK_B,2026-01-02T15:36:40.767045,SYNTHETIC,CAPTURED,SUCCESS,2026-01-02T15:36:44.110639,3.34,normal_success,,True
P0000655,O0000655,C003461,M0014,2124.21,INR,NETBANKING,BANK_A,2026-01-01T21:09:03.148853,SYNTHETIC,CAPTURED,SUCCESS,2026-01-01T21:09:08.380546,5.23,normal_success,,False
P0000656,O0000656,C001961,M0017,197.78,INR,UPI,BANK_E,2026-01-02T06:47:34.780924,SYNTHETIC,CAPTURED,SUCCESS,2026-01-02T06:47:42.935193,8.15,normal_success,,False
P0000657,O0000657,C001737,M0000,681.92,INR,CARD,BANK_B,2026-01-02T17:36:06.575907,SYNTHETIC,CAPTURED,SUCCESS,2026-01-02T17:36:14.407406,7.83,normal_success,,False
P0000658,O0000658,C001226,M0013,1475.87,INR,UPI,BANK_C,2026-01-02T14:28:21.706282,SYNTHETIC,CAPTURED,SUCCESS,2026-01-02T14:28:26.239960,4.53,normal_success,,False
P0000659,O0000659,C000691,M0017,523.66,INR,NETBANKING,BANK_C,2026-01-02T19:42:48.989149,SYNTHETIC,CAPTURED,SUCCESS,2026-01-02T19:42:53.881880,4.89,normal_success,,True
P0000660,O0000660,C001895,M0004,931.48,INR,CARD,BANK_A,2026-01-02T18:30:22.201300,SYNTHETIC,CAPTURED,SUCCESS,2026-01-02T18:30:28.768870,6.57,normal_success,,False
P0000661,O0000661,C001237,M0021,446.94,INR,NETBANKING,BANK_A,2026-01-02T13:38:55.349627,SYNTHETIC,CAPTURED,SUCCESS,2026-01-02T13:39:00.900087,5.55,normal_success,,False
P0000662,O0000662,C001128,M0010,172.75,INR,WALLET,BANK_A,2026-01-02T14:28:46.141836,SYNTHETIC,CAPTURED,SUCCESS,2026-01-02T14:28:54.221081,8.08,normal_success,,False
P0000663,O0000663,C000540,M0011,1005.7,INR,NETBANKING,BANK_A,2026-01-02T05:05:45.604226,SYNTHETIC,FAILED,FAILED,2026-01-02T05:05:50.081102,4.48,genuine_failure,,False
P0000664,O0000664,C003763,M0004,1228.44,INR,CARD,BANK_E,2026-01-01T15:00:14.816833,SYNTHETIC,CAPTURED,SUCCESS,2026-01-01T15:00:22.853708,8.04,normal_success,,False
P0000665,O0000665,C000099,M0019,1468.52,INR,CARD,BANK_E,2026-01-02T11:28:12.523802,SYNTHETIC,CAPTURED,SUCCESS,2026-01-02T11:32:27.198705,254.67,late_capture,,False
P0000666,O0000666,C002565,M0012,1748.22,INR,CARD,BANK_B,2026-01-02T12:38:54.557592,SYNTHETIC,CAPTURED,SUCCESS,2026-01-02T12:38:58.419549,3.86,normal_success,,False
P0000667,O0000667,C001015,M0017,399.77,INR,UPI,BANK_C,2026-01-02T15:56:30.126125,SYNTHETIC,CAPTURED,SUCCESS,2026-01-02T15:56:39.768200,9.64,normal_success,,False
P0000668,O0000668,C000278,M0019,249.74,INR,WALLET,BANK_C,2026-01-01T03:16:59.006531,SYNTHETIC,CAPTURED,SUCCESS,2026-01-01T03:17:03.579671,4.57,normal_success,,False
P0000669,O0000669,C002484,M0011,253.51,INR,UPI,BANK_E,2026-01-01T18:49:50.345414,SYNTHETIC,CAPTURED,SUCCESS,2026-01-01T18:49:53.150254,2.8,normal_success,,False
P0000670,O0000670,C003681,M0005,989.73,INR,WALLET,BANK_E,2026-01-02T19:51:18.904544,SYNTHETIC,CAPTURED,SUCCESS,2026-01-02T19:51:24.160915,5.26,normal_success,,False
P0000671,O0000671,C003458,M0006,271.85,INR,NETBANKING,BANK_A,2026-01-02T19:39:46.851706,SYNTHETIC,CAPTURED,SUCCESS,2026-01-02T19:39:50.986875,4.14,normal_success,,False
P0000672,O0000672,C003690,M0015,622.24,INR,WALLET,BANK_E,2026-01-01T23:32:50.599733,SYNTHETIC,CAPTURED,SUCCESS,2026-01-01T23:33:00.264313,9.66,normal_success,,False
P0000673,O0000673,C001607,M0024,2847.59,INR,WALLET,BANK_C,2026-01-02T20:32:12.711704,SYNTHETIC,CAPTURED,SUCCESS,2026-01-02T20:37:20.383376,307.67,late_capture,,False
P0000674,O0000674,C002387,M0009,1069.18,INR,NETBANKING,BANK_E,2026-01-01T06:44:57.080063,SYNTHETIC,CAPTURED,SUCCESS,2026-01-01T06:45:03.074612,5.99,normal_success,,False
P0000675,O0000675,C002775,M0004,143.03,INR,NETBANKING,BANK_E,2026-01-02T09:35:19.949388,SYNTHETIC,CAPTURED,SUCCESS,2026-01-02T09:35:27.844020,7.89,normal_success,,False
P0000676,O0000676,C000300,M0004,952.53,INR,NETBANKING,BANK_E,2026-01-01T09:43:29.548454,SYNTHETIC,CAPTURED,SUCCESS,2026-01-01T09:43:34.527760,4.98,normal_success,,False
P0000677,O0000677,C000295,M0004,1394.35,INR,WALLET,BANK_D,2026-01-02T15:13:51.526814,SYNTHETIC,FAILED,FAILED,2026-01-02T15:13:58.727780,7.2,genuine_failure,,False
P0000678,O0000678,C003228,M0017,573.21,INR,UPI,BANK_A,2026-01-01T11:29:24.532308,SYNTHETIC,CAPTURED,SUCCESS,2026-01-01T11:29:32.055423,7.52,normal_success,,False
P0000679,O0000679,C003021,M0012,2879.49,INR,UPI,BANK_C,2026-01-01T19:25:22.558762,SYNTHETIC,CAPTURED,SUCCESS,2026-01-01T19:25:27.527090,4.97,normal_success,,False
P0000680,O0000680,C001815,M0006,150.41,INR,UPI,BANK_E,2026-01-02T17:26:03.694684,SYNTHETIC,CAPTURED,SUCCESS,2026-01-02T17:26:10.849125,7.15,normal_success,,False
P0000681,O0000681,C003925,M0023,571.78,INR,NETBANKING,BANK_E,2026-01-02T15:19:29.475698,SYNTHETIC,CAPTURED,SUCCESS,2026-01-02T15:19:40.125472,10.65,normal_success,,False
P0000682,O0000682,C001345,M0021,1766.86,INR,UPI,BANK_A,2026-01-02T05:00:06.131764,SYNTHETIC,CAPTURED,SUCCESS,2026-01-02T05:00:13.291086,7.16,normal_success,,True
P0000683,O0000683,C003093,M0009,190.03,INR,CARD,BANK_E,2026-01-01T10:06:54.068209,SYNTHETIC,CAPTURED,SUCCESS,2026-01-01T10:07:01.419764,7.35,normal_success,,False
P0000684,O0000684,C000714,M0015,457.81,INR,UPI,BANK_B,2026-01-01T09:43:19.906648,SYNTHETIC,CAPTURED,SUCCESS,2026-01-01T09:43:28.382141,8.48,normal_success,,False
P0000685,O0000685,C000396,M0010,1432.81,INR,CARD,BANK_D,2026-01-01T19:18:22.133156,SYNTHETIC,CAPTURED,SUCCESS,2026-01-01T19:18:25.185997,3.05,normal_success,,False
P0000686,O0000686,C000407,M0023,270.69,INR,WALLET,BANK_E,2026-01-02T10:59:19.552284,SYNTHETIC,CAPTURED,SUCCESS,2026-01-02T10:59:26.409642,6.86,normal_success,,False
P0000687,O0000687,C000506,M0019,405.56,INR,CARD,BANK_B,2026-01-02T10:42:52.434671,SYNTHETIC,CAPTURED,SUCCESS,2026-01-02T10:42:59.446569,7.01,normal_success,,True
P0000688,O0000688,C000432,M0007,776.73,INR,UPI,BANK_E,2026-01-01T23:33:10.520185,SYNTHETIC,CAPTURED,SUCCESS,2026-01-01T23:33:19.000597,8.48,normal_success,,False
P0000689,O0000689,C000561,M0021,534.94,INR,UPI,BANK_B,2026-01-02T00:19:28.876257,SYNTHETIC,CAPTURED,SUCCESS,2026-01-02T00:19:34.720196,5.84,normal_success,,False
P0000690,O0000690,C002891,M0002,298.3,INR,CARD,BANK_A,2026-01-01T04:12:44.440387,SYNTHETIC,CAPTURED,SUCCESS,2026-01-01T04:12:49.153479,4.71,normal_success,,False
P0000691,O0000691,C000158,M0019,876.79,INR,CARD,BANK_A,2026-01-01T02:47:58.977422,SYNTHETIC,CAPTURED,SUCCESS,2026-01-01T02:48:02.727959,3.75,normal_success,INC0001,False
P0000692,O0000692,C000892,M0003,593.75,INR,WALLET,BANK_D,2026-01-01T01:42:00.913551,SYNTHETIC,CAPTURED,SUCCESS,2026-01-01T01:42:05.717548,4.8,normal_success,,False
P0000693,O0000693,C001363,M0017,2537.07,INR,CARD,BANK_A,2026-01-02T16:21:53.064339,SYNTHETIC,CAPTURED,SUCCESS,2026-01-02T16:22:50.112282,57.05,late_capture,,False
P0000694,O0000694,C000500,M0024,5245.34,INR,CARD,BANK_B,2026-01-01T13:43:50.821380,SYNTHETIC,CAPTURED,SUCCESS,2026-01-01T13:43:57.024798,6.2,normal_success,,False
P0000695,O0000695,C002134,M0016,261.96,INR,CARD,BANK_E,2026-01-01T16:28:16.815739,SYNTHETIC,CAPTURED,SUCCESS,2026-01-01T16:28:24.842390,8.03,normal_success,,False
P0000696,O0000696,C000099,M0022,781.89,INR,NETBANKING,BANK_E,2026-01-01T15:49:11.213079,SYNTHETIC,CAPTURED,SUCCESS,2026-01-01T15:49:21.197908,9.98,normal_success,,False
P0000697,O0000697,C001796,M0011,614.59,INR,NETBANKING,BANK_C,2026-01-02T19:03:55.594319,SYNTHETIC,FAILED,FAILED,2026-01-02T19:04:01.235748,5.64,genuine_failure,,False
P0000698,O0000698,C002888,M0004,257.88,INR,WALLET,BANK_D,2026-01-02T16:14:26.608127,SYNTHETIC,CAPTURED,SUCCESS,2026-01-02T16:14:33.678940,7.07,normal_success,,False
P0000699,O0000699,C000551,M0019,44.0,INR,CARD,BANK_C,2026-01-02T05:41:08.586227,SYNTHETIC,CAPTURED,SUCCESS,2026-01-02T05:41:13.218741,4.63,normal_success,,False
P0000700,O0000700,C000146,M0015,29.04,INR,CARD,BANK_C,2026-01-01T14:35:55.944658,SYNTHETIC,CAPTURED,SUCCESS,2026-01-01T14:36:04.202645,8.26,normal_success,,False
P0000701,O0000701,C001480,M0016,321.11,INR,CARD,BANK_B,2026-01-02T22:49:42.653378,SYNTHETIC,CAPTURED,SUCCESS,2026-01-02T22:49:49.741341,7.09,normal_success,,True
P0000702,O0000702,C000576,M0011,428.38,INR,WALLET,BANK_C,2026-01-01T08:41:21.182784,SYNTHETIC,CAPTURED,SUCCESS,2026-01-01T08:41:26.870474,5.69,normal_success,,False
P0000703,O0000703,C001922,M0011,373.08,INR,WALLET,BANK_C,2026-01-01T00:44:57.375414,SYNTHETIC,CAPTURED,SUCCESS,2026-01-01T00:45:04.152897,6.78,normal_success,,False
P0000704,O0000704,C003124,M0010,568.16,INR,NETBANKING,BANK_C,2026-01-02T10:47:47.208166,SYNTHETIC,CAPTURED,SUCCESS,2026-01-02T10:50:24.430010,157.22,late_capture,,False
P0000705,O0000705,C002408,M0004,1502.18,INR,UPI,BANK_D,2026-01-01T20:13:02.278263,SYNTHETIC,CAPTURED,SUCCESS,2026-01-01T20:13:08.486575,6.21,normal_success,,False
P0000706,O0000706,C002514,M0020,444.53,INR,NETBANKING,BANK_E,2026-01-02T02:31:30.864809,SYNTHETIC,CAPTURED,SUCCESS,2026-01-02T02:31:34.168214,3.3,normal_success,,False
P0000707,O0000707,C002382,M0000,1721.87,INR,WALLET,BANK_E,2026-01-01T22:49:52.762297,SYNTHETIC,CAPTURED,SUCCESS,2026-01-01T22:49:59.576651,6.81,normal_success,,False
P0000708,O0000708,C000876,M0009,256.6,INR,NETBANKING,BANK_B,2026-01-02T19:30:58.602524,SYNTHETIC,CAPTURED,SUCCESS,2026-01-02T19:31:05.029303,6.43,normal_success,,False
P0000709,O0000709,C002060,M0004,176.47,INR,CARD,BANK_C,2026-01-02T16:51:21.936291,SYNTHETIC,CAPTURED,SUCCESS,2026-01-02T16:51:27.043760,5.11,normal_success,,True
P0000710,O0000710,C002375,M0006,382.18,INR,UPI,BANK_D,2026-01-01T10:39:17.793291,SYNTHETIC,CAPTURED,SUCCESS,2026-01-01T10:39:21.272678,3.48,normal_success,,False
P0000711,O0000711,C001168,M0008,1551.3,INR,NETBANKING,BANK_B,2026-01-01T17:35:54.797848,SYNTHETIC,CAPTURED,SUCCESS,2026-01-01T17:36:02.473533,7.68,normal_success,,False
P0000712,O0000712,C003066,M0020,616.93,INR,UPI,BANK_B,2026-01-01T04:34:08.613821,SYNTHETIC,CAPTURED,SUCCESS,2026-01-01T04:34:16.186804,7.57,normal_success,,False
P0000713,O0000713,C000382,M0002,1462.87,INR,UPI,BANK_E,2026-01-02T05:28:31.356918,SYNTHETIC,CAPTURED,SUCCESS,2026-01-02T05:28:38.496466,7.14,normal_success,,True
P0000714,O0000714,C003004,M0011,121.63,INR,UPI,BANK_C,2026-01-02T01:28:56.609069,SYNTHETIC,CAPTURED,SUCCESS,2026-01-02T01:29:01.562405,4.95,normal_success,,False
P0000715,O0000715,C001090,M0011,3435.97,INR,WALLET,BANK_D,2026-01-01T11:10:50.269414,SYNTHETIC,CAPTURED,SUCCESS,2026-01-01T11:10:54.861292,4.59,normal_success,,False
P0000716,O0000716,C000028,M0003,149.03,INR,NETBANKING,BANK_B,2026-01-02T08:09:26.289701,SYNTHETIC,CAPTURED,SUCCESS,2026-01-02T08:09:33.706041,7.42,normal_success,,False
P0000717,O0000717,C000997,M0022,596.79,INR,CARD,BANK_A,2026-01-02T23:27:40.324991,SYNTHETIC,CAPTURED,SUCCESS,2026-01-02T23:27:46.423943,6.1,normal_success,,False
P0000718,O0000718,C002588,M0010,800.36,INR,CARD,BANK_C,2026-01-01T07:55:51.403684,SYNTHETIC,CAPTURED,SUCCESS,2026-01-01T07:55:56.143580,4.74,normal_success,,False
P0000719,O0000719,C003533,M0013,602.42,INR,UPI,BANK_E,2026-01-02T08:37:11.085668,SYNTHETIC,CAPTURED,SUCCESS,2026-01-02T08:37:15.585662,4.5,normal_success,,False
P0000720,O0000720,C002534,M0013,1501.76,INR,CARD,BANK_D,2026-01-02T00:38:47.415913,SYNTHETIC,CAPTURED,SUCCESS,2026-01-02T00:38:50.119892,2.7,normal_success,,False
P0000721,O0000721,C002405,M0006,1471.86,INR,CARD,BANK_B,2026-01-02T10:33:43.777047,SYNTHETIC,CAPTURED,SUCCESS,2026-01-02T10:33:54.688332,10.91,normal_success,,False
P0000722,O0000722,C002465,M0002,968.6,INR,WALLET,BANK_E,2026-01-02T17:33:03.246738,SYNTHETIC,CAPTURED,SUCCESS,2026-01-02T17:39:25.554053,382.31,late_capture,,False
P0000723,O0000723,C000477,M0000,47.09,INR,CARD,BANK_A,2026-01-02T07:58:18.483402,SYNTHETIC,CAPTURED,SUCCESS,2026-01-02T07:58:26.520152,8.04,normal_success,,False
P0000724,O0000724,C003501,M0007,79.77,INR,CARD,BANK_A,2026-01-02T18:05:51.276217,SYNTHETIC,CAPTURED,SUCCESS,2026-01-02T18:05:56.986557,5.71,normal_success,,False
P0000725,O0000725,C001990,M0018,760.23,INR,UPI,BANK_D,2026-01-02T08:47:47.233813,SYNTHETIC,CAPTURED,SUCCESS,2026-01-02T08:47:52.612792,5.38,normal_success,,False
P0000726,O0000726,C002899,M0002,1694.08,INR,NETBANKING,BANK_E,2026-01-01T11:25:45.475772,SYNTHETIC,CAPTURED,SUCCESS,2026-01-01T11:25:51.959833,6.48,normal_success,,False
P0000727,O0000727,C001761,M0003,248.4,INR,WALLET,BANK_A,2026-01-02T01:44:23.534569,SYNTHETIC,CAPTURED,SUCCESS,2026-01-02T01:44:30.251821,6.72,normal_success,,False
P0000728,O0000728,C001964,M0008,593.87,INR,CARD,BANK_A,2026-01-02T00:02:58.765352,SYNTHETIC,CAPTURED,SUCCESS,2026-01-02T00:03:02.674545,3.91,normal_success,,False
P0000729,O0000729,C000256,M0022,154.33,INR,UPI,BANK_E,2026-01-02T03:16:17.861638,SYNTHETIC,FAILED,FAILED,2026-01-02T03:16:20.023387,2.16,genuine_failure,,False
P0000730,O0000730,C003087,M0019,371.82,INR,CARD,BANK_D,2026-01-02T21:29:41.263161,SYNTHETIC,FAILED,FAILED,2026-01-02T21:29:43.668644,2.41,genuine_failure,,False
P0000731,O0000731,C001848,M0014,851.05,INR,NETBANKING,BANK_A,2026-01-02T10:22:06.017878,SYNTHETIC,FAILED,FAILED,2026-01-02T10:22:12.179920,6.16,genuine_failure,,False
P0000732,O0000732,C002255,M0001,79.09,INR,WALLET,BANK_D,2026-01-02T07:02:06.583818,SYNTHETIC,CAPTURED,SUCCESS,2026-01-02T07:02:11.366611,4.78,normal_success,,False
P0000733,O0000733,C001582,M0000,459.51,INR,UPI,BANK_C,2026-01-02T07:36:16.801654,SYNTHETIC,CAPTURED,SUCCESS,2026-01-02T07:40:49.059071,272.26,late_capture,,False
P0000734,O0000734,C000081,M0022,459.79,INR,CARD,BANK_B,2026-01-01T19:34:12.129680,SYNTHETIC,FAILED,FAILED,2026-01-01T19:34:19.449412,7.32,genuine_failure,,False
P0000735,O0000735,C000241,M0014,2154.97,INR,CARD,BANK_E,2026-01-01T12:54:45.114110,SYNTHETIC,CAPTURED,SUCCESS,2026-01-01T12:54:54.070347,8.96,normal_success,,False
P0000736,O0000736,C000482,M0006,174.3,INR,WALLET,BANK_B,2026-01-01T19:18:27.313005,SYNTHETIC,CAPTURED,SUCCESS,2026-01-01T19:18:31.501695,4.19,normal_success,,False
P0000737,O0000737,C001556,M0004,574.17,INR,WALLET,BANK_B,2026-01-01T06:10:14.936332,SYNTHETIC,CAPTURED,SUCCESS,2026-01-01T06:10:22.594383,7.66,normal_success,,False
P0000738,O0000738,C003675,M0023,1990.4,INR,NETBANKING,BANK_A,2026-01-01T01:12:09.996403,SYNTHETIC,CAPTURED,SUCCESS,2026-01-01T01:12:15.595732,5.6,normal_success,,False
P0000739,O0000739,C001745,M0005,1218.19,INR,WALLET,BANK_D,2026-01-02T21:53:37.819515,SYNTHETIC,CAPTURED,SUCCESS,2026-01-02T21:53:48.413772,10.59,normal_success,,False
P0000740,O0000740,C002693,M0020,971.11,INR,WALLET,BANK_C,2026-01-01T15:52:39.908787,SYNTHETIC,CAPTURED,SUCCESS,2026-01-01T15:52:46.373635,6.46,normal_success,,False
P0000741,O0000741,C000890,M0016,398.32,INR,CARD,BANK_D,2026-01-01T05:05:46.128378,SYNTHETIC,CAPTURED,SUCCESS,2026-01-01T05:05:52.983603,6.86,normal_success,,False
P0000742,O0000742,C003953,M0008,1902.05,INR,CARD,BANK_D,2026-01-01T08:42:44.612088,SYNTHETIC,CAPTURED,SUCCESS,2026-01-01T08:42:50.230904,5.62,normal_success,,True
P0000743,O0000743,C000451,M0002,2288.96,INR,UPI,BANK_A,2026-01-01T19:09:56.826620,SYNTHETIC,CAPTURED,SUCCESS,2026-01-01T19:09:59.803481,2.98,normal_success,,False
P0000744,O0000744,C002474,M0006,248.95,INR,WALLET,BANK_B,2026-01-02T14:14:38.984605,SYNTHETIC,CAPTURED,SUCCESS,2026-01-02T14:14:46.560704,7.58,normal_success,,False
P0000745,O0000745,C003735,M0019,2514.13,INR,CARD,BANK_E,2026-01-02T22:03:47.231844,SYNTHETIC,CAPTURED,SUCCESS,2026-01-02T22:08:19.957134,272.73,late_capture,,False
P0000746,O0000746,C000836,M0001,431.89,INR,UPI,BANK_A,2026-01-01T09:53:18.591346,SYNTHETIC,CAPTURED,SUCCESS,2026-01-01T09:53:23.707778,5.12,normal_success,,False
P0000747,O0000747,C003594,M0013,243.47,INR,NETBANKING,BANK_D,2026-01-01T06:01:21.959219,SYNTHETIC,CAPTURED,SUCCESS,2026-01-01T06:01:28.862054,6.9,normal_success,,False
P0000748,O0000748,C001485,M0000,375.31,INR,CARD,BANK_D,2026-01-02T11:56:47.180303,SYNTHETIC,CAPTURED,SUCCESS,2026-01-02T11:58:40.288122,113.11,late_capture,,False
P0000749,O0000749,C003791,M0021,2468.0,INR,UPI,BANK_B,2026-01-01T11:00:11.327643,SYNTHETIC,CAPTURED,SUCCESS,2026-01-01T11:00:17.060045,5.73,normal_success,,True
P0000750,O0000750,C002946,M0023,1464.42,INR,UPI,BANK_E,2026-01-02T22:25:16.678071,SYNTHETIC,CAPTURED,SUCCESS,2026-01-02T22:25:26.763860,10.09,normal_success,,False
P0000751,O0000751,C002506,M0022,3012.9,INR,UPI,BANK_C,2026-01-01T04:55:17.402704,SYNTHETIC,CAPTURED,SUCCESS,2026-01-01T04:55:20.375089,2.97,normal_success,,False
P0000752,O0000752,C003793,M0005,1970.52,INR,WALLET,BANK_E,2026-01-01T11:42:28.760787,SYNTHETIC,CAPTURED,SUCCESS,2026-01-01T11:42:36.066910,7.31,normal_success,,False
P0000753,O0000753,C001798,M0014,4166.65,INR,WALLET,BANK_A,2026-01-01T07:15:07.889787,SYNTHETIC,CAPTURED,SUCCESS,2026-01-01T07:15:15.589690,7.7,normal_success,,False
P0000754,O0000754,C002139,M0001,2176.47,INR,UPI,BANK_A,2026-01-01T21:36:20.668770,SYNTHETIC,CAPTURED,SUCCESS,2026-01-01T21:36:28.573397,7.9,normal_success,,False
P0000755,O0000755,C003729,M0011,554.4,INR,UPI,BANK_A,2026-01-01T17:01:22.611786,SYNTHETIC,CAPTURED,SUCCESS,2026-01-01T17:01:29.343277,6.73,normal_success,,False
P0000756,O0000756,C000846,M0001,1066.48,INR,UPI,BANK_A,2026-01-02T08:09:00.792430,SYNTHETIC,CAPTURED,SUCCESS,2026-01-02T08:09:07.187182,6.39,normal_success,,False
P0000757,O0000757,C002058,M0004,299.64,INR,UPI,BANK_D,2026-01-02T05:56:00.839244,SYNTHETIC,CAPTURED,SUCCESS,2026-01-02T05:56:03.954014,3.11,normal_success,,True
P0000758,O0000758,C001550,M0024,1667.63,INR,WALLET,BANK_D,2026-01-01T19:44:47.153587,SYNTHETIC,CAPTURED,SUCCESS,2026-01-01T19:44:55.347744,8.19,normal_success,,False
P0000759,O0000759,C001525,M0018,210.49,INR,UPI,BANK_B,2026-01-01T10:49:57.879930,SYNTHETIC,CAPTURED,SUCCESS,2026-01-01T10:50:02.178866,4.3,normal_success,,False
P0000760,O0000760,C003697,M0018,830.86,INR,WALLET,BANK_D,2026-01-01T23:15:56.002912,SYNTHETIC,CAPTURED,SUCCESS,2026-01-01T23:16:02.673593,6.67,normal_success,,True
P0000761,O0000761,C002690,M0011,410.72,INR,UPI,BANK_B,2026-01-02T07:56:10.988548,SYNTHETIC,CAPTURED,SUCCESS,2026-01-02T07:56:20.193394,9.2,normal_success,,False
P0000762,O0000762,C003159,M0024,594.82,INR,WALLET,BANK_A,2026-01-02T07:14:12.982386,SYNTHETIC,CAPTURED,SUCCESS,2026-01-02T07:14:15.802741,2.82,normal_success,,False
P0000763,O0000763,C000128,M0008,200.08,INR,NETBANKING,BANK_C,2026-01-01T13:48:43.708327,SYNTHETIC,CAPTURED,SUCCESS,2026-01-01T13:48:49.808708,6.1,normal_success,,False
P0000764,O0000764,C002626,M0006,5201.69,INR,CARD,BANK_B,2026-01-01T01:05:04.235959,SYNTHETIC,CAPTURED,SUCCESS,2026-01-01T01:07:14.197689,129.96,late_capture,,False
P0000765,O0000765,C000164,M0003,730.26,INR,CARD,BANK_E,2026-01-01T14:18:24.016830,SYNTHETIC,CAPTURED,SUCCESS,2026-01-01T14:18:28.659187,4.64,normal_success,,False
P0000766,O0000766,C001284,M0013,1049.92,INR,NETBANKING,BANK_A,2026-01-02T23:46:23.445359,SYNTHETIC,CAPTURED,SUCCESS,2026-01-02T23:46:29.527590,6.08,normal_success,,False
P0000767,O0000767,C001260,M0021,243.74,INR,CARD,BANK_A,2026-01-01T13:28:46.220792,SYNTHETIC,FAILED,FAILED,2026-01-01T13:28:53.157399,6.94,genuine_failure,,False
P0000768,O0000768,C003484,M0006,217.63,INR,CARD,BANK_E,2026-01-02T03:53:16.758434,SYNTHETIC,CAPTURED,SUCCESS,2026-01-02T03:53:19.273502,2.52,normal_success,,False
P0000769,O0000769,C003943,M0011,1432.88,INR,WALLET,BANK_B,2026-01-01T17:18:35.676648,SYNTHETIC,CAPTURED,SUCCESS,2026-01-01T17:18:44.526381,8.85,normal_success,,False
P0000770,O0000770,C001593,M0019,4162.04,INR,CARD,BANK_E,2026-01-02T08:15:14.929566,SYNTHETIC,CAPTURED,SUCCESS,2026-01-02T08:15:23.365656,8.44,normal_success,,False
P0000771,O0000771,C003293,M0013,1681.48,INR,NETBANKING,BANK_B,2026-01-01T06:30:44.328769,SYNTHETIC,CAPTURED,SUCCESS,2026-01-01T06:30:51.203911,6.88,normal_success,,True
P0000772,O0000772,C000742,M0002,803.99,INR,NETBANKING,BANK_C,2026-01-01T02:26:42.828497,SYNTHETIC,CAPTURED,SUCCESS,2026-01-01T02:26:50.413331,7.58,normal_success,INC0001,False
P0000773,O0000773,C001418,M0005,86.77,INR,NETBANKING,BANK_B,2026-01-01T21:54:22.271132,SYNTHETIC,CAPTURED,SUCCESS,2026-01-01T21:54:30.001781,7.73,normal_success,,False
P0000774,O0000774,C003660,M0023,138.44,INR,CARD,BANK_D,2026-01-01T17:30:29.502399,SYNTHETIC,CAPTURED,SUCCESS,2026-01-01T17:30:33.274839,3.77,normal_success,,True
P0000775,O0000775,C000289,M0011,447.39,INR,WALLET,BANK_B,2026-01-02T23:50:39.696814,SYNTHETIC,CAPTURED,SUCCESS,2026-01-02T23:50:47.295014,7.6,normal_success,,False
P0000776,O0000776,C002620,M0011,804.66,INR,CARD,BANK_B,2026-01-02T04:24:54.548696,SYNTHETIC,CAPTURED,SUCCESS,2026-01-02T04:30:30.269938,335.72,late_capture,,False
P0000777,O0000777,C003696,M0020,217.19,INR,UPI,BANK_A,2026-01-01T09:21:40.618178,SYNTHETIC,CAPTURED,SUCCESS,2026-01-01T09:21:46.657537,6.04,normal_success,,False
P0000778,O0000778,C003998,M0022,3963.93,INR,WALLET,BANK_A,2026-01-02T12:43:18.985665,SYNTHETIC,CAPTURED,SUCCESS,2026-01-02T12:43:24.724875,5.74,normal_success,,False
P0000779,O0000779,C001220,M0012,93.68,INR,UPI,BANK_E,2026-01-02T21:26:16.457095,SYNTHETIC,CAPTURED,SUCCESS,2026-01-02T21:26:23.269930,6.81,normal_success,,False
P0000780,O0000780,C002274,M0005,641.41,INR,UPI,BANK_E,2026-01-01T16:43:12.914945,SYNTHETIC,CAPTURED,SUCCESS,2026-01-01T16:43:22.870908,9.96,normal_success,,False
P0000781,O0000781,C003128,M0001,1039.45,INR,WALLET,BANK_B,2026-01-02T15:55:48.797959,SYNTHETIC,CAPTURED,SUCCESS,2026-01-02T15:55:56.337320,7.54,normal_success,,False
P0000782,O0000782,C001320,M0022,1472.0,INR,WALLET,BANK_A,2026-01-01T07:44:02.318451,SYNTHETIC,CAPTURED,SUCCESS,2026-01-01T07:44:12.132859,9.81,normal_success,,False
P0000783,O0000783,C000108,M0020,616.23,INR,NETBANKING,BANK_D,2026-01-01T10:06:05.527474,SYNTHETIC,CAPTURED,SUCCESS,2026-01-01T10:06:09.916857,4.39,normal_success,,False
P0000784,O0000784,C000147,M0013,1415.82,INR,UPI,BANK_A,2026-01-01T10:17:52.620301,SYNTHETIC,CAPTURED,SUCCESS,2026-01-01T10:17:55.610615,2.99,normal_success,,False
P0000785,O0000785,C001226,M0003,224.16,INR,WALLET,BANK_C,2026-01-01T04:30:36.397904,SYNTHETIC,CAPTURED,SUCCESS,2026-01-01T04:30:40.408110,4.01,normal_success,,False
P0000786,O0000786,C001190,M0014,244.94,INR,UPI,BANK_C,2026-01-01T09:46:19.523945,SYNTHETIC,CAPTURED,SUCCESS,2026-01-01T09:46:26.230488,6.71,normal_success,,False
P0000787,O0000787,C003629,M0021,2524.78,INR,NETBANKING,BANK_B,2026-01-01T05:33:37.869060,SYNTHETIC,CAPTURED,SUCCESS,2026-01-01T05:33:46.137513,8.27,normal_success,,True
P0000788,O0000788,C003468,M0011,262.86,INR,UPI,BANK_B,2026-01-02T09:15:21.828022,SYNTHETIC,FAILED,FAILED,2026-01-02T09:15:28.495322,6.67,genuine_failure,,False
P0000789,O0000789,C002366,M0004,695.43,INR,UPI,BANK_A,2026-01-02T02:38:58.032841,SYNTHETIC,CAPTURED,SUCCESS,2026-01-02T02:39:03.607564,5.57,normal_success,,False
P0000790,O0000790,C002975,M0022,1857.13,INR,CARD,BANK_A,2026-01-02T12:35:23.211870,SYNTHETIC,CAPTURED,SUCCESS,2026-01-02T12:41:46.368628,383.16,late_capture,,False
P0000791,O0000791,C003553,M0000,8359.56,INR,WALLET,BANK_C,2026-01-01T09:54:57.838189,SYNTHETIC,CAPTURED,SUCCESS,2026-01-01T09:55:03.965808,6.13,normal_success,,False
P0000792,O0000792,C003382,M0014,510.65,INR,NETBANKING,BANK_B,2026-01-01T13:56:30.609663,SYNTHETIC,CAPTURED,SUCCESS,2026-01-01T13:56:39.050767,8.44,normal_success,,False
P0000793,O0000793,C000998,M0016,1607.6,INR,WALLET,BANK_E,2026-01-01T02:28:53.120689,SYNTHETIC,CAPTURED,SUCCESS,2026-01-01T02:28:58.670748,5.55,normal_success,INC0001,False
P0000794,O0000794,C002102,M0003,1772.06,INR,WALLET,BANK_E,2026-01-01T16:59:39.289575,SYNTHETIC,CAPTURED,SUCCESS,2026-01-01T16:59:47.029404,7.74,normal_success,,False
P0000795,O0000795,C003377,M0005,1301.11,INR,WALLET,BANK_D,2026-01-01T03:26:18.745276,SYNTHETIC,CAPTURED,SUCCESS,2026-01-01T03:26:25.386066,6.64,normal_success,,False
P0000796,O0000796,C000771,M0016,131.94,INR,CARD,BANK_E,2026-01-02T02:31:40.312540,SYNTHETIC,CAPTURED,SUCCESS,2026-01-02T02:36:04.209739,263.9,late_capture,,False
P0000797,O0000797,C002765,M0005,1027.44,INR,WALLET,BANK_A,2026-01-02T12:36:43.337969,SYNTHETIC,CAPTURED,SUCCESS,2026-01-02T12:40:53.669842,250.33,late_capture,,False
P0000798,O0000798,C000774,M0006,1278.69,INR,CARD,BANK_B,2026-01-02T23:55:16.213976,SYNTHETIC,CAPTURED,SUCCESS,2026-01-02T23:55:23.577480,7.36,normal_success,,False
P0000799,O0000799,C002837,M0010,774.31,INR,WALLET,BANK_D,2026-01-01T04:57:06.637979,SYNTHETIC,CAPTURED,SUCCESS,2026-01-01T04:57:16.355639,9.72,normal_success,,False
P0000800,O0000800,C001638,M0012,2318.39,INR,CARD,BANK_E,2026-01-01T00:42:54.296998,SYNTHETIC,CAPTURED,SUCCESS,2026-01-01T00:42:59.831553,5.53,normal_success,,False
P0000801,O0000801,C001976,M0011,317.5,INR,WALLET,BANK_D,2026-01-02T19:42:30.902991,SYNTHETIC,CAPTURED,SUCCESS,2026-01-02T19:42:39.617077,8.71,normal_success,,False
P0000802,O0000802,C002515,M0006,334.22,INR,NETBANKING,BANK_C,2026-01-01T07:46:29.310004,SYNTHETIC,CAPTURED,SUCCESS,2026-01-01T07:46:35.221722,5.91,normal_success,,False
P0000803,O0000803,C003274,M0012,583.54,INR,UPI,BANK_D,2026-01-02T03:26:58.024250,SYNTHETIC,FAILED,FAILED,2026-01-02T03:27:03.803314,5.78,genuine_failure,,False
P0000804,O0000804,C000377,M0007,1674.88,INR,WALLET,BANK_E,2026-01-01T20:46:55.836006,SYNTHETIC,CAPTURED,SUCCESS,2026-01-01T20:47:03.429084,7.59,normal_success,,False
P0000805,O0000805,C002991,M0021,151.2,INR,UPI,BANK_E,2026-01-01T03:09:55.984898,SYNTHETIC,CAPTURED,SUCCESS,2026-01-01T03:10:02.979337,6.99,normal_success,INC0001,False
P0000806,O0000806,C003800,M0002,398.69,INR,WALLET,BANK_B,2026-01-02T13:56:26.240902,SYNTHETIC,CAPTURED,SUCCESS,2026-01-02T13:56:36.377215,10.14,normal_success,,True
P0000807,O0000807,C003495,M0006,187.26,INR,WALLET,BANK_A,2026-01-01T07:10:54.685587,SYNTHETIC,CAPTURED,SUCCESS,2026-01-01T07:11:04.841948,10.16,normal_success,,False
P0000808,O0000808,C001462,M0023,973.23,INR,WALLET,BANK_E,2026-01-01T01:05:21.374164,SYNTHETIC,CAPTURED,SUCCESS,2026-01-01T01:05:26.593010,5.22,normal_success,,False
P0000809,O0000809,C001899,M0016,85.34,INR,CARD,BANK_D,2026-01-01T10:50:27.046088,SYNTHETIC,CAPTURED,SUCCESS,2026-01-01T10:50:34.332251,7.29,normal_success,,False
P0000810,O0000810,C003943,M0012,379.24,INR,CARD,BANK_C,2026-01-01T05:38:21.279189,SYNTHETIC,CAPTURED,SUCCESS,2026-01-01T05:38:31.193294,9.91,normal_success,,False
P0000811,O0000811,C001385,M0014,1192.69,INR,CARD,BANK_A,2026-01-01T19:06:09.290808,SYNTHETIC,CAPTURED,SUCCESS,2026-01-01T19:06:16.657185,7.37,normal_success,,True
P0000812,O0000812,C003159,M0017,124.11,INR,UPI,BANK_C,2026-01-02T21:45:17.765200,SYNTHETIC,CAPTURED,SUCCESS,2026-01-02T21:45:24.224002,6.46,normal_success,,False
P0000813,O0000813,C000824,M0021,3264.04,INR,NETBANKING,BANK_E,2026-01-02T11:34:11.565792,SYNTHETIC,CAPTURED,SUCCESS,2026-01-02T11:34:16.182311,4.62,normal_success,,False
P0000814,O0000814,C002706,M0008,290.66,INR,CARD,BANK_C,2026-01-02T16:31:19.689128,SYNTHETIC,CAPTURED,SUCCESS,2026-01-02T16:31:25.819142,6.13,normal_success,,False
P0000815,O0000815,C003008,M0010,6340.76,INR,CARD,BANK_E,2026-01-02T11:42:17.170906,SYNTHETIC,CAPTURED,SUCCESS,2026-01-02T11:42:21.117599,3.95,normal_success,,True
P0000816,O0000816,C003200,M0000,208.87,INR,WALLET,BANK_A,2026-01-02T08:29:48.575881,SYNTHETIC,FAILED,FAILED,2026-01-02T08:29:55.681253,7.11,genuine_failure,,False
P0000817,O0000817,C001567,M0021,1728.07,INR,NETBANKING,BANK_C,2026-01-01T07:40:39.515537,SYNTHETIC,CAPTURED,SUCCESS,2026-01-01T07:40:44.520979,5.01,normal_success,,False
P0000818,O0000818,C000206,M0008,302.9,INR,UPI,BANK_A,2026-01-02T02:13:05.423674,SYNTHETIC,CAPTURED,SUCCESS,2026-01-02T02:13:11.117913,5.69,normal_success,,False
P0000819,O0000819,C003980,M0012,169.83,INR,CARD,BANK_E,2026-01-02T07:15:24.506837,SYNTHETIC,CAPTURED,SUCCESS,2026-01-02T07:16:47.113575,82.61,late_capture,,False
P0000820,O0000820,C002726,M0021,2343.14,INR,WALLET,BANK_E,2026-01-02T00:12:21.521777,SYNTHETIC,CAPTURED,SUCCESS,2026-01-02T00:12:25.896353,4.37,normal_success,INC0000,False
P0000821,O0000821,C000342,M0006,6144.56,INR,CARD,BANK_D,2026-01-02T12:40:16.069200,SYNTHETIC,CAPTURED,SUCCESS,2026-01-02T12:40:22.378341,6.31,normal_success,,False
P0000822,O0000822,C003843,M0005,333.7,INR,UPI,BANK_A,2026-01-02T21:17:36.048917,SYNTHETIC,CAPTURED,SUCCESS,2026-01-02T21:17:41.315241,5.27,normal_success,,False
P0000823,O0000823,C000273,M0001,494.77,INR,CARD,BANK_E,2026-01-01T17:40:08.583182,SYNTHETIC,CAPTURED,SUCCESS,2026-01-01T17:43:37.000446,208.42,late_capture,,False
P0000824,O0000824,C001865,M0007,2432.29,INR,UPI,BANK_A,2026-01-01T20:36:25.950952,SYNTHETIC,CAPTURED,SUCCESS,2026-01-01T20:36:31.087040,5.14,normal_success,,True
P0000825,O0000825,C003368,M0001,215.03,INR,UPI,BANK_C,2026-01-01T23:33:29.640965,SYNTHETIC,CAPTURED,SUCCESS,2026-01-01T23:33:38.426500,8.79,normal_success,,True
P0000826,O0000826,C002773,M0022,65.42,INR,WALLET,BANK_E,2026-01-01T16:17:40.320030,SYNTHETIC,CAPTURED,SUCCESS,2026-01-01T16:17:45.187501,4.87,normal_success,,False
P0000827,O0000827,C003900,M0001,296.18,INR,CARD,BANK_D,2026-01-01T14:07:11.069178,SYNTHETIC,CAPTURED,SUCCESS,2026-01-01T14:09:54.987547,163.92,late_capture,,False
P0000828,O0000828,C000265,M0014,416.32,INR,UPI,BANK_D,2026-01-01T05:11:33.200522,SYNTHETIC,CAPTURED,SUCCESS,2026-01-01T05:11:39.061092,5.86,normal_success,,False
P0000829,O0000829,C001302,M0003,518.32,INR,UPI,BANK_A,2026-01-01T05:43:34.363320,SYNTHETIC,FAILED,FAILED,2026-01-01T05:43:35.827211,1.46,genuine_failure,,False
P0000830,O0000830,C003551,M0014,122.33,INR,CARD,BANK_E,2026-01-01T12:08:58.370944,SYNTHETIC,CAPTURED,SUCCESS,2026-01-01T12:13:55.786663,297.42,late_capture,,False
P0000831,O0000831,C002119,M0004,233.31,INR,NETBANKING,BANK_D,2026-01-02T20:37:47.955469,SYNTHETIC,FAILED,FAILED,2026-01-02T20:37:54.196753,6.24,genuine_failure,,False
P0000832,O0000832,C001033,M0009,107.78,INR,NETBANKING,BANK_E,2026-01-02T09:57:23.036597,SYNTHETIC,CAPTURED,SUCCESS,2026-01-02T09:57:30.364521,7.33,normal_success,,False
P0000833,O0000833,C001585,M0022,693.04,INR,CARD,BANK_E,2026-01-02T07:07:27.504366,SYNTHETIC,CAPTURED,SUCCESS,2026-01-02T07:07:35.030471,7.53,normal_success,,False
P0000834,O0000834,C002974,M0002,317.05,INR,WALLET,BANK_A,2026-01-02T13:32:59.307144,SYNTHETIC,CAPTURED,SUCCESS,2026-01-02T13:33:04.785828,5.48,normal_success,,True
P0000835,O0000835,C003101,M0017,961.4,INR,UPI,BANK_B,2026-01-02T16:02:56.421566,SYNTHETIC,CAPTURED,SUCCESS,2026-01-02T16:03:02.323369,5.9,normal_success,,False
P0000836,O0000836,C002617,M0005,4156.72,INR,NETBANKING,BANK_E,2026-01-01T16:43:48.898599,SYNTHETIC,CAPTURED,SUCCESS,2026-01-01T16:43:53.159985,4.26,normal_success,,False
P0000837,O0000837,C000027,M0008,166.08,INR,NETBANKING,BANK_E,2026-01-02T18:59:42.171657,SYNTHETIC,CAPTURED,SUCCESS,2026-01-02T18:59:49.930929,7.76,normal_success,,False
P0000838,O0000838,C002865,M0004,1544.97,INR,CARD,BANK_C,2026-01-01T02:40:52.957885,SYNTHETIC,CAPTURED,SUCCESS,2026-01-01T02:40:56.494194,3.54,normal_success,INC0001,False
P0000839,O0000839,C002250,M0018,266.21,INR,UPI,BANK_C,2026-01-01T09:29:06.291635,SYNTHETIC,CAPTURED,SUCCESS,2026-01-01T09:29:10.539038,4.25,normal_success,,False
P0000840,O0000840,C001301,M0015,353.01,INR,NETBANKING,BANK_D,2026-01-01T17:21:24.831098,SYNTHETIC,CAPTURED,SUCCESS,2026-01-01T17:21:34.782398,9.95,normal_success,,False
P0000841,O0000841,C000781,M0016,4670.26,INR,UPI,BANK_B,2026-01-02T14:17:14.962732,SYNTHETIC,CAPTURED,SUCCESS,2026-01-02T14:17:20.867666,5.9,normal_success,,False
P0000842,O0000842,C000237,M0023,744.42,INR,CARD,BANK_E,2026-01-02T00:17:18.078712,SYNTHETIC,CAPTURED,SUCCESS,2026-01-02T00:17:21.212077,3.13,normal_success,INC0000,False
P0000843,O0000843,C000642,M0023,1246.59,INR,UPI,BANK_D,2026-01-01T20:58:09.511546,SYNTHETIC,CAPTURED,SUCCESS,2026-01-01T20:58:17.969911,8.46,normal_success,,True
P0000844,O0000844,C003552,M0006,364.59,INR,UPI,BANK_D,2026-01-01T07:49:41.996605,SYNTHETIC,CAPTURED,SUCCESS,2026-01-01T07:49:49.199513,7.2,normal_success,,True
P0000845,O0000845,C000633,M0022,721.34,INR,UPI,BANK_D,2026-01-02T20:02:40.411741,SYNTHETIC,CAPTURED,SUCCESS,2026-01-02T20:02:49.703223,9.29,normal_success,,False
P0000846,O0000846,C000983,M0000,637.62,INR,WALLET,BANK_A,2026-01-02T03:35:03.010721,SYNTHETIC,CAPTURED,SUCCESS,2026-01-02T03:35:09.598231,6.59,normal_success,,False
P0000847,O0000847,C003243,M0015,3752.64,INR,WALLET,BANK_C,2026-01-02T03:20:11.364871,SYNTHETIC,CAPTURED,SUCCESS,2026-01-02T03:20:20.196249,8.83,normal_success,,False
P0000848,O0000848,C002447,M0006,528.57,INR,CARD,BANK_E,2026-01-02T09:04:26.665765,SYNTHETIC,CAPTURED,SUCCESS,2026-01-02T09:04:30.086105,3.42,normal_success,,False
P0000849,O0000849,C001610,M0005,2433.53,INR,WALLET,BANK_E,2026-01-02T06:23:18.978018,SYNTHETIC,CAPTURED,SUCCESS,2026-01-02T06:23:23.330224,4.35,normal_success,,False
P0000850,O0000850,C001431,M0006,463.94,INR,WALLET,BANK_D,2026-01-01T18:48:59.609416,SYNTHETIC,CAPTURED,SUCCESS,2026-01-01T18:49:06.480165,6.87,normal_success,,False
P0000851,O0000851,C003484,M0005,676.43,INR,UPI,BANK_D,2026-01-02T11:01:46.659058,SYNTHETIC,FAILED,FAILED,2026-01-02T11:01:51.483279,4.82,genuine_failure,,False
P0000852,O0000852,C001090,M0006,1537.63,INR,CARD,BANK_D,2026-01-02T13:32:21.070765,SYNTHETIC,CAPTURED,SUCCESS,2026-01-02T13:32:30.468013,9.4,normal_success,,False
P0000853,O0000853,C001726,M0019,279.25,INR,CARD,BANK_D,2026-01-02T12:09:26.548188,SYNTHETIC,CAPTURED,SUCCESS,2026-01-02T12:09:33.832004,7.28,normal_success,,False
P0000854,O0000854,C001641,M0012,250.79,INR,CARD,BANK_E,2026-01-01T07:58:35.517973,SYNTHETIC,CAPTURED,SUCCESS,2026-01-01T07:58:41.572985,6.06,normal_success,,False
P0000855,O0000855,C000776,M0015,874.35,INR,NETBANKING,BANK_B,2026-01-01T03:04:46.401481,SYNTHETIC,CAPTURED,SUCCESS,2026-01-01T03:04:51.593744,5.19,normal_success,INC0001,False
P0000856,O0000856,C001189,M0011,5147.04,INR,WALLET,BANK_B,2026-01-02T14:22:14.943329,SYNTHETIC,CAPTURED,SUCCESS,2026-01-02T14:23:55.447276,100.5,late_capture,,False
P0000857,O0000857,C003127,M0016,577.13,INR,CARD,BANK_B,2026-01-02T11:27:59.018333,SYNTHETIC,CAPTURED,SUCCESS,2026-01-02T11:28:05.938393,6.92,normal_success,,True
P0000858,O0000858,C003140,M0013,267.16,INR,CARD,BANK_D,2026-01-01T19:58:42.290409,SYNTHETIC,CAPTURED,SUCCESS,2026-01-01T19:58:47.877418,5.59,normal_success,,False
P0000859,O0000859,C002332,M0009,759.24,INR,WALLET,BANK_B,2026-01-02T08:32:50.193425,SYNTHETIC,FAILED,FAILED,2026-01-02T08:32:52.511159,2.32,genuine_failure,,False
P0000860,O0000860,C002625,M0005,155.43,INR,CARD,BANK_C,2026-01-02T01:20:44.298606,SYNTHETIC,CAPTURED,SUCCESS,2026-01-02T01:20:52.658770,8.36,normal_success,,False
P0000861,O0000861,C000341,M0010,10159.2,INR,NETBANKING,BANK_B,2026-01-02T13:06:40.325183,SYNTHETIC,CAPTURED,SUCCESS,2026-01-02T13:06:48.239679,7.91,normal_success,,False
P0000862,O0000862,C003776,M0003,600.93,INR,CARD,BANK_A,2026-01-02T13:17:46.166551,SYNTHETIC,CAPTURED,SUCCESS,2026-01-02T13:17:50.429858,4.26,normal_success,,False
P0000863,O0000863,C002062,M0015,259.65,INR,CARD,BANK_C,2026-01-02T13:47:03.835226,SYNTHETIC,CAPTURED,SUCCESS,2026-01-02T13:47:10.390000,6.55,normal_success,,True
P0000864,O0000864,C001578,M0010,7669.83,INR,UPI,BANK_D,2026-01-01T08:33:17.438407,SYNTHETIC,CAPTURED,SUCCESS,2026-01-01T08:33:24.824488,7.39,normal_success,,False
P0000865,O0000865,C002603,M0024,1123.98,INR,WALLET,BANK_B,2026-01-01T16:57:38.877068,SYNTHETIC,CAPTURED,SUCCESS,2026-01-01T16:57:45.049998,6.17,normal_success,,False
P0000866,O0000866,C003639,M0022,930.42,INR,CARD,BANK_A,2026-01-01T15:29:58.104774,SYNTHETIC,CAPTURED,SUCCESS,2026-01-01T15:30:04.190681,6.09,normal_success,,False
P0000867,O0000867,C003427,M0018,884.54,INR,UPI,BANK_B,2026-01-01T11:03:28.496470,SYNTHETIC,CAPTURED,SUCCESS,2026-01-01T11:03:32.977025,4.48,normal_success,,False
P0000868,O0000868,C000815,M0021,1859.77,INR,NETBANKING,BANK_A,2026-01-02T09:35:15.325068,SYNTHETIC,CAPTURED,SUCCESS,2026-01-02T09:35:23.624603,8.3,normal_success,,False
P0000869,O0000869,C003796,M0009,573.28,INR,NETBANKING,BANK_B,2026-01-01T11:49:29.501474,SYNTHETIC,CAPTURED,SUCCESS,2026-01-01T11:49:36.593303,7.09,normal_success,,False
P0000870,O0000870,C002799,M0000,218.87,INR,WALLET,BANK_E,2026-01-02T13:43:29.608227,SYNTHETIC,CAPTURED,SUCCESS,2026-01-02T13:43:39.010538,9.4,normal_success,,False
P0000871,O0000871,C002899,M0003,2632.68,INR,WALLET,BANK_E,2026-01-01T13:37:01.351524,SYNTHETIC,CAPTURED,SUCCESS,2026-01-01T13:40:07.096086,185.74,late_capture,,False
P0000872,O0000872,C001080,M0008,70.24,INR,UPI,BANK_E,2026-01-02T14:02:17.758601,SYNTHETIC,CAPTURED,SUCCESS,2026-01-02T14:02:24.126774,6.37,normal_success,,False
P0000873,O0000873,C003306,M0008,306.9,INR,NETBANKING,BANK_D,2026-01-01T12:14:19.261326,SYNTHETIC,CAPTURED,SUCCESS,2026-01-01T12:14:24.535403,5.27,normal_success,,False
P0000874,O0000874,C000821,M0004,3062.27,INR,WALLET,BANK_D,2026-01-01T18:13:52.267782,SYNTHETIC,CAPTURED,SUCCESS,2026-01-01T18:14:01.010980,8.74,normal_success,,False
P0000875,O0000875,C000003,M0017,1684.74,INR,CARD,BANK_E,2026-01-01T07:03:56.046288,SYNTHETIC,CAPTURED,SUCCESS,2026-01-01T07:04:01.962233,5.92,normal_success,,False
P0000876,O0000876,C001858,M0002,860.09,INR,NETBANKING,BANK_A,2026-01-02T20:22:19.681129,SYNTHETIC,CAPTURED,SUCCESS,2026-01-02T20:22:25.478810,5.8,normal_success,,True
P0000877,O0000877,C001137,M0016,427.94,INR,CARD,BANK_E,2026-01-01T03:57:47.458462,SYNTHETIC,CAPTURED,SUCCESS,2026-01-01T03:57:56.051981,8.59,normal_success,,True
P0000878,O0000878,C000282,M0001,293.92,INR,UPI,BANK_D,2026-01-01T20:19:53.136932,SYNTHETIC,CAPTURED,SUCCESS,2026-01-01T20:19:58.487804,5.35,normal_success,,False
P0000879,O0000879,C003296,M0006,439.44,INR,CARD,BANK_C,2026-01-01T09:12:37.234622,SYNTHETIC,CAPTURED,SUCCESS,2026-01-01T09:15:47.046582,189.81,late_capture,,False
P0000880,O0000880,C002732,M0006,726.43,INR,CARD,BANK_E,2026-01-02T21:44:22.147985,SYNTHETIC,CAPTURED,SUCCESS,2026-01-02T21:44:31.421033,9.27,normal_success,,False
P0000881,O0000881,C003986,M0020,2096.79,INR,NETBANKING,BANK_C,2026-01-01T03:00:21.275222,SYNTHETIC,CAPTURED,SUCCESS,2026-01-01T03:00:27.967985,6.69,normal_success,INC0001,False
P0000882,O0000882,C001244,M0008,118.25,INR,NETBANKING,BANK_E,2026-01-02T18:58:14.992664,SYNTHETIC,CAPTURED,SUCCESS,2026-01-02T18:58:21.140286,6.15,normal_success,,False
P0000883,O0000883,C000273,M0008,1238.8,INR,UPI,BANK_B,2026-01-02T04:06:17.468299,SYNTHETIC,CAPTURED,SUCCESS,2026-01-02T04:06:25.302722,7.83,normal_success,,False
P0000884,O0000884,C003638,M0005,501.47,INR,CARD,BANK_D,2026-01-02T04:23:24.305614,SYNTHETIC,CAPTURED,SUCCESS,2026-01-02T04:23:29.393854,5.09,normal_success,,False
P0000885,O0000885,C001318,M0019,1327.19,INR,WALLET,BANK_A,2026-01-02T05:53:14.998079,SYNTHETIC,CAPTURED,SUCCESS,2026-01-02T05:53:22.555407,7.56,normal_success,,False
P0000886,O0000886,C001304,M0022,659.7,INR,UPI,BANK_C,2026-01-02T03:19:11.945528,SYNTHETIC,CAPTURED,SUCCESS,2026-01-02T03:19:19.667150,7.72,normal_success,,True
P0000887,O0000887,C003473,M0011,2707.39,INR,UPI,BANK_B,2026-01-01T06:11:50.327540,SYNTHETIC,CAPTURED,SUCCESS,2026-01-01T06:11:58.052075,7.72,normal_success,,False
P0000888,O0000888,C000500,M0005,190.69,INR,CARD,BANK_E,2026-01-02T09:12:21.868140,SYNTHETIC,CAPTURED,SUCCESS,2026-01-02T09:12:29.125365,7.26,normal_success,,False
P0000889,O0000889,C002728,M0006,605.48,INR,CARD,BANK_E,2026-01-02T15:05:40.765960,SYNTHETIC,CAPTURED,SUCCESS,2026-01-02T15:05:47.665332,6.9,normal_success,,False
P0000890,O0000890,C002523,M0003,522.88,INR,UPI,BANK_E,2026-01-01T23:18:29.793976,SYNTHETIC,CAPTURED,SUCCESS,2026-01-01T23:18:39.097239,9.3,normal_success,,False
P0000891,O0000891,C001349,M0005,214.45,INR,CARD,BANK_D,2026-01-01T17:46:26.700766,SYNTHETIC,CAPTURED,SUCCESS,2026-01-01T17:46:34.532437,7.83,normal_success,,False
P0000892,O0000892,C003821,M0017,649.37,INR,NETBANKING,BANK_B,2026-01-02T14:43:44.939009,SYNTHETIC,CAPTURED,SUCCESS,2026-01-02T14:48:19.771864,274.83,late_capture,,False
P0000893,O0000893,C002243,M0007,633.44,INR,NETBANKING,BANK_E,2026-01-01T02:11:55.429777,SYNTHETIC,CAPTURED,SUCCESS,2026-01-01T02:12:02.064560,6.63,normal_success,INC0001,False
P0000894,O0000894,C003262,M0019,90.49,INR,WALLET,BANK_C,2026-01-02T19:58:22.369247,SYNTHETIC,FAILED,FAILED,2026-01-02T19:58:26.184362,3.82,genuine_failure,,False
P0000895,O0000895,C002496,M0019,2467.05,INR,CARD,BANK_E,2026-01-02T23:50:06.765279,SYNTHETIC,CAPTURED,SUCCESS,2026-01-02T23:53:12.921753,186.16,late_capture,,False
P0000896,O0000896,C001581,M0024,1438.53,INR,NETBANKING,BANK_B,2026-01-02T07:05:11.965983,SYNTHETIC,CAPTURED,SUCCESS,2026-01-02T07:05:16.770146,4.8,normal_success,,True
P0000897,O0000897,C000458,M0014,1833.36,INR,WALLET,BANK_E,2026-01-02T19:28:38.432169,SYNTHETIC,CAPTURED,SUCCESS,2026-01-02T19:28:47.234617,8.8,normal_success,,False
P0000898,O0000898,C000810,M0024,1166.41,INR,WALLET,BANK_A,2026-01-01T02:06:05.936751,SYNTHETIC,CAPTURED,SUCCESS,2026-01-01T02:06:13.146604,7.21,normal_success,INC0001,False
P0000899,O0000899,C001078,M0000,793.96,INR,CARD,BANK_D,2026-01-01T22:43:43.561594,SYNTHETIC,CAPTURED,SUCCESS,2026-01-01T22:43:47.589597,4.03,normal_success,,False
P0000900,O0000900,C002566,M0017,5337.14,INR,UPI,BANK_A,2026-01-01T14:45:31.449135,SYNTHETIC,CAPTURED,SUCCESS,2026-01-01T14:45:36.792997,5.34,normal_success,,False
P0000901,O0000901,C002855,M0023,1825.09,INR,WALLET,BANK_B,2026-01-01T07:02:13.469511,SYNTHETIC,CAPTURED,SUCCESS,2026-01-01T07:04:11.007256,117.54,late_capture,,False
P0000902,O0000902,C000707,M0005,975.46,INR,CARD,BANK_C,2026-01-02T17:06:22.942319,SYNTHETIC,CAPTURED,SUCCESS,2026-01-02T17:06:28.589770,5.65,normal_success,,False
P0000903,O0000903,C002424,M0013,345.51,INR,NETBANKING,BANK_C,2026-01-01T17:18:26.131762,SYNTHETIC,CAPTURED,SUCCESS,2026-01-01T17:18:34.853322,8.72,normal_success,,False
P0000904,O0000904,C002109,M0009,6063.95,INR,UPI,BANK_B,2026-01-01T01:03:11.560350,SYNTHETIC,CAPTURED,SUCCESS,2026-01-01T01:03:20.411091,8.85,normal_success,,False
P0000905,O0000905,C002596,M0003,7377.14,INR,WALLET,BANK_B,2026-01-01T19:50:59.542272,SYNTHETIC,CAPTURED,SUCCESS,2026-01-01T19:51:04.227869,4.69,normal_success,,False
P0000906,O0000906,C000443,M0008,1239.47,INR,UPI,BANK_D,2026-01-01T03:10:24.579293,SYNTHETIC,CAPTURED,SUCCESS,2026-01-01T03:10:31.909241,7.33,normal_success,INC0001,False
P0000907,O0000907,C003885,M0023,2710.96,INR,UPI,BANK_D,2026-01-02T06:28:01.619208,SYNTHETIC,CAPTURED,SUCCESS,2026-01-02T06:28:09.562516,7.94,normal_success,,False
P0000908,O0000908,C003270,M0024,775.1,INR,NETBANKING,BANK_E,2026-01-01T06:49:50.727807,SYNTHETIC,CAPTURED,SUCCESS,2026-01-01T06:49:58.246718,7.52,normal_success,,False
P0000909,O0000909,C003737,M0010,321.31,INR,UPI,BANK_D,2026-01-01T09:35:54.625623,SYNTHETIC,CAPTURED,SUCCESS,2026-01-01T09:36:00.598861,5.97,normal_success,,True
P0000910,O0000910,C001650,M0015,763.24,INR,CARD,BANK_E,2026-01-02T11:25:20.225039,SYNTHETIC,CAPTURED,SUCCESS,2026-01-02T11:31:52.321840,392.1,late_capture,,False
P0000911,O0000911,C000861,M0020,1980.93,INR,NETBANKING,BANK_B,2026-01-02T00:40:08.862198,SYNTHETIC,CAPTURED,SUCCESS,2026-01-02T00:40:17.123926,8.26,normal_success,,False
P0000912,O0000912,C002971,M0000,205.93,INR,WALLET,BANK_A,2026-01-01T17:17:16.587239,SYNTHETIC,CAPTURED,SUCCESS,2026-01-01T17:22:52.048811,335.46,late_capture,,False
P0000913,O0000913,C000053,M0002,848.24,INR,WALLET,BANK_E,2026-01-02T17:39:53.794481,SYNTHETIC,CAPTURED,SUCCESS,2026-01-02T17:39:59.877874,6.08,normal_success,,False
P0000914,O0000914,C000032,M0010,231.85,INR,UPI,BANK_E,2026-01-01T16:21:14.350122,SYNTHETIC,CAPTURED,SUCCESS,2026-01-01T16:21:22.021180,7.67,normal_success,,False
P0000915,O0000915,C001929,M0017,691.14,INR,UPI,BANK_B,2026-01-01T15:17:26.497946,SYNTHETIC,CAPTURED,SUCCESS,2026-01-01T15:17:30.914679,4.42,normal_success,,False
P0000916,O0000916,C002303,M0004,2049.48,INR,UPI,BANK_A,2026-01-01T12:53:12.255974,SYNTHETIC,CAPTURED,SUCCESS,2026-01-01T12:53:20.598903,8.34,normal_success,,False
P0000917,O0000917,C000965,M0002,1634.39,INR,UPI,BANK_E,2026-01-02T21:10:51.377165,SYNTHETIC,CAPTURED,SUCCESS,2026-01-02T21:10:59.470087,8.09,normal_success,,True
P0000918,O0000918,C002180,M0024,1142.44,INR,CARD,BANK_B,2026-01-01T19:08:46.638611,SYNTHETIC,CAPTURED,SUCCESS,2026-01-01T19:08:52.624732,5.99,normal_success,,False
P0000919,O0000919,C001319,M0010,318.81,INR,UPI,BANK_B,2026-01-01T05:11:14.164277,SYNTHETIC,CAPTURED,SUCCESS,2026-01-01T05:11:21.830678,7.67,normal_success,,False
P0000920,O0000920,C002213,M0019,1280.74,INR,CARD,BANK_C,2026-01-01T05:09:14.731279,SYNTHETIC,CAPTURED,SUCCESS,2026-01-01T05:09:21.582109,6.85,normal_success,,False
P0000921,O0000921,C000412,M0001,1459.88,INR,UPI,BANK_A,2026-01-02T06:12:23.359656,SYNTHETIC,CAPTURED,SUCCESS,2026-01-02T06:12:25.680624,2.32,normal_success,,True
P0000922,O0000922,C002217,M0007,1198.28,INR,UPI,BANK_A,2026-01-01T10:16:29.041050,SYNTHETIC,CAPTURED,SUCCESS,2026-01-01T10:16:39.072487,10.03,normal_success,,True
P0000923,O0000923,C001776,M0014,495.15,INR,NETBANKING,BANK_A,2026-01-02T01:08:46.006064,SYNTHETIC,CAPTURED,SUCCESS,2026-01-02T01:08:50.812339,4.81,normal_success,,False
P0000924,O0000924,C003778,M0008,1460.7,INR,NETBANKING,BANK_B,2026-01-01T02:10:05.873231,SYNTHETIC,FAILED,FAILED,2026-01-01T02:10:08.797708,2.92,genuine_failure,INC0001,False
P0000925,O0000925,C000943,M0010,793.5,INR,NETBANKING,BANK_B,2026-01-01T11:40:34.465963,SYNTHETIC,CAPTURED,SUCCESS,2026-01-01T11:40:44.093661,9.63,normal_success,,True
P0000926,O0000926,C002338,M0010,1201.57,INR,UPI,BANK_D,2026-01-01T13:58:42.778884,SYNTHETIC,CAPTURED,SUCCESS,2026-01-01T13:58:48.700508,5.92,normal_success,,True
P0000927,O0000927,C000127,M0003,439.53,INR,NETBANKING,BANK_A,2026-01-02T21:22:42.098745,SYNTHETIC,FAILED,FAILED,2026-01-02T21:22:46.216375,4.12,genuine_failure,,False
P0000928,O0000928,C003371,M0001,662.63,INR,WALLET,BANK_A,2026-01-02T10:41:43.161340,SYNTHETIC,CAPTURED,SUCCESS,2026-01-02T10:41:49.717278,6.56,normal_success,,True
P0000929,O0000929,C002142,M0007,508.01,INR,NETBANKING,BANK_D,2026-01-01T19:56:39.232623,SYNTHETIC,CAPTURED,SUCCESS,2026-01-01T19:56:48.286712,9.05,normal_success,,True
P0000930,O0000930,C003732,M0014,1019.09,INR,CARD,BANK_A,2026-01-02T00:43:48.998973,SYNTHETIC,CAPTURED,SUCCESS,2026-01-02T00:43:54.328338,5.33,normal_success,,False
P0000931,O0000931,C003333,M0023,143.85,INR,CARD,BANK_D,2026-01-01T04:54:11.209116,SYNTHETIC,CAPTURED,SUCCESS,2026-01-01T04:54:19.751528,8.54,normal_success,,False
P0000932,O0000932,C003127,M0009,121.16,INR,WALLET,BANK_C,2026-01-02T16:25:08.071538,SYNTHETIC,CAPTURED,SUCCESS,2026-01-02T16:25:16.864745,8.79,normal_success,,False
P0000933,O0000933,C003677,M0011,1767.91,INR,CARD,BANK_B,2026-01-01T11:23:29.305740,SYNTHETIC,CAPTURED,SUCCESS,2026-01-01T11:23:37.230138,7.92,normal_success,,False
P0000934,O0000934,C002941,M0017,554.41,INR,WALLET,BANK_C,2026-01-02T05:35:51.080125,SYNTHETIC,CAPTURED,SUCCESS,2026-01-02T05:35:59.027248,7.95,normal_success,,False
P0000935,O0000935,C000432,M0011,30.5,INR,CARD,BANK_C,2026-01-02T04:23:40.903800,SYNTHETIC,CAPTURED,SUCCESS,2026-01-02T04:23:49.364883,8.46,normal_success,,False
P0000936,O0000936,C003826,M0004,210.45,INR,UPI,BANK_E,2026-01-02T20:01:56.333120,SYNTHETIC,CAPTURED,SUCCESS,2026-01-02T20:02:06.673054,10.34,normal_success,,False
P0000937,O0000937,C002328,M0018,2279.78,INR,NETBANKING,BANK_D,2026-01-02T17:01:28.751510,SYNTHETIC,CAPTURED,SUCCESS,2026-01-02T17:01:31.568465,2.82,normal_success,,False
P0000938,O0000938,C002686,M0014,1940.9,INR,UPI,BANK_D,2026-01-01T19:50:45.860618,SYNTHETIC,CAPTURED,SUCCESS,2026-01-01T19:50:54.735935,8.88,normal_success,,False
P0000939,O0000939,C002711,M0023,824.3,INR,WALLET,BANK_A,2026-01-02T22:59:22.935274,SYNTHETIC,CAPTURED,SUCCESS,2026-01-02T22:59:30.663477,7.73,normal_success,,False
P0000940,O0000940,C002324,M0010,1734.23,INR,UPI,BANK_E,2026-01-02T04:01:40.881223,SYNTHETIC,CAPTURED,SUCCESS,2026-01-02T04:01:47.690992,6.81,normal_success,,False
P0000941,O0000941,C003577,M0016,4024.52,INR,CARD,BANK_A,2026-01-01T07:32:27.963540,SYNTHETIC,CAPTURED,SUCCESS,2026-01-01T07:32:33.369198,5.41,normal_success,,False
P0000942,O0000942,C003978,M0001,187.75,INR,CARD,BANK_D,2026-01-01T23:44:19.128914,SYNTHETIC,CAPTURED,SUCCESS,2026-01-01T23:44:27.936558,8.81,normal_success,,False
P0000943,O0000943,C003032,M0006,507.48,INR,CARD,BANK_C,2026-01-01T10:46:07.410704,SYNTHETIC,CAPTURED,SUCCESS,2026-01-01T10:46:15.992941,8.58,normal_success,,False
P0000944,O0000944,C001162,M0017,425.5,INR,UPI,BANK_B,2026-01-02T03:02:00.295923,SYNTHETIC,CAPTURED,SUCCESS,2026-01-02T03:02:07.357563,7.06,normal_success,,False
P0000945,O0000945,C003405,M0017,241.72,INR,UPI,BANK_C,2026-01-02T16:04:57.820820,SYNTHETIC,CAPTURED,SUCCESS,2026-01-02T16:05:05.124142,7.3,normal_success,,False
P0000946,O0000946,C001568,M0022,74.82,INR,NETBANKING,BANK_E,2026-01-02T06:37:49.263786,SYNTHETIC,CAPTURED,SUCCESS,2026-01-02T06:37:59.630137,10.37,normal_success,,False
P0000947,O0000947,C001941,M0022,40.57,INR,CARD,BANK_D,2026-01-02T03:42:06.312128,SYNTHETIC,CAPTURED,SUCCESS,2026-01-02T03:42:12.473867,6.16,normal_success,,False
P0000948,O0000948,C000934,M0004,20891.43,INR,CARD,BANK_E,2026-01-01T00:16:03.289539,SYNTHETIC,CAPTURED,SUCCESS,2026-01-01T00:16:11.177289,7.89,normal_success,,False
P0000949,O0000949,C000686,M0000,780.91,INR,CARD,BANK_E,2026-01-01T01:23:02.052927,SYNTHETIC,CAPTURED,SUCCESS,2026-01-01T01:23:06.675812,4.62,normal_success,,False
P0000950,O0000950,C000352,M0003,920.99,INR,NETBANKING,BANK_E,2026-01-01T05:44:07.471040,SYNTHETIC,FAILED,FAILED,2026-01-01T05:44:12.427829,4.96,genuine_failure,,False
P0000951,O0000951,C002560,M0024,202.76,INR,WALLET,BANK_D,2026-01-02T15:59:00.709928,SYNTHETIC,CAPTURED,SUCCESS,2026-01-02T16:04:25.378560,324.67,late_capture,,False
P0000952,O0000952,C001897,M0024,659.62,INR,CARD,BANK_A,2026-01-01T03:48:48.342601,SYNTHETIC,CAPTURED,SUCCESS,2026-01-01T03:48:51.740242,3.4,normal_success,,False
P0000953,O0000953,C000848,M0004,155.76,INR,NETBANKING,BANK_D,2026-01-02T19:08:07.245381,SYNTHETIC,CAPTURED,SUCCESS,2026-01-02T19:08:13.344188,6.1,normal_success,,False
P0000954,O0000954,C001902,M0014,124.64,INR,NETBANKING,BANK_C,2026-01-02T15:32:37.569252,SYNTHETIC,CAPTURED,SUCCESS,2026-01-02T15:32:42.556398,4.99,normal_success,,False
P0000955,O0000955,C000579,M0001,2563.34,INR,UPI,BANK_B,2026-01-02T17:25:01.971857,SYNTHETIC,CAPTURED,SUCCESS,2026-01-02T17:25:08.581199,6.61,normal_success,,False
P0000956,O0000956,C002617,M0024,395.47,INR,CARD,BANK_E,2026-01-02T07:33:12.600949,SYNTHETIC,CAPTURED,SUCCESS,2026-01-02T07:33:18.992616,6.39,normal_success,,True
P0000957,O0000957,C001088,M0013,87.05,INR,UPI,BANK_C,2026-01-02T22:12:26.267422,SYNTHETIC,CAPTURED,SUCCESS,2026-01-02T22:12:31.399252,5.13,normal_success,,False
P0000958,O0000958,C002517,M0010,849.45,INR,UPI,BANK_E,2026-01-01T14:46:02.590290,SYNTHETIC,CAPTURED,SUCCESS,2026-01-01T14:46:09.025481,6.44,normal_success,,False
P0000959,O0000959,C000413,M0004,9279.55,INR,UPI,BANK_E,2026-01-02T04:11:19.733816,SYNTHETIC,CAPTURED,SUCCESS,2026-01-02T04:11:26.843820,7.11,normal_success,,False
P0000960,O0000960,C000462,M0015,1241.47,INR,WALLET,BANK_E,2026-01-02T09:13:50.600034,SYNTHETIC,CAPTURED,SUCCESS,2026-01-02T09:13:56.762230,6.16,normal_success,,False
P0000961,O0000961,C002218,M0017,120.18,INR,NETBANKING,BANK_D,2026-01-02T10:38:42.400752,SYNTHETIC,CAPTURED,SUCCESS,2026-01-02T10:38:49.424102,7.02,normal_success,,False
P0000962,O0000962,C003975,M0023,121.69,INR,WALLET,BANK_D,2026-01-02T14:03:06.849625,SYNTHETIC,CAPTURED,SUCCESS,2026-01-02T14:03:13.357059,6.51,normal_success,,True
P0000963,O0000963,C002584,M0003,908.44,INR,UPI,BANK_D,2026-01-01T13:53:06.386975,SYNTHETIC,CAPTURED,SUCCESS,2026-01-01T13:55:56.872298,170.49,late_capture,,False
P0000964,O0000964,C001338,M0013,4904.53,INR,CARD,BANK_A,2026-01-02T03:54:49.446161,SYNTHETIC,CAPTURED,SUCCESS,2026-01-02T03:54:59.458336,10.01,normal_success,,False
P0000965,O0000965,C000237,M0008,1032.32,INR,UPI,BANK_A,2026-01-01T20:14:00.050920,SYNTHETIC,CAPTURED,SUCCESS,2026-01-01T20:14:04.511310,4.46,normal_success,,True
P0000966,O0000966,C000077,M0012,3535.31,INR,WALLET,BANK_A,2026-01-01T16:09:23.771928,SYNTHETIC,CAPTURED,SUCCESS,2026-01-01T16:09:26.694520,2.92,normal_success,,False
P0000967,O0000967,C003808,M0013,1014.32,INR,NETBANKING,BANK_E,2026-01-01T01:57:12.251626,SYNTHETIC,CAPTURED,SUCCESS,2026-01-01T01:57:20.209739,7.96,normal_success,INC0001,False
P0000968,O0000968,C000505,M0018,2870.78,INR,UPI,BANK_E,2026-01-02T02:45:26.888474,SYNTHETIC,FAILED,FAILED,2026-01-02T02:45:34.312065,7.42,genuine_failure,,False
P0000969,O0000969,C003217,M0022,189.3,INR,UPI,BANK_A,2026-01-01T09:45:04.626136,SYNTHETIC,CAPTURED,SUCCESS,2026-01-01T09:45:10.795582,6.17,normal_success,,False
P0000970,O0000970,C000884,M0021,1925.78,INR,NETBANKING,BANK_D,2026-01-02T20:10:12.627524,SYNTHETIC,CAPTURED,SUCCESS,2026-01-02T20:10:19.485494,6.86,normal_success,,False
P0000971,O0000971,C001713,M0018,391.67,INR,UPI,BANK_E,2026-01-02T12:38:59.485777,SYNTHETIC,FAILED,FAILED,2026-01-02T12:39:02.519390,3.03,genuine_failure,,False
P0000972,O0000972,C001199,M0019,676.24,INR,WALLET,BANK_D,2026-01-02T05:58:54.049703,SYNTHETIC,CAPTURED,SUCCESS,2026-01-02T05:58:59.488883,5.44,normal_success,,False
P0000973,O0000973,C002955,M0010,335.94,INR,CARD,BANK_A,2026-01-02T14:14:33.956877,SYNTHETIC,CAPTURED,SUCCESS,2026-01-02T14:14:37.298673,3.34,normal_success,,False
P0000974,O0000974,C001668,M0017,519.72,INR,UPI,BANK_A,2026-01-02T13:02:49.538190,SYNTHETIC,FAILED,FAILED,2026-01-02T13:02:57.366183,7.83,genuine_failure,,False
P0000975,O0000975,C003978,M0009,107.7,INR,CARD,BANK_A,2026-01-02T02:48:49.944718,SYNTHETIC,CAPTURED,SUCCESS,2026-01-02T02:49:00.421101,10.48,normal_success,,False
P0000976,O0000976,C001687,M0004,484.46,INR,CARD,BANK_E,2026-01-01T19:44:43.598940,SYNTHETIC,CAPTURED,SUCCESS,2026-01-01T19:44:49.208422,5.61,normal_success,,False
P0000977,O0000977,C000644,M0005,329.0,INR,WALLET,BANK_B,2026-01-02T02:29:26.784279,SYNTHETIC,CAPTURED,SUCCESS,2026-01-02T02:29:33.961042,7.18,normal_success,,False
P0000978,O0000978,C002670,M0021,225.14,INR,NETBANKING,BANK_C,2026-01-02T22:29:44.234821,SYNTHETIC,CAPTURED,SUCCESS,2026-01-02T22:29:50.341428,6.11,normal_success,,False
P0000979,O0000979,C001724,M0004,690.34,INR,NETBANKING,BANK_A,2026-01-02T05:04:32.914083,SYNTHETIC,CAPTURED,SUCCESS,2026-01-02T05:04:38.588580,5.67,normal_success,,False
P0000980,O0000980,C002204,M0023,466.59,INR,WALLET,BANK_B,2026-01-02T23:38:36.016410,SYNTHETIC,CAPTURED,SUCCESS,2026-01-02T23:38:46.026640,10.01,normal_success,,False
P0000981,O0000981,C003285,M0006,1228.63,INR,CARD,BANK_C,2026-01-01T11:51:38.724692,SYNTHETIC,CAPTURED,SUCCESS,2026-01-01T11:51:45.008243,6.28,normal_success,,False
P0000982,O0000982,C001797,M0003,110.0,INR,UPI,BANK_E,2026-01-01T21:51:05.361259,SYNTHETIC,CAPTURED,SUCCESS,2026-01-01T21:51:12.933928,7.57,normal_success,,False
P0000983,O0000983,C003711,M0006,1045.29,INR,UPI,BANK_D,2026-01-02T15:19:38.560943,SYNTHETIC,CAPTURED,SUCCESS,2026-01-02T15:19:45.130676,6.57,normal_success,,False
P0000984,O0000984,C003149,M0004,515.02,INR,NETBANKING,BANK_C,2026-01-02T22:58:59.246884,SYNTHETIC,CAPTURED,SUCCESS,2026-01-02T22:59:05.794610,6.55,normal_success,,False
P0000985,O0000985,C000710,M0016,568.18,INR,CARD,BANK_A,2026-01-02T22:03:52.170799,SYNTHETIC,CAPTURED,SUCCESS,2026-01-02T22:04:00.505158,8.33,normal_success,,False
P0000986,O0000986,C000049,M0009,159.39,INR,NETBANKING,BANK_A,2026-01-02T23:43:41.706457,SYNTHETIC,CAPTURED,SUCCESS,2026-01-02T23:49:59.265743,377.56,late_capture,,False
P0000987,O0000987,C002364,M0008,951.28,INR,NETBANKING,BANK_A,2026-01-02T13:46:42.179640,SYNTHETIC,CAPTURED,SUCCESS,2026-01-02T13:46:46.169110,3.99,normal_success,,False
P0000988,O0000988,C002368,M0022,153.49,INR,NETBANKING,BANK_A,2026-01-01T09:06:50.795442,SYNTHETIC,CAPTURED,SUCCESS,2026-01-01T09:07:00.938566,10.14,normal_success,,False
P0000989,O0000989,C000862,M0023,950.9,INR,NETBANKING,BANK_C,2026-01-01T01:58:22.560228,SYNTHETIC,CAPTURED,SUCCESS,2026-01-01T01:58:30.247096,7.69,normal_success,INC0001,False
P0000990,O0000990,C002311,M0021,3647.79,INR,UPI,BANK_E,2026-01-01T09:18:01.580506,SYNTHETIC,CAPTURED,SUCCESS,2026-01-01T09:18:08.976446,7.4,normal_success,,False
P0000991,O0000991,C003667,M0013,117.75,INR,NETBANKING,BANK_B,2026-01-02T01:36:13.490410,SYNTHETIC,CAPTURED,SUCCESS,2026-01-02T01:36:18.530844,5.04,normal_success,,False
P0000992,O0000992,C003305,M0022,321.79,INR,UPI,BANK_A,2026-01-02T17:57:42.026903,SYNTHETIC,CAPTURED,SUCCESS,2026-01-02T17:57:46.010808,3.98,normal_success,,False
P0000993,O0000993,C002681,M0005,197.83,INR,CARD,BANK_D,2026-01-01T03:40:51.053870,SYNTHETIC,CAPTURED,SUCCESS,2026-01-01T03:40:55.990726,4.94,normal_success,,False
P0000994,O0000994,C002814,M0024,378.05,INR,WALLET,BANK_D,2026-01-02T07:46:08.101764,SYNTHETIC,CAPTURED,SUCCESS,2026-01-02T07:46:16.829320,8.73,normal_success,,False
P0000995,O0000995,C001908,M0001,2068.93,INR,UPI,BANK_B,2026-01-01T14:00:02.817901,SYNTHETIC,CAPTURED,SUCCESS,2026-01-01T14:00:10.478779,7.66,normal_success,,False
P0000996,O0000996,C002315,M0005,318.87,INR,CARD,BANK_C,2026-01-02T12:27:32.134416,SYNTHETIC,CAPTURED,SUCCESS,2026-01-02T12:27:39.291626,7.16,normal_success,,False
P0000997,O0000997,C003173,M0012,275.07,INR,UPI,BANK_D,2026-01-01T15:48:42.585096,SYNTHETIC,CAPTURED,SUCCESS,2026-01-01T15:48:51.012940,8.43,normal_success,,False
P0000998,O0000998,C003697,M0016,556.56,INR,NETBANKING,BANK_C,2026-01-02T06:10:06.958312,SYNTHETIC,CAPTURED,SUCCESS,2026-01-02T06:15:13.472706,306.51,late_capture,,False
P0000999,O0000999,C002140,M0016,210.67,INR,CARD,BANK_B,2026-01-01T06:33:31.054467,SYNTHETIC,CAPTURED,SUCCESS,2026-01-01T06:33:39.247590,8.19,normal_success,,False
P0001000,O0001000,C001402,M0004,760.79,INR,NETBANKING,BANK_B,2026-01-01T08:48:02.476059,SYNTHETIC,FAILED,FAILED,2026-01-01T08:48:09.336847,6.86,genuine_failure,,False
P0001001,O0001001,C000140,M0016,1152.04,INR,UPI,BANK_E,2026-01-01T06:52:20.981131,SYNTHETIC,CAPTURED,SUCCESS,2026-01-01T06:52:26.428764,5.45,normal_success,,True
P0001002,O0001002,C000067,M0007,122.23,INR,UPI,BANK_B,2026-01-02T19:47:58.793245,SYNTHETIC,CAPTURED,SUCCESS,2026-01-02T19:48:03.967040,5.17,normal_success,,False
P0001003,O0001003,C001843,M0008,198.59,INR,NETBANKING,BANK_B,2026-01-02T16:28:52.142411,SYNTHETIC,CAPTURED,SUCCESS,2026-01-02T16:28:55.287555,3.15,normal_success,,False
P0001004,O0001004,C001886,M0022,1890.21,INR,UPI,BANK_D,2026-01-01T05:05:52.384215,SYNTHETIC,CAPTURED,SUCCESS,2026-01-01T05:05:57.761844,5.38,normal_success,,False
P0001005,O0001005,C003951,M0021,608.69,INR,NETBANKING,BANK_B,2026-01-01T15:43:19.994925,SYNTHETIC,CAPTURED,SUCCESS,2026-01-01T15:43:23.105082,3.11,normal_success,,False
P0001006,O0001006,C001046,M0019,252.49,INR,CARD,BANK_B,2026-01-02T18:31:00.047485,SYNTHETIC,CAPTURED,SUCCESS,2026-01-02T18:31:06.184345,6.14,normal_success,,False
P0001007,O0001007,C001870,M0024,591.54,INR,WALLET,BANK_E,2026-01-01T09:13:41.765696,SYNTHETIC,CAPTURED,SUCCESS,2026-01-01T09:13:51.818204,10.05,normal_success,,False
P0001008,O0001008,C002602,M0008,203.05,INR,UPI,BANK_C,2026-01-01T01:32:04.027881,SYNTHETIC,CAPTURED,SUCCESS,2026-01-01T01:32:14.162144,10.13,normal_success,,False
P0001009,O0001009,C000820,M0005,467.39,INR,UPI,BANK_A,2026-01-01T17:23:12.916667,SYNTHETIC,CAPTURED,SUCCESS,2026-01-01T17:23:21.656569,8.74,normal_success,,False
P0001010,O0001010,C001001,M0023,199.49,INR,CARD,BANK_E,2026-01-01T16:39:01.120173,SYNTHETIC,CAPTURED,SUCCESS,2026-01-01T16:39:10.601818,9.48,normal_success,,False
P0001011,O0001011,C000510,M0016,391.22,INR,NETBANKING,BANK_D,2026-01-02T17:50:09.065133,SYNTHETIC,FAILED,FAILED,2026-01-02T17:50:11.303841,2.24,genuine_failure,,False
P0001012,O0001012,C003682,M0004,4143.44,INR,NETBANKING,BANK_E,2026-01-01T13:51:52.621358,SYNTHETIC,CAPTURED,SUCCESS,2026-01-01T13:51:58.479384,5.86,normal_success,,False
P0001013,O0001013,C003710,M0008,1653.8,INR,NETBANKING,BANK_B,2026-01-01T16:41:44.428854,SYNTHETIC,CAPTURED,SUCCESS,2026-01-01T16:47:59.357194,374.93,late_capture,,False
P0001014,O0001014,C000433,M0013,224.53,INR,UPI,BANK_E,2026-01-02T00:22:15.097772,SYNTHETIC,CAPTURED,SUCCESS,2026-01-02T00:22:23.230494,8.13,normal_success,INC0000,False
P0001015,O0001015,C000343,M0017,1439.4,INR,UPI,BANK_E,2026-01-02T19:14:54.765508,SYNTHETIC,CAPTURED,SUCCESS,2026-01-02T19:15:00.699418,5.93,normal_success,,False
P0001016,O0001016,C001042,M0003,831.84,INR,CARD,BANK_E,2026-01-02T19:03:21.189756,SYNTHETIC,CAPTURED,SUCCESS,2026-01-02T19:08:28.446619,307.26,late_capture,,False
P0001017,O0001017,C002874,M0000,3409.84,INR,UPI,BANK_C,2026-01-01T08:53:55.746365,SYNTHETIC,CAPTURED,SUCCESS,2026-01-01T08:54:01.676307,5.93,normal_success,,False
P0001018,O0001018,C000649,M0014,144.19,INR,CARD,BANK_C,2026-01-02T12:18:12.813928,SYNTHETIC,CAPTURED,SUCCESS,2026-01-02T12:18:19.879428,7.07,normal_success,,False
P0001019,O0001019,C001584,M0005,357.23,INR,NETBANKING,BANK_E,2026-01-02T03:57:27.112436,SYNTHETIC,FAILED,FAILED,2026-01-02T03:57:34.415177,7.3,genuine_failure,,False
P0001020,O0001020,C003402,M0002,260.51,INR,WALLET,BANK_B,2026-01-02T00:53:06.088568,SYNTHETIC,CAPTURED,SUCCESS,2026-01-02T00:53:08.574124,2.49,normal_success,,False
P0001021,O0001021,C003720,M0011,269.75,INR,WALLET,BANK_E,2026-01-02T00:12:49.165912,SYNTHETIC,FAILED,FAILED,2026-01-02T00:12:53.680267,4.51,genuine_failure,INC0000,False
P0001022,O0001022,C003371,M0020,1046.19,INR,UPI,BANK_D,2026-01-02T04:12:30.096078,SYNTHETIC,CAPTURED,SUCCESS,2026-01-02T04:12:38.029233,7.93,normal_success,,False
P0001023,O0001023,C002967,M0008,73.64,INR,NETBANKING,BANK_C,2026-01-02T12:25:17.578651,SYNTHETIC,FAILED,FAILED,2026-01-02T12:25:18.819529,1.24,genuine_failure,,False
P0001024,O0001024,C000569,M0019,144.88,INR,NETBANKING,BANK_B,2026-01-01T11:38:51.862416,SYNTHETIC,CAPTURED,SUCCESS,2026-01-01T11:38:57.067381,5.2,normal_success,,False
P0001025,O0001025,C000831,M0012,1824.19,INR,CARD,BANK_B,2026-01-01T17:47:56.065644,SYNTHETIC,CAPTURED,SUCCESS,2026-01-01T17:54:25.599673,389.53,late_capture,,False
P0001026,O0001026,C001078,M0024,777.58,INR,CARD,BANK_C,2026-01-01T13:51:47.335222,SYNTHETIC,CAPTURED,SUCCESS,2026-01-01T13:51:52.195583,4.86,normal_success,,True
P0001027,O0001027,C002919,M0016,320.76,INR,NETBANKING,BANK_B,2026-01-01T22:06:32.794199,SYNTHETIC,CAPTURED,SUCCESS,2026-01-01T22:09:54.276137,201.48,late_capture,,False
P0001028,O0001028,C000650,M0020,41.86,INR,UPI,BANK_C,2026-01-01T11:15:29.666272,SYNTHETIC,CAPTURED,SUCCESS,2026-01-01T11:15:32.952872,3.29,normal_success,,False
P0001029,O0001029,C003212,M0006,83.93,INR,UPI,BANK_A,2026-01-01T00:02:14.455427,SYNTHETIC,CAPTURED,SUCCESS,2026-01-01T00:02:20.776854,6.32,normal_success,,False
P0001030,O0001030,C002701,M0004,981.98,INR,UPI,BANK_E,2026-01-01T11:32:26.289119,SYNTHETIC,CAPTURED,SUCCESS,2026-01-01T11:32:31.828929,5.54,normal_success,,False
P0001031,O0001031,C001847,M0016,602.04,INR,WALLET,BANK_C,2026-01-01T12:45:22.750607,SYNTHETIC,CAPTURED,SUCCESS,2026-01-01T12:45:32.739854,9.99,normal_success,,False
P0001032,O0001032,C001214,M0023,634.85,INR,NETBANKING,BANK_C,2026-01-01T02:10:36.130691,SYNTHETIC,FAILED,FAILED,2026-01-01T02:10:37.880011,1.75,genuine_failure,INC0001,False
P0001033,O0001033,C001736,M0013,1510.33,INR,NETBANKING,BANK_E,2026-01-01T05:04:50.312731,SYNTHETIC,CAPTURED,SUCCESS,2026-01-01T05:04:53.412235,3.1,normal_success,,False
P0001034,O0001034,C001652,M0003,650.57,INR,WALLET,BANK_D,2026-01-02T00:22:31.380224,SYNTHETIC,CAPTURED,SUCCESS,2026-01-02T00:22:39.844582,8.46,normal_success,,False
P0001035,O0001035,C003084,M0005,124.15,INR,CARD,BANK_C,2026-01-02T22:10:46.265888,SYNTHETIC,CAPTURED,SUCCESS,2026-01-02T22:10:54.150678,7.88,normal_success,,False
P0001036,O0001036,C001634,M0024,788.68,INR,CARD,BANK_D,2026-01-01T16:09:34.720267,SYNTHETIC,CAPTURED,SUCCESS,2026-01-01T16:09:44.306041,9.59,normal_success,,False
P0001037,O0001037,C002904,M0008,1459.28,INR,CARD,BANK_E,2026-01-01T10:18:49.200827,SYNTHETIC,CAPTURED,SUCCESS,2026-01-01T10:18:53.831467,4.63,normal_success,,False
P0001038,O0001038,C002888,M0008,118.63,INR,NETBANKING,BANK_B,2026-01-01T12:57:55.617280,SYNTHETIC,CAPTURED,SUCCESS,2026-01-01T12:58:01.636193,6.02,normal_success,,False
P0001039,O0001039,C001711,M0023,837.34,INR,UPI,BANK_E,2026-01-01T02:55:51.010341,SYNTHETIC,FAILED,FAILED,2026-01-01T02:55:54.096751,3.09,genuine_failure,INC0001,False
P0001040,O0001040,C001665,M0016,550.12,INR,NETBANKING,BANK_B,2026-01-01T09:17:32.987048,SYNTHETIC,CAPTURED,SUCCESS,2026-01-01T09:17:37.258060,4.27,normal_success,,False
P0001041,O0001041,C002115,M0003,600.25,INR,CARD,BANK_B,2026-01-01T07:11:21.576654,SYNTHETIC,CAPTURED,SUCCESS,2026-01-01T07:11:29.565207,7.99,normal_success,,False
P0001042,O0001042,C000100,M0013,1381.56,INR,CARD,BANK_E,2026-01-02T14:15:05.569783,SYNTHETIC,CAPTURED,SUCCESS,2026-01-02T14:15:12.799955,7.23,normal_success,,True
P0001043,O0001043,C000317,M0019,2462.68,INR,CARD,BANK_E,2026-01-01T21:09:18.971956,SYNTHETIC,CAPTURED,SUCCESS,2026-01-01T21:09:27.507371,8.54,normal_success,,False
P0001044,O0001044,C002791,M0024,327.59,INR,WALLET,BANK_C,2026-01-01T14:56:55.545309,SYNTHETIC,CAPTURED,SUCCESS,2026-01-01T14:57:02.222498,6.68,normal_success,,False
P0001045,O0001045,C002060,M0008,641.65,INR,UPI,BANK_A,2026-01-02T13:03:30.544493,SYNTHETIC,CAPTURED,SUCCESS,2026-01-02T13:03:35.059512,4.52,normal_success,,False
P0001046,O0001046,C000669,M0003,348.88,INR,CARD,BANK_E,2026-01-01T22:23:20.215592,SYNTHETIC,CAPTURED,SUCCESS,2026-01-01T22:23:30.242093,10.03,normal_success,,False
P0001047,O0001047,C001320,M0000,564.06,INR,WALLET,BANK_D,2026-01-01T18:11:26.144450,SYNTHETIC,CAPTURED,SUCCESS,2026-01-01T18:11:30.948513,4.8,normal_success,,False
P0001048,O0001048,C002137,M0014,2919.52,INR,NETBANKING,BANK_B,2026-01-02T02:23:31.477639,SYNTHETIC,CAPTURED,SUCCESS,2026-01-02T02:23:39.169581,7.69,normal_success,,False
P0001049,O0001049,C001169,M0015,1559.51,INR,CARD,BANK_A,2026-01-01T02:10:03.447514,SYNTHETIC,CAPTURED,SUCCESS,2026-01-01T02:10:11.421338,7.97,normal_success,INC0001,False
P0001050,O0001050,C003550,M0010,7155.42,INR,NETBANKING,BANK_D,2026-01-02T14:34:23.474448,SYNTHETIC,CAPTURED,SUCCESS,2026-01-02T14:34:28.499834,5.03,normal_success,,True
P0001051,O0001051,C001451,M0013,313.58,INR,NETBANKING,BANK_E,2026-01-01T10:22:17.105781,SYNTHETIC,CAPTURED,SUCCESS,2026-01-01T10:22:25.127031,8.02,normal_success,,False
P0001052,O0001052,C001340,M0013,1247.46,INR,CARD,BANK_E,2026-01-02T02:27:14.220182,SYNTHETIC,CAPTURED,SUCCESS,2026-01-02T02:27:18.979904,4.76,normal_success,,False
P0001053,O0001053,C000529,M0009,114.12,INR,NETBANKING,BANK_A,2026-01-01T17:35:29.832787,SYNTHETIC,CAPTURED,SUCCESS,2026-01-01T17:35:34.283389,4.45,normal_success,,False
P0001054,O0001054,C003340,M0018,772.11,INR,UPI,BANK_B,2026-01-01T18:46:36.932159,SYNTHETIC,CAPTURED,SUCCESS,2026-01-01T18:46:43.185404,6.25,normal_success,,True
P0001055,O0001055,C000631,M0008,1201.7,INR,UPI,BANK_E,2026-01-01T01:58:52.421273,SYNTHETIC,CAPTURED,SUCCESS,2026-01-01T02:03:10.732765,258.31,late_capture,INC0001,False
P0001056,O0001056,C002475,M0004,559.79,INR,CARD,BANK_E,2026-01-02T14:59:30.475488,SYNTHETIC,CAPTURED,SUCCESS,2026-01-02T14:59:40.078904,9.6,normal_success,,False
P0001057,O0001057,C003555,M0010,423.82,INR,CARD,BANK_A,2026-01-01T08:19:55.648088,SYNTHETIC,CAPTURED,SUCCESS,2026-01-01T08:20:02.233139,6.59,normal_success,,False
P0001058,O0001058,C002742,M0012,536.25,INR,CARD,BANK_E,2026-01-01T15:05:48.958815,SYNTHETIC,CAPTURED,SUCCESS,2026-01-01T15:05:54.066524,5.11,normal_success,,False
P0001059,O0001059,C002541,M0020,1507.88,INR,NETBANKING,BANK_A,2026-01-01T16:00:46.498024,SYNTHETIC,CAPTURED,SUCCESS,2026-01-01T16:00:50.133793,3.64,normal_success,,False
P0001060,O0001060,C001035,M0023,3303.54,INR,WALLET,BANK_C,2026-01-02T23:08:26.888289,SYNTHETIC,CAPTURED,SUCCESS,2026-01-02T23:08:34.907366,8.02,normal_success,,True
P0001061,O0001061,C000622,M0012,2761.66,INR,CARD,BANK_C,2026-01-01T02:53:03.205982,SYNTHETIC,CAPTURED,SUCCESS,2026-01-01T02:53:12.194826,8.99,normal_success,INC0001,False
P0001062,O0001062,C001102,M0023,612.84,INR,UPI,BANK_A,2026-01-02T06:01:29.078702,SYNTHETIC,CAPTURED,SUCCESS,2026-01-02T06:01:34.901212,5.82,normal_success,,False
P0001063,O0001063,C000963,M0002,787.45,INR,NETBANKING,BANK_E,2026-01-01T18:32:39.722961,SYNTHETIC,CAPTURED,SUCCESS,2026-01-01T18:32:46.047661,6.32,normal_success,,False
P0001064,O0001064,C000719,M0018,664.36,INR,UPI,BANK_D,2026-01-01T18:36:19.068787,SYNTHETIC,CAPTURED,SUCCESS,2026-01-01T18:36:26.922869,7.85,normal_success,,False
P0001065,O0001065,C002481,M0015,498.8,INR,UPI,BANK_B,2026-01-02T18:23:11.885572,SYNTHETIC,CAPTURED,SUCCESS,2026-01-02T18:23:19.086427,7.2,normal_success,,False
P0001066,O0001066,C002239,M0021,354.02,INR,WALLET,BANK_C,2026-01-02T16:54:07.407419,SYNTHETIC,CAPTURED,SUCCESS,2026-01-02T16:54:16.694983,9.29,normal_success,,False
P0001067,O0001067,C002921,M0007,583.16,INR,WALLET,BANK_E,2026-01-02T10:09:32.100326,SYNTHETIC,CAPTURED,SUCCESS,2026-01-02T10:09:37.990125,5.89,normal_success,,False
P0001068,O0001068,C003665,M0022,849.49,INR,UPI,BANK_B,2026-01-01T09:13:10.531441,SYNTHETIC,FAILED,FAILED,2026-01-01T09:13:12.162301,1.63,genuine_failure,,False
P0001069,O0001069,C002459,M0007,1170.21,INR,UPI,BANK_E,2026-01-02T20:02:04.237880,SYNTHETIC,CAPTURED,SUCCESS,2026-01-02T20:02:10.066828,5.83,normal_success,,False
P0001070,O0001070,C002275,M0010,5073.83,INR,CARD,BANK_C,2026-01-02T08:42:32.665783,SYNTHETIC,CAPTURED,SUCCESS,2026-01-02T08:42:38.544906,5.88,normal_success,,True
P0001071,O0001071,C000134,M0009,1005.84,INR,WALLET,BANK_E,2026-01-01T19:30:44.271189,SYNTHETIC,CAPTURED,SUCCESS,2026-01-01T19:30:52.521365,8.25,normal_success,,True
P0001072,O0001072,C003084,M0011,302.25,INR,WALLET,BANK_C,2026-01-02T10:54:45.270207,SYNTHETIC,CAPTURED,SUCCESS,2026-01-02T10:54:53.135162,7.86,normal_success,,False
P0001073,O0001073,C000379,M0020,10628.67,INR,CARD,BANK_A,2026-01-01T04:03:54.632789,SYNTHETIC,CAPTURED,SUCCESS,2026-01-01T04:04:03.180577,8.55,normal_success,,False
P0001074,O0001074,C001200,M0024,1124.52,INR,UPI,BANK_D,2026-01-02T13:12:34.450788,SYNTHETIC,CAPTURED,SUCCESS,2026-01-02T13:12:39.448953,5.0,normal_success,,False
P0001075,O0001075,C000050,M0012,1509.69,INR,CARD,BANK_C,2026-01-01T20:59:55.782509,SYNTHETIC,CAPTURED,SUCCESS,2026-01-01T21:00:02.419615,6.64,normal_success,,False
P0001076,O0001076,C001329,M0017,3911.14,INR,WALLET,BANK_C,2026-01-02T19:01:15.332684,SYNTHETIC,CAPTURED,SUCCESS,2026-01-02T19:01:21.870062,6.54,normal_success,,True
P0001077,O0001077,C003572,M0007,857.09,INR,CARD,BANK_E,2026-01-01T16:35:10.802030,SYNTHETIC,CAPTURED,SUCCESS,2026-01-01T16:35:15.789039,4.99,normal_success,,False
P0001078,O0001078,C001811,M0022,4195.58,INR,UPI,BANK_B,2026-01-01T01:03:52.770367,SYNTHETIC,CAPTURED,SUCCESS,2026-01-01T01:04:01.485871,8.72,normal_success,,False
P0001079,O0001079,C002132,M0008,733.52,INR,UPI,BANK_C,2026-01-02T00:27:12.769576,SYNTHETIC,CAPTURED,SUCCESS,2026-01-02T00:27:17.548709,4.78,normal_success,,False
P0001080,O0001080,C001031,M0009,1460.79,INR,NETBANKING,BANK_C,2026-01-02T06:27:55.044300,SYNTHETIC,FAILED,FAILED,2026-01-02T06:28:00.951296,5.91,genuine_failure,,False
P0001081,O0001081,C002733,M0011,1682.17,INR,WALLET,BANK_A,2026-01-02T06:14:26.469215,SYNTHETIC,CAPTURED,SUCCESS,2026-01-02T06:14:32.892866,6.42,normal_success,,False
P0001082,O0001082,C001807,M0008,254.24,INR,NETBANKING,BANK_E,2026-01-02T16:27:52.486724,SYNTHETIC,CAPTURED,SUCCESS,2026-01-02T16:28:00.291769,7.81,normal_success,,False
P0001083,O0001083,C001761,M0001,515.87,INR,UPI,BANK_D,2026-01-01T02:49:54.447551,SYNTHETIC,CAPTURED,SUCCESS,2026-01-01T02:49:58.699199,4.25,normal_success,INC0001,False
P0001084,O0001084,C000894,M0004,472.65,INR,CARD,BANK_A,2026-01-01T05:45:42.330625,SYNTHETIC,CAPTURED,SUCCESS,2026-01-01T05:45:49.353980,7.02,normal_success,,False
P0001085,O0001085,C001867,M0020,579.02,INR,WALLET,BANK_C,2026-01-02T13:31:01.553981,SYNTHETIC,CAPTURED,SUCCESS,2026-01-02T13:31:09.087485,7.53,normal_success,,False
P0001086,O0001086,C003028,M0005,2974.99,INR,CARD,BANK_C,2026-01-01T10:42:21.198617,SYNTHETIC,CAPTURED,SUCCESS,2026-01-01T10:42:27.055352,5.86,normal_success,,False
P0001087,O0001087,C003311,M0014,68.71,INR,WALLET,BANK_A,2026-01-02T15:01:53.328558,SYNTHETIC,CAPTURED,SUCCESS,2026-01-02T15:02:01.091155,7.76,normal_success,,False
P0001088,O0001088,C000476,M0021,123.74,INR,NETBANKING,BANK_C,2026-01-02T04:28:17.925999,SYNTHETIC,CAPTURED,SUCCESS,2026-01-02T04:28:24.718119,6.79,normal_success,,False
P0001089,O0001089,C000224,M0003,483.3,INR,WALLET,BANK_A,2026-01-01T17:25:52.537247,SYNTHETIC,CAPTURED,SUCCESS,2026-01-01T17:32:01.080053,368.54,late_capture,,False
P0001090,O0001090,C001566,M0019,776.22,INR,CARD,BANK_A,2026-01-02T21:48:26.454980,SYNTHETIC,CAPTURED,SUCCESS,2026-01-02T21:48:33.980670,7.53,normal_success,,False
P0001091,O0001091,C002596,M0018,900.84,INR,UPI,BANK_E,2026-01-01T20:16:11.365324,SYNTHETIC,CAPTURED,SUCCESS,2026-01-01T20:16:19.063981,7.7,normal_success,,False
P0001092,O0001092,C002743,M0020,1100.22,INR,NETBANKING,BANK_D,2026-01-02T11:31:51.246877,SYNTHETIC,CAPTURED,SUCCESS,2026-01-02T11:31:57.379768,6.13,normal_success,,True
P0001093,O0001093,C000448,M0018,1041.53,INR,NETBANKING,BANK_D,2026-01-02T22:17:50.478427,SYNTHETIC,CAPTURED,SUCCESS,2026-01-02T22:17:57.667545,7.19,normal_success,,False
P0001094,O0001094,C003109,M0006,2267.72,INR,NETBANKING,BANK_C,2026-01-01T17:41:01.606200,SYNTHETIC,CAPTURED,SUCCESS,2026-01-01T17:41:07.326692,5.72,normal_success,,True
P0001095,O0001095,C002071,M0020,184.08,INR,WALLET,BANK_D,2026-01-02T20:47:32.199876,SYNTHETIC,CAPTURED,SUCCESS,2026-01-02T20:47:38.876136,6.68,normal_success,,False
P0001096,O0001096,C002698,M0011,1220.3,INR,WALLET,BANK_E,2026-01-01T01:27:28.330104,SYNTHETIC,CAPTURED,SUCCESS,2026-01-01T01:27:33.786498,5.46,normal_success,,False
P0001097,O0001097,C000093,M0023,2035.55,INR,CARD,BANK_D,2026-01-02T10:24:13.393118,SYNTHETIC,CAPTURED,SUCCESS,2026-01-02T10:24:19.277552,5.88,normal_success,,False
P0001098,O0001098,C001522,M0023,2348.58,INR,NETBANKING,BANK_D,2026-01-02T11:41:45.418780,SYNTHETIC,CAPTURED,SUCCESS,2026-01-02T11:41:53.679395,8.26,normal_success,,False
P0001099,O0001099,C002787,M0006,127.93,INR,CARD,BANK_C,2026-01-02T22:35:18.903361,SYNTHETIC,CAPTURED,SUCCESS,2026-01-02T22:35:27.446730,8.54,normal_success,,False
P0001100,O0001100,C002031,M0022,613.98,INR,UPI,BANK_E,2026-01-01T22:18:58.093452,SYNTHETIC,CAPTURED,SUCCESS,2026-01-01T22:19:05.678191,7.58,normal_success,,False
P0001101,O0001101,C001038,M0005,1030.19,INR,CARD,BANK_B,2026-01-02T05:37:37.071505,SYNTHETIC,CAPTURED,SUCCESS,2026-01-02T05:37:45.081745,8.01,normal_success,,False
P0001102,O0001102,C002389,M0008,776.82,INR,NETBANKING,BANK_D,2026-01-02T00:12:23.427340,SYNTHETIC,CAPTURED,SUCCESS,2026-01-02T00:12:29.034855,5.61,normal_success,,False
P0001103,O0001103,C001574,M0013,784.7,INR,NETBANKING,BANK_E,2026-01-02T18:05:06.806055,SYNTHETIC,CAPTURED,SUCCESS,2026-01-02T18:08:51.699859,224.89,late_capture,,False
P0001104,O0001104,C002937,M0004,688.38,INR,UPI,BANK_B,2026-01-02T15:46:35.778859,SYNTHETIC,CAPTURED,SUCCESS,2026-01-02T15:46:39.479595,3.7,normal_success,,False
P0001105,O0001105,C000902,M0012,708.02,INR,CARD,BANK_B,2026-01-02T08:43:38.951818,SYNTHETIC,CAPTURED,SUCCESS,2026-01-02T08:43:43.509458,4.56,normal_success,,False
P0001106,O0001106,C001546,M0018,104.49,INR,WALLET,BANK_E,2026-01-01T00:41:24.766072,SYNTHETIC,CAPTURED,SUCCESS,2026-01-01T00:41:32.519765,7.75,normal_success,,False
P0001107,O0001107,C000136,M0001,179.3,INR,UPI,BANK_C,2026-01-01T17:31:10.054730,SYNTHETIC,CAPTURED,SUCCESS,2026-01-01T17:31:18.750558,8.7,normal_success,,True
P0001108,O0001108,C002252,M0017,3694.91,INR,WALLET,BANK_E,2026-01-02T20:09:43.783415,SYNTHETIC,CAPTURED,SUCCESS,2026-01-02T20:09:48.395759,4.61,normal_success,,False
P0001109,O0001109,C001682,M0008,98.86,INR,NETBANKING,BANK_C,2026-01-02T07:28:20.440944,SYNTHETIC,CAPTURED,SUCCESS,2026-01-02T07:28:27.516188,7.08,normal_success,,False
P0001110,O0001110,C002128,M0023,731.31,INR,NETBANKING,BANK_C,2026-01-01T04:53:37.524356,SYNTHETIC,CAPTURED,SUCCESS,2026-01-01T04:53:45.298128,7.77,normal_success,,False
P0001111,O0001111,C001681,M0007,1619.38,INR,UPI,BANK_D,2026-01-02T17:27:29.101169,SYNTHETIC,CAPTURED,SUCCESS,2026-01-02T17:27:37.797795,8.7,normal_success,,True
P0001112,O0001112,C003745,M0001,1189.83,INR,CARD,BANK_D,2026-01-02T10:26:13.227547,SYNTHETIC,CAPTURED,SUCCESS,2026-01-02T10:26:17.955374,4.73,normal_success,,False
P0001113,O0001113,C001923,M0005,1985.97,INR,NETBANKING,BANK_A,2026-01-02T09:54:46.429354,SYNTHETIC,FAILED,FAILED,2026-01-02T09:54:52.820366,6.39,genuine_failure,,False
P0001114,O0001114,C000155,M0004,291.73,INR,CARD,BANK_B,2026-01-01T05:34:40.520482,SYNTHETIC,CAPTURED,SUCCESS,2026-01-01T05:34:46.045034,5.52,normal_success,,False
P0001115,O0001115,C002940,M0006,2976.87,INR,UPI,BANK_D,2026-01-01T16:54:35.417829,SYNTHETIC,FAILED,FAILED,2026-01-01T16:54:38.252418,2.83,genuine_failure,,False
P0001116,O0001116,C002906,M0019,853.22,INR,WALLET,BANK_A,2026-01-01T11:52:56.093686,SYNTHETIC,CAPTURED,SUCCESS,2026-01-01T11:53:03.845688,7.75,normal_success,,False
P0001117,O0001117,C001244,M0003,2911.49,INR,NETBANKING,BANK_A,2026-01-02T21:50:07.854503,SYNTHETIC,CAPTURED,SUCCESS,2026-01-02T21:50:14.507441,6.65,normal_success,,False
P0001118,O0001118,C001240,M0011,9809.02,INR,NETBANKING,BANK_A,2026-01-02T16:56:43.647132,SYNTHETIC,CAPTURED,SUCCESS,2026-01-02T17:00:34.436950,230.79,late_capture,,False
P0001119,O0001119,C002597,M0023,2118.13,INR,UPI,BANK_E,2026-01-02T17:11:38.916324,SYNTHETIC,CAPTURED,SUCCESS,2026-01-02T17:11:44.393518,5.48,normal_success,,False
P0001120,O0001120,C002345,M0015,1223.95,INR,NETBANKING,BANK_E,2026-01-02T08:04:42.279737,SYNTHETIC,CAPTURED,SUCCESS,2026-01-02T08:04:52.092616,9.81,normal_success,,False
P0001121,O0001121,C002688,M0011,514.73,INR,UPI,BANK_B,2026-01-01T16:17:07.605579,SYNTHETIC,CAPTURED,SUCCESS,2026-01-01T16:17:15.324154,7.72,normal_success,,False
P0001122,O0001122,C002567,M0020,380.32,INR,WALLET,BANK_A,2026-01-01T09:18:14.929368,SYNTHETIC,CAPTURED,SUCCESS,2026-01-01T09:19:23.464590,68.54,late_capture,,False
P0001123,O0001123,C002439,M0016,312.04,INR,WALLET,BANK_D,2026-01-01T01:50:07.987781,SYNTHETIC,CAPTURED,SUCCESS,2026-01-01T01:50:13.177894,5.19,normal_success,INC0001,False
P0001124,O0001124,C001941,M0007,149.3,INR,UPI,BANK_A,2026-01-01T09:11:05.931450,SYNTHETIC,CAPTURED,SUCCESS,2026-01-01T09:11:13.221360,7.29,normal_success,,False
P0001125,O0001125,C002617,M0024,145.98,INR,NETBANKING,BANK_E,2026-01-01T16:04:34.305714,SYNTHETIC,CAPTURED,SUCCESS,2026-01-01T16:04:39.389041,5.08,normal_success,,False
P0001126,O0001126,C000216,M0002,309.66,INR,NETBANKING,BANK_E,2026-01-02T04:22:42.319663,SYNTHETIC,CAPTURED,SUCCESS,2026-01-02T04:22:49.154942,6.84,normal_success,,False
P0001127,O0001127,C000513,M0006,790.95,INR,CARD,BANK_B,2026-01-01T09:32:08.080448,SYNTHETIC,CAPTURED,SUCCESS,2026-01-01T09:32:16.735680,8.66,normal_success,,False
P0001128,O0001128,C003886,M0017,475.15,INR,UPI,BANK_D,2026-01-01T06:27:04.029370,SYNTHETIC,CAPTURED,SUCCESS,2026-01-01T06:27:12.276012,8.25,normal_success,,False
P0001129,O0001129,C002117,M0000,67.08,INR,UPI,BANK_D,2026-01-01T05:06:08.530645,SYNTHETIC,CAPTURED,SUCCESS,2026-01-01T05:06:16.169265,7.64,normal_success,,False
P0001130,O0001130,C003169,M0000,649.06,INR,CARD,BANK_A,2026-01-01T09:12:35.095066,SYNTHETIC,CAPTURED,SUCCESS,2026-01-01T09:12:41.482407,6.39,normal_success,,False
P0001131,O0001131,C000754,M0019,829.71,INR,CARD,BANK_C,2026-01-01T13:30:38.641227,SYNTHETIC,CAPTURED,SUCCESS,2026-01-01T13:30:43.619661,4.98,normal_success,,False
P0001132,O0001132,C000715,M0003,225.53,INR,UPI,BANK_D,2026-01-01T04:23:58.329868,SYNTHETIC,CAPTURED,SUCCESS,2026-01-01T04:24:07.109933,8.78,normal_success,,True
P0001133,O0001133,C003917,M0007,1730.29,INR,NETBANKING,BANK_A,2026-01-01T13:56:19.011463,SYNTHETIC,CAPTURED,SUCCESS,2026-01-01T13:56:25.763128,6.75,normal_success,,False
P0001134,O0001134,C002930,M0002,291.8,INR,UPI,BANK_E,2026-01-02T16:45:48.125676,SYNTHETIC,CAPTURED,SUCCESS,2026-01-02T16:45:52.659402,4.53,normal_success,,False
P0001135,O0001135,C002256,M0007,827.95,INR,UPI,BANK_D,2026-01-02T08:21:37.983577,SYNTHETIC,CAPTURED,SUCCESS,2026-01-02T08:21:43.718267,5.73,normal_success,,False
P0001136,O0001136,C001934,M0009,640.41,INR,NETBANKING,BANK_B,2026-01-01T00:17:25.883593,SYNTHETIC,CAPTURED,SUCCESS,2026-01-01T00:17:32.078172,6.19,normal_success,,False
P0001137,O0001137,C001389,M0006,3050.51,INR,CARD,BANK_C,2026-01-02T01:15:58.234052,SYNTHETIC,CAPTURED,SUCCESS,2026-01-02T01:16:07.600561,9.37,normal_success,,False
P0001138,O0001138,C001256,M0012,95.23,INR,CARD,BANK_A,2026-01-01T23:46:34.171111,SYNTHETIC,CAPTURED,SUCCESS,2026-01-01T23:46:40.765517,6.59,normal_success,,False
P0001139,O0001139,C002313,M0006,529.22,INR,CARD,BANK_A,2026-01-01T15:25:29.399491,SYNTHETIC,CAPTURED,SUCCESS,2026-01-01T15:25:39.168896,9.77,normal_success,,False
P0001140,O0001140,C001735,M0011,14930.84,INR,WALLET,BANK_B,2026-01-01T10:48:27.068052,SYNTHETIC,CAPTURED,SUCCESS,2026-01-01T10:48:34.047627,6.98,normal_success,,False
P0001141,O0001141,C003059,M0013,835.86,INR,NETBANKING,BANK_D,2026-01-02T02:56:25.439713,SYNTHETIC,CAPTURED,SUCCESS,2026-01-02T02:56:31.312888,5.87,normal_success,,False
P0001142,O0001142,C001000,M0016,1572.28,INR,NETBANKING,BANK_C,2026-01-01T07:49:26.057209,SYNTHETIC,CAPTURED,SUCCESS,2026-01-01T07:49:32.157838,6.1,normal_success,,False
P0001143,O0001143,C002176,M0010,138.88,INR,CARD,BANK_E,2026-01-01T13:22:36.790718,SYNTHETIC,CAPTURED,SUCCESS,2026-01-01T13:22:43.171275,6.38,normal_success,,False
P0001144,O0001144,C001801,M0001,1437.37,INR,UPI,BANK_B,2026-01-02T03:34:22.200559,SYNTHETIC,CAPTURED,SUCCESS,2026-01-02T03:34:30.760779,8.56,normal_success,,False
P0001145,O0001145,C003058,M0016,145.06,INR,UPI,BANK_E,2026-01-01T11:35:57.034864,SYNTHETIC,CAPTURED,SUCCESS,2026-01-01T11:36:07.069747,10.03,normal_success,,False
P0001146,O0001146,C001815,M0010,440.32,INR,WALLET,BANK_E,2026-01-01T07:39:20.077826,SYNTHETIC,CAPTURED,SUCCESS,2026-01-01T07:39:24.462365,4.38,normal_success,,False
P0001147,O0001147,C003785,M0020,316.49,INR,NETBANKING,BANK_D,2026-01-01T21:28:31.222168,SYNTHETIC,CAPTURED,SUCCESS,2026-01-01T21:28:34.461033,3.24,normal_success,,False
P0001148,O0001148,C002076,M0007,1774.27,INR,NETBANKING,BANK_B,2026-01-02T10:40:08.259804,SYNTHETIC,CAPTURED,SUCCESS,2026-01-02T10:40:16.177933,7.92,normal_success,,False
P0001149,O0001149,C003906,M0004,728.78,INR,CARD,BANK_E,2026-01-01T23:15:44.829959,SYNTHETIC,CAPTURED,SUCCESS,2026-01-01T23:15:53.213561,8.38,normal_success,,False
P0001150,O0001150,C003592,M0009,1186.35,INR,NETBANKING,BANK_A,2026-01-02T23:57:18.265976,SYNTHETIC,CAPTURED,SUCCESS,2026-01-02T23:57:23.211951,4.95,normal_success,,True
P0001151,O0001151,C001061,M0015,523.03,INR,CARD,BANK_B,2026-01-02T12:36:07.153164,SYNTHETIC,CAPTURED,SUCCESS,2026-01-02T12:36:14.153731,7.0,normal_success,,False
P0001152,O0001152,C003420,M0017,1193.5,INR,UPI,BANK_A,2026-01-01T14:53:56.226242,SYNTHETIC,CAPTURED,SUCCESS,2026-01-01T14:57:50.793904,234.57,late_capture,,False
P0001153,O0001153,C001394,M0023,501.49,INR,WALLET,BANK_E,2026-01-02T17:52:43.308637,SYNTHETIC,CAPTURED,SUCCESS,2026-01-02T17:52:52.030030,8.72,normal_success,,False
P0001154,O0001154,C001016,M0000,1045.4,INR,WALLET,BANK_C,2026-01-01T08:30:32.793728,SYNTHETIC,CAPTURED,SUCCESS,2026-01-01T08:30:38.506955,5.71,normal_success,,False
P0001155,O0001155,C000667,M0005,1961.86,INR,CARD,BANK_B,2026-01-01T03:14:34.828633,SYNTHETIC,CAPTURED,SUCCESS,2026-01-01T03:14:39.148246,4.32,normal_success,,True
P0001156,O0001156,C001629,M0015,1525.76,INR,CARD,BANK_E,2026-01-02T15:55:44.259304,SYNTHETIC,CAPTURED,SUCCESS,2026-01-02T15:58:21.418583,157.16,late_capture,,False
P0001157,O0001157,C001997,M0012,874.25,INR,CARD,BANK_E,2026-01-01T03:39:20.344688,SYNTHETIC,CAPTURED,SUCCESS,2026-01-01T03:39:27.821046,7.48,normal_success,,False
P0001158,O0001158,C001865,M0006,884.75,INR,NETBANKING,BANK_B,2026-01-02T03:59:19.049266,SYNTHETIC,CAPTURED,SUCCESS,2026-01-02T03:59:26.607466,7.56,normal_success,,False
P0001159,O0001159,C001441,M0004,4942.36,INR,WALLET,BANK_C,2026-01-01T09:45:24.047228,SYNTHETIC,CAPTURED,SUCCESS,2026-01-01T09:45:32.303504,8.26,normal_success,,True
P0001160,O0001160,C001080,M0020,137.81,INR,UPI,BANK_D,2026-01-01T11:33:00.406113,SYNTHETIC,CAPTURED,SUCCESS,2026-01-01T11:33:07.781057,7.37,normal_success,,False
P0001161,O0001161,C002615,M0019,1406.04,INR,UPI,BANK_A,2026-01-02T20:24:01.046715,SYNTHETIC,CAPTURED,SUCCESS,2026-01-02T20:24:10.047766,9.0,normal_success,,False
P0001162,O0001162,C000438,M0016,384.66,INR,WALLET,BANK_B,2026-01-02T02:30:23.989047,SYNTHETIC,CAPTURED,SUCCESS,2026-01-02T02:30:33.033037,9.04,normal_success,,False
P0001163,O0001163,C003326,M0001,683.45,INR,UPI,BANK_E,2026-01-01T14:38:04.080313,SYNTHETIC,CAPTURED,SUCCESS,2026-01-01T14:38:11.076646,7.0,normal_success,,False
P0001164,O0001164,C002790,M0016,885.22,INR,CARD,BANK_A,2026-01-01T20:05:30.337717,SYNTHETIC,CAPTURED,SUCCESS,2026-01-01T20:05:38.520970,8.18,normal_success,,False
P0001165,O0001165,C003738,M0022,1162.7,INR,UPI,BANK_D,2026-01-02T15:55:35.217239,SYNTHETIC,CAPTURED,SUCCESS,2026-01-02T15:55:41.506745,6.29,normal_success,,False
P0001166,O0001166,C002550,M0014,67.35,INR,CARD,BANK_B,2026-01-01T04:28:21.346349,SYNTHETIC,CAPTURED,SUCCESS,2026-01-01T04:28:29.256041,7.91,normal_success,,False
P0001167,O0001167,C003551,M0019,2520.72,INR,CARD,BANK_D,2026-01-01T05:42:48.002761,SYNTHETIC,CAPTURED,SUCCESS,2026-01-01T05:42:53.652559,5.65,normal_success,,False
P0001168,O0001168,C000673,M0019,748.45,INR,CARD,BANK_D,2026-01-02T18:22:11.985757,SYNTHETIC,CAPTURED,SUCCESS,2026-01-02T18:22:19.647948,7.66,normal_success,,False
P0001169,O0001169,C001971,M0006,190.75,INR,WALLET,BANK_D,2026-01-01T05:46:25.820205,SYNTHETIC,CAPTURED,SUCCESS,2026-01-01T05:46:29.214900,3.39,normal_success,,False
P0001170,O0001170,C002498,M0000,119.72,INR,CARD,BANK_D,2026-01-02T09:11:03.217645,SYNTHETIC,CAPTURED,SUCCESS,2026-01-02T09:11:09.470414,6.25,normal_success,,False
P0001171,O0001171,C000076,M0011,839.51,INR,NETBANKING,BANK_D,2026-01-01T05:14:48.007523,SYNTHETIC,CAPTURED,SUCCESS,2026-01-01T05:17:54.221516,186.21,late_capture,,False
P0001172,O0001172,C003352,M0020,201.95,INR,NETBANKING,BANK_C,2026-01-02T16:03:34.060971,SYNTHETIC,CAPTURED,SUCCESS,2026-01-02T16:03:39.362065,5.3,normal_success,,False
P0001173,O0001173,C002405,M0010,298.07,INR,NETBANKING,BANK_A,2026-01-02T09:06:29.979192,SYNTHETIC,CAPTURED,SUCCESS,2026-01-02T09:06:38.628400,8.65,normal_success,,False
P0001174,O0001174,C003011,M0012,2336.91,INR,CARD,BANK_D,2026-01-02T04:18:24.570389,SYNTHETIC,CAPTURED,SUCCESS,2026-01-02T04:20:19.621830,115.05,late_capture,,False
P0001175,O0001175,C001129,M0021,444.49,INR,NETBANKING,BANK_D,2026-01-02T19:28:23.571702,SYNTHETIC,CAPTURED,SUCCESS,2026-01-02T19:28:30.856673,7.28,normal_success,,True
P0001176,O0001176,C003471,M0023,18595.27,INR,CARD,BANK_C,2026-01-01T00:08:31.664954,SYNTHETIC,CAPTURED,SUCCESS,2026-01-01T00:08:39.513004,7.85,normal_success,,False
P0001177,O0001177,C002680,M0015,1401.97,INR,CARD,BANK_D,2026-01-01T21:48:28.237281,SYNTHETIC,CAPTURED,SUCCESS,2026-01-01T21:51:52.766085,204.53,late_capture,,False
P0001178,O0001178,C003335,M0000,385.61,INR,NETBANKING,BANK_B,2026-01-02T00:12:31.960843,SYNTHETIC,CAPTURED,SUCCESS,2026-01-02T00:12:39.343981,7.38,normal_success,,False
P0001179,O0001179,C001780,M0004,1206.92,INR,NETBANKING,BANK_A,2026-01-02T18:58:35.168372,SYNTHETIC,CAPTURED,SUCCESS,2026-01-02T18:58:39.561478,4.39,normal_success,,True
P0001180,O0001180,C000024,M0022,498.88,INR,UPI,BANK_A,2026-01-02T05:55:09.986250,SYNTHETIC,CAPTURED,SUCCESS,2026-01-02T05:55:15.045803,5.06,normal_success,,False
P0001181,O0001181,C003886,M0012,401.36,INR,CARD,BANK_E,2026-01-02T23:45:00.416079,SYNTHETIC,CAPTURED,SUCCESS,2026-01-02T23:45:07.251698,6.84,normal_success,,False
P0001182,O0001182,C000215,M0006,1464.41,INR,UPI,BANK_A,2026-01-01T02:31:50.381099,SYNTHETIC,CAPTURED,SUCCESS,2026-01-01T02:32:49.202880,58.82,late_capture,INC0001,False
P0001183,O0001183,C002115,M0022,1387.92,INR,WALLET,BANK_B,2026-01-01T03:30:15.146027,SYNTHETIC,CAPTURED,SUCCESS,2026-01-01T03:30:20.744288,5.6,normal_success,,False
P0001184,O0001184,C001139,M0003,482.68,INR,CARD,BANK_D,2026-01-02T03:23:16.518208,SYNTHETIC,CAPTURED,SUCCESS,2026-01-02T03:23:24.565196,8.05,normal_success,,False
P0001185,O0001185,C000234,M0002,542.54,INR,UPI,BANK_A,2026-01-02T18:31:07.514147,SYNTHETIC,CAPTURED,SUCCESS,2026-01-02T18:31:15.528675,8.01,normal_success,,True
P0001186,O0001186,C003463,M0022,916.93,INR,NETBANKING,BANK_C,2026-01-02T05:16:45.088521,SYNTHETIC,CAPTURED,SUCCESS,2026-01-02T05:16:51.770296,6.68,normal_success,,False
P0001187,O0001187,C002251,M0017,1262.34,INR,NETBANKING,BANK_B,2026-01-02T05:40:34.355291,SYNTHETIC,CAPTURED,SUCCESS,2026-01-02T05:40:41.972370,7.62,normal_success,,True
P0001188,O0001188,C001004,M0023,4610.69,INR,CARD,BANK_D,2026-01-01T06:32:05.262229,SYNTHETIC,CAPTURED,SUCCESS,2026-01-01T06:32:13.243003,7.98,normal_success,,False
P0001189,O0001189,C003691,M0020,915.16,INR,WALLET,BANK_D,2026-01-02T23:05:43.176557,SYNTHETIC,CAPTURED,SUCCESS,2026-01-02T23:05:47.262944,4.09,normal_success,,False
P0001190,O0001190,C001173,M0003,3158.91,INR,WALLET,BANK_A,2026-01-01T18:55:32.167742,SYNTHETIC,CAPTURED,SUCCESS,2026-01-01T18:55:38.549120,6.38,normal_success,,False
P0001191,O0001191,C001450,M0019,542.75,INR,CARD,BANK_D,2026-01-02T21:00:03.199251,SYNTHETIC,CAPTURED,SUCCESS,2026-01-02T21:00:09.924084,6.72,normal_success,,False
P0001192,O0001192,C000264,M0021,236.44,INR,CARD,BANK_C,2026-01-01T11:43:11.028903,SYNTHETIC,CAPTURED,SUCCESS,2026-01-01T11:43:17.417916,6.39,normal_success,,False
P0001193,O0001193,C003222,M0016,247.26,INR,NETBANKING,BANK_C,2026-01-02T02:34:41.517984,SYNTHETIC,CAPTURED,SUCCESS,2026-01-02T02:34:46.529427,5.01,normal_success,,False
P0001194,O0001194,C000619,M0019,629.94,INR,CARD,BANK_D,2026-01-02T07:27:28.123816,SYNTHETIC,CAPTURED,SUCCESS,2026-01-02T07:27:31.293803,3.17,normal_success,,False
P0001195,O0001195,C000443,M0008,793.97,INR,UPI,BANK_A,2026-01-01T20:17:54.664175,SYNTHETIC,CAPTURED,SUCCESS,2026-01-01T20:17:59.481732,4.82,normal_success,,False
P0001196,O0001196,C002262,M0018,322.41,INR,UPI,BANK_A,2026-01-01T12:33:03.659448,SYNTHETIC,CAPTURED,SUCCESS,2026-01-01T12:34:49.960591,106.3,late_capture,,False
P0001197,O0001197,C002411,M0023,136.57,INR,NETBANKING,BANK_C,2026-01-02T18:31:57.578257,SYNTHETIC,CAPTURED,SUCCESS,2026-01-02T18:32:03.870401,6.29,normal_success,,False
P0001198,O0001198,C001875,M0020,312.66,INR,WALLET,BANK_E,2026-01-02T09:25:54.050677,SYNTHETIC,CAPTURED,SUCCESS,2026-01-02T09:25:58.870452,4.82,normal_success,,False
P0001199,O0001199,C000422,M0020,591.35,INR,NETBANKING,BANK_A,2026-01-02T13:56:21.827815,SYNTHETIC,CAPTURED,SUCCESS,2026-01-02T13:58:54.071520,152.24,late_capture,,False
P0001200,O0001200,C000015,M0021,1364.12,INR,NETBANKING,BANK_C,2026-01-01T21:36:37.633071,SYNTHETIC,CAPTURED,SUCCESS,2026-01-01T21:36:43.601066,5.97,normal_success,,False
P0001201,O0001201,C002329,M0022,664.17,INR,WALLET,BANK_C,2026-01-02T19:15:40.141980,SYNTHETIC,CAPTURED,SUCCESS,2026-01-02T19:15:45.769040,5.63,normal_success,,False
P0001202,O0001202,C002821,M0013,414.55,INR,NETBANKING,BANK_A,2026-01-02T20:18:28.603724,SYNTHETIC,CAPTURED,SUCCESS,2026-01-02T20:18:31.752675,3.15,normal_success,,False
P0001203,O0001203,C000731,M0010,155.04,INR,UPI,BANK_C,2026-01-01T07:17:08.752973,SYNTHETIC,CAPTURED,SUCCESS,2026-01-01T07:17:14.319650,5.57,normal_success,,False
P0001204,O0001204,C000777,M0003,712.48,INR,WALLET,BANK_A,2026-01-02T13:29:34.911219,SYNTHETIC,CAPTURED,SUCCESS,2026-01-02T13:29:44.474676,9.56,normal_success,,False
P0001205,O0001205,C001028,M0021,431.89,INR,WALLET,BANK_C,2026-01-01T16:06:50.671918,SYNTHETIC,CAPTURED,SUCCESS,2026-01-01T16:06:59.724793,9.05,normal_success,,False
P0001206,O0001206,C003155,M0011,613.33,INR,UPI,BANK_B,2026-01-02T11:47:58.488052,SYNTHETIC,CAPTURED,SUCCESS,2026-01-02T11:48:02.809429,4.32,normal_success,,True
P0001207,O0001207,C002626,M0019,797.03,INR,CARD,BANK_C,2026-01-01T23:38:26.447430,SYNTHETIC,CAPTURED,SUCCESS,2026-01-01T23:38:32.058046,5.61,normal_success,,False
P0001208,O0001208,C002595,M0015,133.77,INR,WALLET,BANK_D,2026-01-01T08:20:49.253416,SYNTHETIC,CAPTURED,SUCCESS,2026-01-01T08:20:56.174823,6.92,normal_success,,False
P0001209,O0001209,C000993,M0019,348.79,INR,WALLET,BANK_D,2026-01-01T21:21:23.730819,SYNTHETIC,CAPTURED,SUCCESS,2026-01-01T21:21:28.604422,4.87,normal_success,,False
P0001210,O0001210,C001091,M0016,8607.11,INR,NETBANKING,BANK_E,2026-01-02T11:26:33.203276,SYNTHETIC,CAPTURED,SUCCESS,2026-01-02T11:26:38.670196,5.47,normal_success,,False
P0001211,O0001211,C002474,M0002,1767.64,INR,NETBANKING,BANK_E,2026-01-02T19:00:48.044861,SYNTHETIC,CAPTURED,SUCCESS,2026-01-02T19:00:55.596340,7.55,normal_success,,False
P0001212,O0001212,C000973,M0003,749.51,INR,WALLET,BANK_A,2026-01-01T03:52:28.089658,SYNTHETIC,CAPTURED,SUCCESS,2026-01-01T03:52:35.606498,7.52,normal_success,,False
P0001213,O0001213,C000590,M0016,129.16,INR,NETBANKING,BANK_C,2026-01-02T06:09:09.276882,SYNTHETIC,CAPTURED,SUCCESS,2026-01-02T06:09:19.458372,10.18,normal_success,,False
P0001214,O0001214,C003704,M0012,975.12,INR,CARD,BANK_A,2026-01-02T04:30:51.234221,SYNTHETIC,CAPTURED,SUCCESS,2026-01-02T04:30:56.899010,5.66,normal_success,,False
P0001215,O0001215,C000225,M0006,566.69,INR,CARD,BANK_E,2026-01-01T12:22:08.216689,SYNTHETIC,CAPTURED,SUCCESS,2026-01-01T12:22:15.834878,7.62,normal_success,,False
P0001216,O0001216,C001631,M0016,346.47,INR,UPI,BANK_D,2026-01-02T12:44:47.857858,SYNTHETIC,CAPTURED,SUCCESS,2026-01-02T12:44:53.184906,5.33,normal_success,,False
P0001217,O0001217,C001601,M0009,2466.1,INR,WALLET,BANK_A,2026-01-02T04:54:37.960585,SYNTHETIC,CAPTURED,SUCCESS,2026-01-02T04:54:44.187691,6.23,normal_success,,False
P0001218,O0001218,C001450,M0002,2918.74,INR,WALLET,BANK_C,2026-01-02T10:43:34.978622,SYNTHETIC,CAPTURED,SUCCESS,2026-01-02T10:43:39.419680,4.44,normal_success,,True
P0001219,O0001219,C002552,M0010,2890.72,INR,CARD,BANK_E,2026-01-02T23:06:40.714101,SYNTHETIC,CAPTURED,SUCCESS,2026-01-02T23:06:47.648347,6.93,normal_success,,False
P0001220,O0001220,C002860,M0012,163.7,INR,CARD,BANK_B,2026-01-01T14:47:11.167101,SYNTHETIC,CAPTURED,SUCCESS,2026-01-01T14:47:21.385584,10.22,normal_success,,False
P0001221,O0001221,C002283,M0017,3279.95,INR,NETBANKING,BANK_A,2026-01-01T23:52:21.772423,SYNTHETIC,CAPTURED,SUCCESS,2026-01-01T23:52:27.296192,5.52,normal_success,,True
P0001222,O0001222,C000947,M0017,1247.3,INR,UPI,BANK_C,2026-01-02T18:37:00.898034,SYNTHETIC,CAPTURED,SUCCESS,2026-01-02T18:42:47.241551,346.34,late_capture,,False
P0001223,O0001223,C002229,M0018,490.15,INR,CARD,BANK_B,2026-01-02T14:48:49.717563,SYNTHETIC,FAILED,FAILED,2026-01-02T14:48:50.995791,1.28,genuine_failure,,False
P0001224,O0001224,C001407,M0023,397.27,INR,NETBANKING,BANK_C,2026-01-02T23:35:47.782560,SYNTHETIC,CAPTURED,SUCCESS,2026-01-02T23:35:58.082361,10.3,normal_success,,False
P0001225,O0001225,C002912,M0011,355.48,INR,WALLET,BANK_B,2026-01-01T21:48:01.464725,SYNTHETIC,CAPTURED,SUCCESS,2026-01-01T21:48:07.823795,6.36,normal_success,,False
P0001226,O0001226,C000045,M0009,1607.26,INR,NETBANKING,BANK_D,2026-01-02T17:56:54.984521,SYNTHETIC,CAPTURED,SUCCESS,2026-01-02T17:57:03.864267,8.88,normal_success,,False
P0001227,O0001227,C002966,M0012,604.37,INR,UPI,BANK_D,2026-01-01T22:40:10.826228,SYNTHETIC,FAILED,FAILED,2026-01-01T22:40:12.604508,1.78,genuine_failure,,False
P0001228,O0001228,C002473,M0008,3890.72,INR,NETBANKING,BANK_B,2026-01-01T07:54:13.027054,SYNTHETIC,CAPTURED,SUCCESS,2026-01-01T07:54:21.299469,8.27,normal_success,,False
P0001229,O0001229,C001716,M0017,322.47,INR,NETBANKING,BANK_C,2026-01-02T23:54:53.269305,SYNTHETIC,CAPTURED,SUCCESS,2026-01-02T23:55:01.210213,7.94,normal_success,,False
P0001230,O0001230,C002682,M0003,1139.55,INR,UPI,BANK_D,2026-01-01T01:55:24.141488,SYNTHETIC,CAPTURED,SUCCESS,2026-01-01T01:55:31.331856,7.19,normal_success,INC0001,False
P0001231,O0001231,C000602,M0014,10166.56,INR,UPI,BANK_A,2026-01-02T11:27:10.297303,SYNTHETIC,CAPTURED,SUCCESS,2026-01-02T11:27:15.518886,5.22,normal_success,,True
P0001232,O0001232,C002491,M0005,624.79,INR,WALLET,BANK_C,2026-01-02T22:25:28.628650,SYNTHETIC,CAPTURED,SUCCESS,2026-01-02T22:25:32.941948,4.31,normal_success,,False
P0001233,O0001233,C000857,M0015,2086.23,INR,UPI,BANK_D,2026-01-01T16:56:52.199739,SYNTHETIC,CAPTURED,SUCCESS,2026-01-01T16:56:59.315954,7.12,normal_success,,False
P0001234,O0001234,C001684,M0023,703.29,INR,WALLET,BANK_D,2026-01-01T09:13:10.146121,SYNTHETIC,CAPTURED,SUCCESS,2026-01-01T09:13:17.388156,7.24,normal_success,,True
P0001235,O0001235,C003989,M0022,1112.49,INR,WALLET,BANK_C,2026-01-02T11:49:22.957039,SYNTHETIC,CAPTURED,SUCCESS,2026-01-02T11:49:29.870623,6.91,normal_success,,False
P0001236,O0001236,C003817,M0004,122.11,INR,NETBANKING,BANK_E,2026-01-01T21:07:15.680309,SYNTHETIC,CAPTURED,SUCCESS,2026-01-01T21:07:21.011939,5.33,normal_success,,True
P0001237,O0001237,C003851,M0017,1383.1,INR,UPI,BANK_B,2026-01-02T13:16:54.647786,SYNTHETIC,CAPTURED,SUCCESS,2026-01-02T13:16:59.604233,4.96,normal_success,,False
P0001238,O0001238,C003777,M0016,344.18,INR,NETBANKING,BANK_C,2026-01-01T04:26:32.949992,SYNTHETIC,CAPTURED,SUCCESS,2026-01-01T04:26:37.391864,4.44,normal_success,,False
P0001239,O0001239,C001420,M0018,888.3,INR,UPI,BANK_C,2026-01-01T04:25:40.914034,SYNTHETIC,CAPTURED,SUCCESS,2026-01-01T04:25:47.027344,6.11,normal_success,,False
P0001240,O0001240,C001987,M0008,211.33,INR,UPI,BANK_D,2026-01-01T23:19:19.560955,SYNTHETIC,CAPTURED,SUCCESS,2026-01-01T23:19:25.681487,6.12,normal_success,,True
P0001241,O0001241,C001342,M0007,798.14,INR,WALLET,BANK_E,2026-01-02T01:38:59.569145,SYNTHETIC,CAPTURED,SUCCESS,2026-01-02T01:39:06.080842,6.51,normal_success,,False
P0001242,O0001242,C003909,M0006,533.62,INR,UPI,BANK_A,2026-01-02T22:27:56.727586,SYNTHETIC,CAPTURED,SUCCESS,2026-01-02T22:28:01.740854,5.01,normal_success,,False
P0001243,O0001243,C002547,M0010,782.69,INR,NETBANKING,BANK_E,2026-01-02T03:35:30.685186,SYNTHETIC,CAPTURED,SUCCESS,2026-01-02T03:35:38.011830,7.33,normal_success,,False
P0001244,O0001244,C002771,M0000,3264.75,INR,CARD,BANK_E,2026-01-01T16:41:44.114188,SYNTHETIC,CAPTURED,SUCCESS,2026-01-01T16:41:49.111120,5.0,normal_success,,False
P0001245,O0001245,C002771,M0023,833.39,INR,NETBANKING,BANK_B,2026-01-02T14:25:36.526006,SYNTHETIC,CAPTURED,SUCCESS,2026-01-02T14:25:44.231527,7.71,normal_success,,True
P0001246,O0001246,C001085,M0019,5954.84,INR,CARD,BANK_B,2026-01-02T00:09:41.375208,SYNTHETIC,CAPTURED,SUCCESS,2026-01-02T00:09:44.893072,3.52,normal_success,,True
P0001247,O0001247,C001727,M0021,161.04,INR,WALLET,BANK_E,2026-01-02T11:33:50.370707,SYNTHETIC,CAPTURED,SUCCESS,2026-01-02T11:33:53.150302,2.78,normal_success,,False
P0001248,O0001248,C000685,M0019,1422.13,INR,CARD,BANK_C,2026-01-01T03:56:47.390293,SYNTHETIC,CAPTURED,SUCCESS,2026-01-01T03:56:57.150413,9.76,normal_success,,True
P0001249,O0001249,C000704,M0006,2330.43,INR,NETBANKING,BANK_B,2026-01-02T21:55:52.481857,SYNTHETIC,CAPTURED,SUCCESS,2026-01-02T21:55:57.845362,5.36,normal_success,,False
P0001250,O0001250,C002147,M0014,21070.05,INR,NETBANKING,BANK_E,2026-01-01T05:53:25.483864,SYNTHETIC,CAPTURED,SUCCESS,2026-01-01T05:53:33.119671,7.64,normal_success,,False
P0001251,O0001251,C001338,M0023,2552.69,INR,WALLET,BANK_A,2026-01-02T08:42:27.572407,SYNTHETIC,CAPTURED,SUCCESS,2026-01-02T08:42:35.694570,8.12,normal_success,,False
P0001252,O0001252,C001241,M0021,205.88,INR,NETBANKING,BANK_C,2026-01-01T17:35:50.660005,SYNTHETIC,CAPTURED,SUCCESS,2026-01-01T17:35:55.089935,4.43,normal_success,,False
P0001253,O0001253,C002795,M0007,2904.92,INR,UPI,BANK_B,2026-01-01T09:39:59.348946,SYNTHETIC,CAPTURED,SUCCESS,2026-01-01T09:40:09.009805,9.66,normal_success,,False
P0001254,O0001254,C001184,M0012,294.45,INR,CARD,BANK_A,2026-01-01T04:43:03.295764,SYNTHETIC,FAILED,FAILED,2026-01-01T04:43:09.245353,5.95,genuine_failure,,False
P0001255,O0001255,C002666,M0016,700.47,INR,CARD,BANK_A,2026-01-02T13:03:33.000095,SYNTHETIC,CAPTURED,SUCCESS,2026-01-02T13:03:37.661949,4.66,normal_success,,True
P0001256,O0001256,C000958,M0003,516.08,INR,WALLET,BANK_D,2026-01-02T17:35:55.667242,SYNTHETIC,CAPTURED,SUCCESS,2026-01-02T17:35:57.935393,2.27,normal_success,,True
P0001257,O0001257,C003186,M0014,779.51,INR,CARD,BANK_B,2026-01-02T08:47:19.899682,SYNTHETIC,CAPTURED,SUCCESS,2026-01-02T08:47:25.721550,5.82,normal_success,,False
P0001258,O0001258,C002335,M0010,100.01,INR,WALLET,BANK_D,2026-01-02T06:52:22.932732,SYNTHETIC,CAPTURED,SUCCESS,2026-01-02T06:52:31.623834,8.69,normal_success,,False
P0001259,O0001259,C000914,M0022,1077.31,INR,UPI,BANK_A,2026-01-01T16:12:35.403013,SYNTHETIC,CAPTURED,SUCCESS,2026-01-01T16:12:42.570593,7.17,normal_success,,False
P0001260,O0001260,C000663,M0002,207.76,INR,UPI,BANK_A,2026-01-02T02:54:26.287184,SYNTHETIC,CAPTURED,SUCCESS,2026-01-02T02:54:32.664770,6.38,normal_success,,False
P0001261,O0001261,C001614,M0010,90.94,INR,NETBANKING,BANK_C,2026-01-01T16:51:20.616910,SYNTHETIC,CAPTURED,SUCCESS,2026-01-01T16:52:30.759400,70.14,late_capture,,False
P0001262,O0001262,C001561,M0008,2651.94,INR,NETBANKING,BANK_B,2026-01-02T18:47:20.523240,SYNTHETIC,CAPTURED,SUCCESS,2026-01-02T18:47:26.610504,6.09,normal_success,,True
P0001263,O0001263,C002343,M0024,312.07,INR,WALLET,BANK_B,2026-01-02T18:37:49.651544,SYNTHETIC,FAILED,FAILED,2026-01-02T18:37:56.025749,6.37,genuine_failure,,False
P0001264,O0001264,C001105,M0020,1089.17,INR,UPI,BANK_A,2026-01-02T11:45:40.034680,SYNTHETIC,CAPTURED,SUCCESS,2026-01-02T11:45:46.220789,6.19,normal_success,,False
P0001265,O0001265,C002196,M0011,2153.54,INR,CARD,BANK_B,2026-01-01T18:04:15.453450,SYNTHETIC,CAPTURED,SUCCESS,2026-01-01T18:04:23.060936,7.61,normal_success,,False
P0001266,O0001266,C000105,M0019,924.36,INR,UPI,BANK_C,2026-01-02T12:33:36.369559,SYNTHETIC,CAPTURED,SUCCESS,2026-01-02T12:36:31.216631,174.85,late_capture,,False
P0001267,O0001267,C003078,M0024,1412.85,INR,WALLET,BANK_D,2026-01-01T19:42:09.313280,SYNTHETIC,CAPTURED,SUCCESS,2026-01-01T19:42:13.684402,4.37,normal_success,,False
P0001268,O0001268,C001111,M0013,108.87,INR,NETBANKING,BANK_D,2026-01-02T01:14:36.400006,SYNTHETIC,CAPTURED,SUCCESS,2026-01-02T01:14:44.049870,7.65,normal_success,,False
P0001269,O0001269,C000546,M0001,942.86,INR,WALLET,BANK_E,2026-01-01T17:28:34.171837,SYNTHETIC,CAPTURED,SUCCESS,2026-01-01T17:28:42.792845,8.62,normal_success,,False
P0001270,O0001270,C000357,M0013,1181.08,INR,NETBANKING,BANK_A,2026-01-01T23:08:20.262260,SYNTHETIC,CAPTURED,SUCCESS,2026-01-01T23:08:27.982347,7.72,normal_success,,False
P0001271,O0001271,C003866,M0001,2338.43,INR,WALLET,BANK_A,2026-01-02T12:31:47.539638,SYNTHETIC,CAPTURED,SUCCESS,2026-01-02T12:31:52.230240,4.69,normal_success,,True
P0001272,O0001272,C002186,M0024,618.7,INR,WALLET,BANK_C,2026-01-02T00:13:07.716698,SYNTHETIC,CAPTURED,SUCCESS,2026-01-02T00:13:14.426482,6.71,normal_success,,False
P0001273,O0001273,C001979,M0023,1132.67,INR,UPI,BANK_C,2026-01-01T14:59:09.806143,SYNTHETIC,CAPTURED,SUCCESS,2026-01-01T14:59:20.353064,10.55,normal_success,,False
P0001274,O0001274,C000143,M0016,546.23,INR,UPI,BANK_C,2026-01-01T19:37:37.307793,SYNTHETIC,CAPTURED,SUCCESS,2026-01-01T19:37:44.923411,7.62,normal_success,,True
P0001275,O0001275,C000062,M0003,365.74,INR,WALLET,BANK_A,2026-01-01T19:51:35.978625,SYNTHETIC,CAPTURED,SUCCESS,2026-01-01T19:51:42.054351,6.08,normal_success,,False
P0001276,O0001276,C003649,M0010,547.46,INR,NETBANKING,BANK_E,2026-01-02T23:38:01.190570,SYNTHETIC,CAPTURED,SUCCESS,2026-01-02T23:38:06.708011,5.52,normal_success,,False
P0001277,O0001277,C002934,M0020,684.84,INR,WALLET,BANK_A,2026-01-01T21:46:15.498202,SYNTHETIC,CAPTURED,SUCCESS,2026-01-01T21:46:20.878440,5.38,normal_success,,False
P0001278,O0001278,C000271,M0024,871.65,INR,WALLET,BANK_A,2026-01-02T15:19:19.746041,SYNTHETIC,CAPTURED,SUCCESS,2026-01-02T15:19:27.116978,7.37,normal_success,,False
P0001279,O0001279,C002015,M0024,923.31,INR,WALLET,BANK_B,2026-01-01T09:11:13.527526,SYNTHETIC,CAPTURED,SUCCESS,2026-01-01T09:11:23.403517,9.88,normal_success,,False
P0001280,O0001280,C003143,M0010,741.15,INR,CARD,BANK_B,2026-01-01T16:31:12.136372,SYNTHETIC,CAPTURED,SUCCESS,2026-01-01T16:31:19.610389,7.47,normal_success,,False
P0001281,O0001281,C000609,M0015,537.79,INR,CARD,BANK_C,2026-01-02T04:01:06.814904,SYNTHETIC,CAPTURED,SUCCESS,2026-01-02T04:01:14.491678,7.68,normal_success,,False
P0001282,O0001282,C000130,M0009,1559.57,INR,WALLET,BANK_A,2026-01-01T12:46:14.766429,SYNTHETIC,CAPTURED,SUCCESS,2026-01-01T12:46:21.027499,6.26,normal_success,,False
P0001283,O0001283,C003115,M0001,604.99,INR,UPI,BANK_D,2026-01-02T18:48:58.724855,SYNTHETIC,CAPTURED,SUCCESS,2026-01-02T18:49:03.112966,4.39,normal_success,,False
P0001284,O0001284,C000635,M0023,271.22,INR,NETBANKING,BANK_E,2026-01-01T23:50:09.234636,SYNTHETIC,CAPTURED,SUCCESS,2026-01-01T23:50:12.911278,3.68,normal_success,INC0000,True
P0001285,O0001285,C000737,M0008,287.98,INR,NETBANKING,BANK_E,2026-01-02T03:32:53.956665,SYNTHETIC,CAPTURED,SUCCESS,2026-01-02T03:32:57.647013,3.69,normal_success,,False
P0001286,O0001286,C000664,M0002,267.09,INR,NETBANKING,BANK_D,2026-01-02T17:17:42.313891,SYNTHETIC,CAPTURED,SUCCESS,2026-01-02T17:17:50.216169,7.9,normal_success,,True
P0001287,O0001287,C000931,M0004,1266.23,INR,NETBANKING,BANK_D,2026-01-01T15:47:28.833945,SYNTHETIC,CAPTURED,SUCCESS,2026-01-01T15:53:36.544117,367.71,late_capture,,False
P0001288,O0001288,C003939,M0005,644.08,INR,WALLET,BANK_E,2026-01-02T11:23:01.309947,SYNTHETIC,CAPTURED,SUCCESS,2026-01-02T11:23:09.876186,8.57,normal_success,,False
P0001289,O0001289,C000376,M0007,1602.81,INR,WALLET,BANK_C,2026-01-02T08:33:18.156698,SYNTHETIC,CAPTURED,SUCCESS,2026-01-02T08:33:24.434339,6.28,normal_success,,True
P0001290,O0001290,C002350,M0018,1254.5,INR,WALLET,BANK_C,2026-01-01T03:54:31.278909,SYNTHETIC,CAPTURED,SUCCESS,2026-01-01T03:54:40.092592,8.81,normal_success,,True
P0001291,O0001291,C002673,M0024,203.65,INR,CARD,BANK_C,2026-01-02T05:41:51.280050,SYNTHETIC,CAPTURED,SUCCESS,2026-01-02T05:41:58.922924,7.64,normal_success,,False
P0001292,O0001292,C000513,M0002,1515.82,INR,UPI,BANK_E,2026-01-01T09:16:03.137182,SYNTHETIC,CAPTURED,SUCCESS,2026-01-01T09:16:06.791086,3.65,normal_success,,False
P0001293,O0001293,C001437,M0022,1157.2,INR,CARD,BANK_C,2026-01-02T23:30:34.239703,SYNTHETIC,CAPTURED,SUCCESS,2026-01-02T23:30:38.824171,4.58,normal_success,,False
P0001294,O0001294,C003012,M0002,913.83,INR,NETBANKING,BANK_D,2026-01-01T16:23:35.862586,SYNTHETIC,CAPTURED,SUCCESS,2026-01-01T16:23:41.844484,5.98,normal_success,,False
P0001295,O0001295,C001039,M0004,705.23,INR,WALLET,BANK_B,2026-01-01T07:55:59.959860,SYNTHETIC,CAPTURED,SUCCESS,2026-01-01T07:56:03.505041,3.55,normal_success,,False
P0001296,O0001296,C001194,M0003,375.77,INR,CARD,BANK_D,2026-01-02T23:31:41.726294,SYNTHETIC,CAPTURED,SUCCESS,2026-01-02T23:31:47.419968,5.69,normal_success,,False
P0001297,O0001297,C001889,M0002,126.35,INR,NETBANKING,BANK_D,2026-01-02T14:32:15.356099,SYNTHETIC,CAPTURED,SUCCESS,2026-01-02T14:32:21.393174,6.04,normal_success,,True
P0001298,O0001298,C001245,M0023,73.02,INR,UPI,BANK_D,2026-01-01T15:35:19.945333,SYNTHETIC,CAPTURED,SUCCESS,2026-01-01T15:35:26.739786,6.79,normal_success,,False
P0001299,O0001299,C001613,M0002,720.18,INR,NETBANKING,BANK_E,2026-01-02T13:09:38.813543,SYNTHETIC,CAPTURED,SUCCESS,2026-01-02T13:09:46.989984,8.18,normal_success,,False
P0001300,O0001300,C003409,M0023,5176.48,INR,CARD,BANK_D,2026-01-01T01:23:23.937946,SYNTHETIC,CAPTURED,SUCCESS,2026-01-01T01:23:31.496641,7.56,normal_success,,False
P0001301,O0001301,C002100,M0013,1496.9,INR,NETBANKING,BANK_A,2026-01-02T05:38:04.996008,SYNTHETIC,CAPTURED,SUCCESS,2026-01-02T05:38:10.193897,5.2,normal_success,,False
P0001302,O0001302,C000898,M0020,280.94,INR,CARD,BANK_D,2026-01-02T09:05:17.764164,SYNTHETIC,CAPTURED,SUCCESS,2026-01-02T09:05:21.142687,3.38,normal_success,,False
P0001303,O0001303,C000370,M0017,718.87,INR,UPI,BANK_D,2026-01-01T17:08:14.241326,SYNTHETIC,CAPTURED,SUCCESS,2026-01-01T17:08:23.537654,9.3,normal_success,,False
P0001304,O0001304,C002941,M0023,621.43,INR,NETBANKING,BANK_E,2026-01-02T14:56:05.159010,SYNTHETIC,CAPTURED,SUCCESS,2026-01-02T14:56:10.370008,5.21,normal_success,,False
P0001305,O0001305,C003349,M0020,61.51,INR,NETBANKING,BANK_E,2026-01-01T12:14:11.473570,SYNTHETIC,CAPTURED,SUCCESS,2026-01-01T12:14:19.010362,7.54,normal_success,,False
P0001306,O0001306,C002653,M0005,4763.31,INR,CARD,BANK_D,2026-01-01T06:31:07.691707,SYNTHETIC,CAPTURED,SUCCESS,2026-01-01T06:31:12.458776,4.77,normal_success,,False
P0001307,O0001307,C001609,M0015,1238.13,INR,UPI,BANK_B,2026-01-02T05:07:09.498517,SYNTHETIC,CAPTURED,SUCCESS,2026-01-02T05:07:15.544027,6.05,normal_success,,True
P0001308,O0001308,C000715,M0017,294.14,INR,CARD,BANK_B,2026-01-01T17:51:16.172344,SYNTHETIC,CAPTURED,SUCCESS,2026-01-01T17:51:19.281234,3.11,normal_success,,False
P0001309,O0001309,C003302,M0001,1550.71,INR,UPI,BANK_A,2026-01-01T05:00:44.544351,SYNTHETIC,CAPTURED,SUCCESS,2026-01-01T05:00:51.950828,7.41,normal_success,,False
P0001310,O0001310,C002263,M0023,726.15,INR,WALLET,BANK_A,2026-01-02T17:37:34.330387,SYNTHETIC,CAPTURED,SUCCESS,2026-01-02T17:37:41.562811,7.23,normal_success,,False
P0001311,O0001311,C000806,M0001,312.35,INR,UPI,BANK_C,2026-01-01T19:53:50.999596,SYNTHETIC,FAILED,FAILED,2026-01-01T19:53:56.168255,5.17,genuine_failure,,False
P0001312,O0001312,C000783,M0005,3355.43,INR,NETBANKING,BANK_C,2026-01-01T22:55:07.734244,SYNTHETIC,CAPTURED,SUCCESS,2026-01-01T22:55:16.215846,8.48,normal_success,,False
P0001313,O0001313,C002658,M0011,304.04,INR,UPI,BANK_D,2026-01-01T09:03:23.649022,SYNTHETIC,CAPTURED,SUCCESS,2026-01-01T09:03:33.458230,9.81,normal_success,,False
P0001314,O0001314,C001421,M0013,350.12,INR,NETBANKING,BANK_E,2026-01-01T21:56:50.698672,SYNTHETIC,CAPTURED,SUCCESS,2026-01-01T21:56:57.130149,6.43,normal_success,,False
P0001315,O0001315,C002394,M0003,723.28,INR,NETBANKING,BANK_C,2026-01-01T04:09:33.928979,SYNTHETIC,CAPTURED,SUCCESS,2026-01-01T04:09:40.359802,6.43,normal_success,,False
P0001316,O0001316,C002281,M0024,3296.84,INR,WALLET,BANK_C,2026-01-01T15:44:09.646571,SYNTHETIC,CAPTURED,SUCCESS,2026-01-01T15:44:14.209947,4.56,normal_success,,False
P0001317,O0001317,C002209,M0015,2613.54,INR,UPI,BANK_C,2026-01-02T13:04:16.891883,SYNTHETIC,CAPTURED,SUCCESS,2026-01-02T13:04:24.513521,7.62,normal_success,,False
P0001318,O0001318,C003565,M0018,1468.85,INR,UPI,BANK_B,2026-01-02T10:27:03.356226,SYNTHETIC,CAPTURED,SUCCESS,2026-01-02T10:27:12.908696,9.55,normal_success,,False
P0001319,O0001319,C002784,M0005,816.18,INR,NETBANKING,BANK_A,2026-01-02T22:49:02.372138,SYNTHETIC,CAPTURED,SUCCESS,2026-01-02T22:49:05.503429,3.13,normal_success,,False
P0001320,O0001320,C003322,M0007,1314.09,INR,NETBANKING,BANK_D,2026-01-02T16:37:26.292844,SYNTHETIC,CAPTURED,SUCCESS,2026-01-02T16:37:35.487959,9.2,normal_success,,False
P0001321,O0001321,C002720,M0022,144.71,INR,UPI,BANK_C,2026-01-01T04:15:04.410797,SYNTHETIC,CAPTURED,SUCCESS,2026-01-01T04:15:08.782795,4.37,normal_success,,False
P0001322,O0001322,C002433,M0022,803.16,INR,NETBANKING,BANK_C,2026-01-01T04:41:34.581139,SYNTHETIC,CAPTURED,SUCCESS,2026-01-01T04:41:42.152465,7.57,normal_success,,False
P0001323,O0001323,C002102,M0002,2508.32,INR,NETBANKING,BANK_A,2026-01-01T05:39:49.773815,SYNTHETIC,CAPTURED,SUCCESS,2026-01-01T05:39:55.732988,5.96,normal_success,,False
P0001324,O0001324,C000697,M0021,1212.5,INR,CARD,BANK_D,2026-01-02T09:16:23.281439,SYNTHETIC,CAPTURED,SUCCESS,2026-01-02T09:19:59.816432,216.53,late_capture,,False
P0001325,O0001325,C002836,M0007,1965.26,INR,UPI,BANK_A,2026-01-02T00:16:49.040284,SYNTHETIC,CAPTURED,SUCCESS,2026-01-02T00:16:58.028672,8.99,normal_success,,True
P0001326,O0001326,C003954,M0009,303.41,INR,NETBANKING,BANK_C,2026-01-01T13:33:47.846612,SYNTHETIC,CAPTURED,SUCCESS,2026-01-01T13:38:22.640623,274.79,late_capture,,False
P0001327,O0001327,C001003,M0017,435.84,INR,UPI,BANK_D,2026-01-02T17:51:20.176973,SYNTHETIC,CAPTURED,SUCCESS,2026-01-02T17:51:30.307819,10.13,normal_success,,False
P0001328,O0001328,C000151,M0018,523.5,INR,UPI,BANK_C,2026-01-02T13:55:29.954897,SYNTHETIC,CAPTURED,SUCCESS,2026-01-02T13:55:33.974764,4.02,normal_success,,False
P0001329,O0001329,C002953,M0008,1697.94,INR,CARD,BANK_E,2026-01-02T13:28:36.334992,SYNTHETIC,CAPTURED,SUCCESS,2026-01-02T13:28:40.680968,4.35,normal_success,,False
P0001330,O0001330,C001863,M0021,744.83,INR,CARD,BANK_B,2026-01-02T03:42:37.213422,SYNTHETIC,CAPTURED,SUCCESS,2026-01-02T03:42:44.261467,7.05,normal_success,,False
P0001331,O0001331,C000136,M0017,369.14,INR,UPI,BANK_D,2026-01-02T00:11:06.531254,SYNTHETIC,CAPTURED,SUCCESS,2026-01-02T00:11:11.764737,5.23,normal_success,,False
P0001332,O0001332,C000705,M0000,75.93,INR,CARD,BANK_C,2026-01-01T12:24:32.913424,SYNTHETIC,CAPTURED,SUCCESS,2026-01-01T12:24:38.122127,5.21,normal_success,,False
P0001333,O0001333,C000948,M0001,1337.69,INR,UPI,BANK_E,2026-01-02T13:28:00.825709,SYNTHETIC,CAPTURED,SUCCESS,2026-01-02T13:28:05.640944,4.82,normal_success,,False
P0001334,O0001334,C002116,M0014,4892.17,INR,NETBANKING,BANK_A,2026-01-02T15:54:04.829930,SYNTHETIC,CAPTURED,SUCCESS,2026-01-02T15:54:12.031297,7.2,normal_success,,False
P0001335,O0001335,C003774,M0014,984.5,INR,UPI,BANK_D,2026-01-01T20:03:08.227331,SYNTHETIC,CAPTURED,SUCCESS,2026-01-01T20:03:16.139922,7.91,normal_success,,False
P0001336,O0001336,C002903,M0018,856.29,INR,UPI,BANK_B,2026-01-02T14:55:12.656143,SYNTHETIC,CAPTURED,SUCCESS,2026-01-02T14:55:20.539476,7.88,normal_success,,False
P0001337,O0001337,C001099,M0014,428.55,INR,UPI,BANK_D,2026-01-02T05:22:05.048888,SYNTHETIC,CAPTURED,SUCCESS,2026-01-02T05:22:10.026647,4.98,normal_success,,False
P0001338,O0001338,C003573,M0000,1160.79,INR,WALLET,BANK_C,2026-01-02T07:49:19.193510,SYNTHETIC,CAPTURED,SUCCESS,2026-01-02T07:49:24.907398,5.71,normal_success,,False
P0001339,O0001339,C002639,M0009,726.19,INR,CARD,BANK_E,2026-01-01T19:50:59.795715,SYNTHETIC,CAPTURED,SUCCESS,2026-01-01T19:52:19.939872,80.14,late_capture,,False
P0001340,O0001340,C000335,M0024,782.56,INR,NETBANKING,BANK_B,2026-01-02T01:36:37.210221,SYNTHETIC,CAPTURED,SUCCESS,2026-01-02T01:36:45.703493,8.49,normal_success,,False
P0001341,O0001341,C002418,M0013,952.5,INR,NETBANKING,BANK_A,2026-01-02T10:57:00.715526,SYNTHETIC,CAPTURED,SUCCESS,2026-01-02T10:57:05.269458,4.55,normal_success,,False
P0001342,O0001342,C000179,M0021,708.83,INR,WALLET,BANK_D,2026-01-02T20:20:03.716082,SYNTHETIC,CAPTURED,SUCCESS,2026-01-02T20:20:07.542002,3.83,normal_success,,True
P0001343,O0001343,C003392,M0024,1104.37,INR,NETBANKING,BANK_A,2026-01-01T19:58:22.416276,SYNTHETIC,CAPTURED,SUCCESS,2026-01-01T19:58:28.754325,6.34,normal_success,,False
P0001344,O0001344,C000978,M0024,4460.51,INR,NETBANKING,BANK_E,2026-01-01T19:37:32.485840,SYNTHETIC,CAPTURED,SUCCESS,2026-01-01T19:37:39.503981,7.02,normal_success,,True
P0001345,O0001345,C002511,M0017,1151.82,INR,NETBANKING,BANK_A,2026-01-01T03:22:17.362311,SYNTHETIC,CAPTURED,SUCCESS,2026-01-01T03:22:23.945835,6.58,normal_success,,False
P0001346,O0001346,C002348,M0002,1635.81,INR,UPI,BANK_D,2026-01-02T15:00:55.869680,SYNTHETIC,CAPTURED,SUCCESS,2026-01-02T15:00:58.697286,2.83,normal_success,,False
P0001347,O0001347,C000645,M0017,936.35,INR,UPI,BANK_A,2026-01-01T03:57:19.977240,SYNTHETIC,CAPTURED,SUCCESS,2026-01-01T03:57:24.975548,5.0,normal_success,,False
P0001348,O0001348,C000689,M0007,1612.36,INR,UPI,BANK_E,2026-01-02T01:09:58.014488,SYNTHETIC,CAPTURED,SUCCESS,2026-01-02T01:10:06.100717,8.09,normal_success,,False
P0001349,O0001349,C002849,M0001,336.75,INR,UPI,BANK_C,2026-01-02T03:09:24.782773,SYNTHETIC,CAPTURED,SUCCESS,2026-01-02T03:09:28.033251,3.25,normal_success,,False
P0001350,O0001350,C000643,M0007,4237.99,INR,UPI,BANK_E,2026-01-02T06:36:33.050960,SYNTHETIC,CAPTURED,SUCCESS,2026-01-02T06:36:37.494205,4.44,normal_success,,False
P0001351,O0001351,C000625,M0021,1527.5,INR,WALLET,BANK_D,2026-01-01T13:00:00.539562,SYNTHETIC,CAPTURED,SUCCESS,2026-01-01T13:00:07.985699,7.45,normal_success,,True
P0001352,O0001352,C003744,M0014,48.63,INR,WALLET,BANK_A,2026-01-02T06:40:27.343513,SYNTHETIC,CAPTURED,SUCCESS,2026-01-02T06:40:37.031571,9.69,normal_success,,False
P0001353,O0001353,C003237,M0013,1850.62,INR,NETBANKING,BANK_E,2026-01-02T15:38:44.262085,SYNTHETIC,CAPTURED,SUCCESS,2026-01-02T15:38:48.654935,4.39,normal_success,,False
P0001354,O0001354,C002052,M0009,317.35,INR,NETBANKING,BANK_A,2026-01-02T21:19:08.167137,SYNTHETIC,CAPTURED,SUCCESS,2026-01-02T21:19:14.178563,6.01,normal_success,,False
P0001355,O0001355,C002211,M0012,705.42,INR,CARD,BANK_A,2026-01-01T07:57:27.120378,SYNTHETIC,CAPTURED,SUCCESS,2026-01-01T07:57:34.025688,6.91,normal_success,,False
P0001356,O0001356,C001049,M0021,6829.82,INR,WALLET,BANK_D,2026-01-01T20:56:33.159766,SYNTHETIC,CAPTURED,SUCCESS,2026-01-01T20:56:38.874265,5.71,normal_success,,False
P0001357,O0001357,C001167,M0013,197.88,INR,NETBANKING,BANK_C,2026-01-02T17:44:28.681837,SYNTHETIC,FAILED,FAILED,2026-01-02T17:44:35.239524,6.56,genuine_failure,,False
P0001358,O0001358,C002631,M0015,102.72,INR,CARD,BANK_D,2026-01-01T22:11:51.534867,SYNTHETIC,CAPTURED,SUCCESS,2026-01-01T22:11:57.165797,5.63,normal_success,,False
P0001359,O0001359,C002840,M0003,627.78,INR,UPI,BANK_A,2026-01-02T20:26:18.874635,SYNTHETIC,CAPTURED,SUCCESS,2026-01-02T20:26:26.712195,7.84,normal_success,,False
P0001360,O0001360,C001248,M0001,170.85,INR,UPI,BANK_E,2026-01-02T05:43:02.524669,SYNTHETIC,CAPTURED,SUCCESS,2026-01-02T05:43:07.299906,4.78,normal_success,,False
P0001361,O0001361,C002825,M0006,1337.59,INR,NETBANKING,BANK_C,2026-01-02T20:41:45.946916,SYNTHETIC,CAPTURED,SUCCESS,2026-01-02T20:41:48.691459,2.74,normal_success,,False
P0001362,O0001362,C003407,M0023,557.33,INR,UPI,BANK_A,2026-01-01T16:22:48.358580,SYNTHETIC,CAPTURED,SUCCESS,2026-01-01T16:22:54.788837,6.43,normal_success,,False
P0001363,O0001363,C002244,M0002,513.06,INR,UPI,BANK_D,2026-01-01T15:06:43.412751,SYNTHETIC,CAPTURED,SUCCESS,2026-01-01T15:10:50.913592,247.5,late_capture,,False
P0001364,O0001364,C000250,M0002,134.37,INR,NETBANKING,BANK_B,2026-01-01T04:41:22.029131,SYNTHETIC,CAPTURED,SUCCESS,2026-01-01T04:41:27.614613,5.59,normal_success,,False
P0001365,O0001365,C002578,M0020,2846.81,INR,CARD,BANK_C,2026-01-01T03:57:23.282119,SYNTHETIC,CAPTURED,SUCCESS,2026-01-01T03:57:27.300026,4.02,normal_success,,False
P0001366,O0001366,C002328,M0008,147.01,INR,UPI,BANK_D,2026-01-02T06:45:49.283159,SYNTHETIC,CAPTURED,SUCCESS,2026-01-02T06:45:56.083196,6.8,normal_success,,False
P0001367,O0001367,C002009,M0014,433.15,INR,WALLET,BANK_B,2026-01-01T14:08:28.570808,SYNTHETIC,CAPTURED,SUCCESS,2026-01-01T14:08:35.581108,7.01,normal_success,,False
P0001368,O0001368,C001702,M0003,820.02,INR,CARD,BANK_D,2026-01-02T14:38:57.737806,SYNTHETIC,CAPTURED,SUCCESS,2026-01-02T14:44:39.983294,342.25,late_capture,,False
P0001369,O0001369,C001238,M0010,199.97,INR,WALLET,BANK_B,2026-01-02T01:53:00.381988,SYNTHETIC,CAPTURED,SUCCESS,2026-01-02T01:53:08.819625,8.44,normal_success,,False
P0001370,O0001370,C003399,M0001,218.06,INR,UPI,BANK_B,2026-01-02T20:39:28.855231,SYNTHETIC,CAPTURED,SUCCESS,2026-01-02T20:39:33.874454,5.02,normal_success,,True
P0001371,O0001371,C002798,M0011,947.54,INR,UPI,BANK_E,2026-01-02T04:19:09.659216,SYNTHETIC,CAPTURED,SUCCESS,2026-01-02T04:19:15.309494,5.65,normal_success,,False
P0001372,O0001372,C000398,M0012,841.83,INR,CARD,BANK_C,2026-01-02T08:02:30.876481,SYNTHETIC,FAILED,FAILED,2026-01-02T08:02:32.522533,1.65,genuine_failure,,False
P0001373,O0001373,C001535,M0016,234.54,INR,WALLET,BANK_D,2026-01-01T03:30:26.698109,SYNTHETIC,CAPTURED,SUCCESS,2026-01-01T03:30:33.428611,6.73,normal_success,,False
P0001374,O0001374,C003435,M0002,1817.33,INR,UPI,BANK_A,2026-01-02T08:11:39.998627,SYNTHETIC,CAPTURED,SUCCESS,2026-01-02T08:11:47.588729,7.59,normal_success,,False
P0001375,O0001375,C000544,M0014,166.48,INR,UPI,BANK_B,2026-01-01T07:03:50.402961,SYNTHETIC,CAPTURED,SUCCESS,2026-01-01T07:03:56.666858,6.26,normal_success,,False
P0001376,O0001376,C001174,M0009,1123.73,INR,NETBANKING,BANK_D,2026-01-02T06:31:27.021666,SYNTHETIC,CAPTURED,SUCCESS,2026-01-02T06:31:32.950616,5.93,normal_success,,False
P0001377,O0001377,C001776,M0014,734.6,INR,CARD,BANK_D,2026-01-02T04:48:56.422924,SYNTHETIC,CAPTURED,SUCCESS,2026-01-02T04:49:04.652666,8.23,normal_success,,False
P0001378,O0001378,C001523,M0014,208.47,INR,CARD,BANK_E,2026-01-02T00:10:01.893122,SYNTHETIC,CAPTURED,SUCCESS,2026-01-02T00:10:07.833333,5.94,normal_success,INC0000,False
P0001379,O0001379,C003733,M0008,468.64,INR,NETBANKING,BANK_E,2026-01-01T07:28:02.348366,SYNTHETIC,CAPTURED,SUCCESS,2026-01-01T07:28:05.730001,3.38,normal_success,,False
P0001380,O0001380,C003335,M0003,582.46,INR,UPI,BANK_D,2026-01-02T14:21:56.557361,SYNTHETIC,CAPTURED,SUCCESS,2026-01-02T14:25:38.539457,221.98,late_capture,,False
P0001381,O0001381,C003472,M0021,2064.74,INR,NETBANKING,BANK_D,2026-01-01T06:36:34.123368,SYNTHETIC,CAPTURED,SUCCESS,2026-01-01T06:36:40.713936,6.59,normal_success,,False
P0001382,O0001382,C002187,M0002,191.28,INR,WALLET,BANK_C,2026-01-02T16:37:23.411591,SYNTHETIC,CAPTURED,SUCCESS,2026-01-02T16:37:27.309577,3.9,normal_success,,True
P0001383,O0001383,C001526,M0017,220.14,INR,NETBANKING,BANK_C,2026-01-01T08:14:04.537997,SYNTHETIC,CAPTURED,SUCCESS,2026-01-01T08:14:12.667128,8.13,normal_success,,True
P0001384,O0001384,C001951,M0014,500.8,INR,WALLET,BANK_D,2026-01-02T21:27:48.202767,SYNTHETIC,CAPTURED,SUCCESS,2026-01-02T21:27:51.446853,3.24,normal_success,,False
P0001385,O0001385,C000878,M0003,605.27,INR,NETBANKING,BANK_B,2026-01-02T16:16:52.583859,SYNTHETIC,FAILED,FAILED,2026-01-02T16:16:53.748777,1.16,genuine_failure,,False
P0001386,O0001386,C002594,M0005,1187.75,INR,UPI,BANK_E,2026-01-01T05:41:53.480534,SYNTHETIC,CAPTURED,SUCCESS,2026-01-01T05:41:59.256554,5.78,normal_success,,False
P0001387,O0001387,C003155,M0022,848.19,INR,NETBANKING,BANK_C,2026-01-01T17:48:56.185258,SYNTHETIC,CAPTURED,SUCCESS,2026-01-01T17:49:03.190497,7.01,normal_success,,False
P0001388,O0001388,C003017,M0003,875.8,INR,WALLET,BANK_D,2026-01-02T14:49:11.960173,SYNTHETIC,CAPTURED,SUCCESS,2026-01-02T14:49:17.053089,5.09,normal_success,,False
P0001389,O0001389,C000079,M0015,1310.14,INR,NETBANKING,BANK_A,2026-01-01T22:31:57.413357,SYNTHETIC,CAPTURED,SUCCESS,2026-01-01T22:32:04.273876,6.86,normal_success,,False
P0001390,O0001390,C001627,M0014,689.91,INR,UPI,BANK_E,2026-01-02T14:43:54.694858,SYNTHETIC,CAPTURED,SUCCESS,2026-01-02T14:44:01.677899,6.98,normal_success,,False
P0001391,O0001391,C001316,M0022,209.73,INR,WALLET,BANK_B,2026-01-02T12:19:49.229781,SYNTHETIC,CAPTURED,SUCCESS,2026-01-02T12:19:56.705898,7.48,normal_success,,False
P0001392,O0001392,C001619,M0024,909.79,INR,NETBANKING,BANK_D,2026-01-01T00:49:45.314578,SYNTHETIC,CAPTURED,SUCCESS,2026-01-01T00:49:50.382826,5.07,normal_success,,False
P0001393,O0001393,C000108,M0004,962.28,INR,NETBANKING,BANK_C,2026-01-02T10:22:37.318215,SYNTHETIC,CAPTURED,SUCCESS,2026-01-02T10:22:45.554782,8.24,normal_success,,True
P0001394,O0001394,C000764,M0000,389.27,INR,CARD,BANK_C,2026-01-02T20:10:03.871612,SYNTHETIC,CAPTURED,SUCCESS,2026-01-02T20:10:12.925342,9.05,normal_success,,False
P0001395,O0001395,C000364,M0022,867.68,INR,WALLET,BANK_E,2026-01-02T01:39:07.584949,SYNTHETIC,CAPTURED,SUCCESS,2026-01-02T01:39:14.938837,7.35,normal_success,,False
P0001396,O0001396,C000046,M0010,500.75,INR,WALLET,BANK_A,2026-01-01T14:00:45.912040,SYNTHETIC,CAPTURED,SUCCESS,2026-01-01T14:00:52.794345,6.88,normal_success,,True
P0001397,O0001397,C003923,M0020,156.35,INR,WALLET,BANK_B,2026-01-02T00:06:23.997434,SYNTHETIC,CAPTURED,SUCCESS,2026-01-02T00:06:29.746214,5.75,normal_success,,False
P0001398,O0001398,C001114,M0009,293.35,INR,UPI,BANK_C,2026-01-02T03:56:27.062787,SYNTHETIC,CAPTURED,SUCCESS,2026-01-02T03:56:30.527425,3.46,normal_success,,False
P0001399,O0001399,C000384,M0002,411.77,INR,WALLET,BANK_C,2026-01-01T06:19:53.839294,SYNTHETIC,CAPTURED,SUCCESS,2026-01-01T06:20:00.688130,6.85,normal_success,,False
P0001400,O0001400,C003107,M0002,1122.42,INR,NETBANKING,BANK_D,2026-01-01T07:07:38.172875,SYNTHETIC,CAPTURED,SUCCESS,2026-01-01T07:07:45.724552,7.55,normal_success,,False
P0001401,O0001401,C003349,M0016,986.27,INR,CARD,BANK_E,2026-01-02T11:30:44.181766,SYNTHETIC,CAPTURED,SUCCESS,2026-01-02T11:30:53.843988,9.66,normal_success,,False
P0001402,O0001402,C002035,M0021,313.75,INR,UPI,BANK_E,2026-01-02T21:48:46.884440,SYNTHETIC,CAPTURED,SUCCESS,2026-01-02T21:48:53.130285,6.25,normal_success,,False
P0001403,O0001403,C000589,M0020,1259.45,INR,WALLET,BANK_E,2026-01-02T18:58:50.265879,SYNTHETIC,CAPTURED,SUCCESS,2026-01-02T18:58:55.073461,4.81,normal_success,,False
P0001404,O0001404,C001801,M0002,416.98,INR,UPI,BANK_E,2026-01-01T08:44:00.168180,SYNTHETIC,CAPTURED,SUCCESS,2026-01-01T08:44:06.793262,6.63,normal_success,,True
P0001405,O0001405,C001634,M0022,1528.05,INR,WALLET,BANK_D,2026-01-02T20:43:31.684630,SYNTHETIC,CAPTURED,SUCCESS,2026-01-02T20:46:32.925662,181.24,late_capture,,False
P0001406,O0001406,C000455,M0014,50.47,INR,NETBANKING,BANK_C,2026-01-01T01:53:42.772260,SYNTHETIC,CAPTURED,SUCCESS,2026-01-01T01:53:48.380184,5.61,normal_success,INC0001,False
P0001407,O0001407,C000699,M0004,1012.54,INR,UPI,BANK_C,2026-01-01T20:53:09.060715,SYNTHETIC,CAPTURED,SUCCESS,2026-01-01T20:53:13.746911,4.69,normal_success,,False
P0001408,O0001408,C003330,M0021,304.1,INR,UPI,BANK_A,2026-01-02T00:05:53.040566,SYNTHETIC,CAPTURED,SUCCESS,2026-01-02T00:05:58.347562,5.31,normal_success,,False
P0001409,O0001409,C001139,M0018,374.68,INR,UPI,BANK_D,2026-01-02T02:22:52.792938,SYNTHETIC,CAPTURED,SUCCESS,2026-01-02T02:23:00.011505,7.22,normal_success,,True
P0001410,O0001410,C002460,M0023,595.91,INR,CARD,BANK_E,2026-01-01T12:33:16.162932,SYNTHETIC,CAPTURED,SUCCESS,2026-01-01T12:33:20.785106,4.62,normal_success,,False
P0001411,O0001411,C003711,M0012,136.98,INR,CARD,BANK_E,2026-01-01T12:27:04.979767,SYNTHETIC,CAPTURED,SUCCESS,2026-01-01T12:27:12.918298,7.94,normal_success,,True
P0001412,O0001412,C001134,M0009,284.26,INR,WALLET,BANK_C,2026-01-01T13:17:22.400377,SYNTHETIC,CAPTURED,SUCCESS,2026-01-01T13:17:30.971249,8.57,normal_success,,False
P0001413,O0001413,C003751,M0023,998.65,INR,UPI,BANK_A,2026-01-01T02:51:58.916720,SYNTHETIC,CAPTURED,SUCCESS,2026-01-01T02:52:04.875361,5.96,normal_success,INC0001,False
P0001414,O0001414,C000975,M0020,232.54,INR,WALLET,BANK_D,2026-01-02T07:15:54.060954,SYNTHETIC,CAPTURED,SUCCESS,2026-01-02T07:16:02.040184,7.98,normal_success,,False
P0001415,O0001415,C003786,M0013,308.55,INR,UPI,BANK_D,2026-01-01T11:54:35.163059,SYNTHETIC,CAPTURED,SUCCESS,2026-01-01T11:54:43.117088,7.95,normal_success,,True
P0001416,O0001416,C002238,M0024,408.85,INR,CARD,BANK_D,2026-01-01T17:33:19.228011,SYNTHETIC,FAILED,FAILED,2026-01-01T17:33:20.405585,1.18,genuine_failure,,False
P0001417,O0001417,C001131,M0021,1362.54,INR,CARD,BANK_C,2026-01-02T14:23:22.803848,SYNTHETIC,CAPTURED,SUCCESS,2026-01-02T14:23:29.844765,7.04,normal_success,,False
P0001418,O0001418,C001123,M0020,777.7,INR,UPI,BANK_C,2026-01-01T14:24:37.847315,SYNTHETIC,CAPTURED,SUCCESS,2026-01-01T14:24:43.397469,5.55,normal_success,,True
P0001419,O0001419,C000862,M0009,329.63,INR,CARD,BANK_E,2026-01-02T18:48:47.806412,SYNTHETIC,CAPTURED,SUCCESS,2026-01-02T18:48:54.625164,6.82,normal_success,,False
P0001420,O0001420,C000736,M0004,567.16,INR,CARD,BANK_A,2026-01-01T06:23:58.600568,SYNTHETIC,CAPTURED,SUCCESS,2026-01-01T06:24:05.827539,7.23,normal_success,,False
P0001421,O0001421,C001396,M0018,395.54,INR,UPI,BANK_E,2026-01-01T21:09:07.305029,SYNTHETIC,CAPTURED,SUCCESS,2026-01-01T21:09:13.146318,5.84,normal_success,,True
P0001422,O0001422,C002216,M0021,3820.76,INR,NETBANKING,BANK_B,2026-01-02T18:18:11.963886,SYNTHETIC,CAPTURED,SUCCESS,2026-01-02T18:18:21.403055,9.44,normal_success,,False
P0001423,O0001423,C000143,M0008,4446.45,INR,WALLET,BANK_D,2026-01-02T09:19:47.237469,SYNTHETIC,CAPTURED,SUCCESS,2026-01-02T09:19:54.041834,6.8,normal_success,,False
P0001424,O0001424,C000882,M0010,755.87,INR,UPI,BANK_E,2026-01-01T12:15:58.654739,SYNTHETIC,CAPTURED,SUCCESS,2026-01-01T12:16:04.130748,5.48,normal_success,,False
P0001425,O0001425,C003026,M0018,274.31,INR,UPI,BANK_D,2026-01-01T01:05:53.132758,SYNTHETIC,CAPTURED,SUCCESS,2026-01-01T01:05:57.227153,4.09,normal_success,,True
P0001426,O0001426,C001638,M0014,250.28,INR,UPI,BANK_E,2026-01-01T17:59:10.186586,SYNTHETIC,CAPTURED,SUCCESS,2026-01-01T17:59:19.223501,9.04,normal_success,,False
P0001427,O0001427,C000663,M0021,1698.47,INR,UPI,BANK_D,2026-01-01T03:47:03.733567,SYNTHETIC,CAPTURED,SUCCESS,2026-01-01T03:47:11.876845,8.14,normal_success,,False
P0001428,O0001428,C001860,M0019,1925.15,INR,CARD,BANK_E,2026-01-02T07:27:29.915029,SYNTHETIC,FAILED,FAILED,2026-01-02T07:27:35.676569,5.76,genuine_failure,,False
P0001429,O0001429,C000003,M0000,907.55,INR,WALLET,BANK_C,2026-01-02T09:46:52.400151,SYNTHETIC,FAILED,FAILED,2026-01-02T09:47:00.094746,7.69,genuine_failure,,False
P0001430,O0001430,C003468,M0023,379.72,INR,NETBANKING,BANK_C,2026-01-02T00:51:44.481687,SYNTHETIC,CAPTURED,SUCCESS,2026-01-02T00:51:49.964785,5.48,normal_success,,False
P0001431,O0001431,C000277,M0022,120.91,INR,WALLET,BANK_B,2026-01-01T02:45:32.851077,SYNTHETIC,CAPTURED,SUCCESS,2026-01-01T02:45:36.353361,3.5,normal_success,INC0001,False
P0001432,O0001432,C000916,M0018,4119.14,INR,CARD,BANK_A,2026-01-02T06:54:25.007585,SYNTHETIC,CAPTURED,SUCCESS,2026-01-02T06:54:29.155763,4.15,normal_success,,False
P0001433,O0001433,C002436,M0003,632.64,INR,UPI,BANK_D,2026-01-02T18:22:16.013726,SYNTHETIC,CAPTURED,SUCCESS,2026-01-02T18:22:21.658270,5.64,normal_success,,False
P0001434,O0001434,C002555,M0002,1149.31,INR,NETBANKING,BANK_A,2026-01-01T12:21:12.721038,SYNTHETIC,CAPTURED,SUCCESS,2026-01-01T12:21:18.166927,5.45,normal_success,,False
P0001435,O0001435,C001993,M0024,870.24,INR,CARD,BANK_E,2026-01-01T19:06:03.914574,SYNTHETIC,CAPTURED,SUCCESS,2026-01-01T19:06:11.748575,7.83,normal_success,,False
P0001436,O0001436,C000393,M0013,601.45,INR,CARD,BANK_D,2026-01-01T18:06:27.338761,SYNTHETIC,CAPTURED,SUCCESS,2026-01-01T18:06:30.625403,3.29,normal_success,,False
P0001437,O0001437,C001931,M0023,1669.33,INR,WALLET,BANK_B,2026-01-01T01:08:58.275555,SYNTHETIC,CAPTURED,SUCCESS,2026-01-01T01:09:03.977250,5.7,normal_success,,False
P0001438,O0001438,C000786,M0004,1817.83,INR,CARD,BANK_B,2026-01-01T23:31:35.777909,SYNTHETIC,CAPTURED,SUCCESS,2026-01-01T23:31:38.108325,2.33,normal_success,,True
P0001439,O0001439,C002731,M0002,624.24,INR,UPI,BANK_B,2026-01-01T22:12:11.855128,SYNTHETIC,CAPTURED,SUCCESS,2026-01-01T22:12:17.824591,5.97,normal_success,,False
P0001440,O0001440,C001640,M0010,952.23,INR,WALLET,BANK_A,2026-01-02T13:53:33.505197,SYNTHETIC,CAPTURED,SUCCESS,2026-01-02T13:53:41.631306,8.13,normal_success,,True
P0001441,O0001441,C001047,M0001,1291.45,INR,UPI,BANK_E,2026-01-02T20:28:14.902109,SYNTHETIC,CAPTURED,SUCCESS,2026-01-02T20:28:20.567876,5.67,normal_success,,False
P0001442,O0001442,C001618,M0010,541.92,INR,NETBANKING,BANK_C,2026-01-01T16:02:14.350330,SYNTHETIC,CAPTURED,SUCCESS,2026-01-01T16:02:20.049700,5.7,normal_success,,False
P0001443,O0001443,C000630,M0000,839.75,INR,WALLET,BANK_E,2026-01-01T18:02:45.201069,SYNTHETIC,CAPTURED,SUCCESS,2026-01-01T18:02:49.214756,4.01,normal_success,,False
P0001444,O0001444,C003126,M0014,572.54,INR,NETBANKING,BANK_E,2026-01-01T15:50:05.601005,SYNTHETIC,CAPTURED,SUCCESS,2026-01-01T15:50:12.410490,6.81,normal_success,,False
P0001445,O0001445,C000997,M0007,974.77,INR,NETBANKING,BANK_C,2026-01-01T14:51:41.144750,SYNTHETIC,CAPTURED,SUCCESS,2026-01-01T14:51:47.093575,5.95,normal_success,,False
P0001446,O0001446,C002338,M0014,1018.47,INR,UPI,BANK_A,2026-01-01T09:08:46.919774,SYNTHETIC,CAPTURED,SUCCESS,2026-01-01T09:08:54.640143,7.72,normal_success,,False
P0001447,O0001447,C000097,M0006,12232.82,INR,UPI,BANK_E,2026-01-02T20:06:43.506561,SYNTHETIC,CAPTURED,SUCCESS,2026-01-02T20:06:51.221491,7.71,normal_success,,False
P0001448,O0001448,C002208,M0004,1194.78,INR,WALLET,BANK_D,2026-01-01T10:15:52.615473,SYNTHETIC,CAPTURED,SUCCESS,2026-01-01T10:16:01.153642,8.54,normal_success,,False
P0001449,O0001449,C000553,M0017,185.74,INR,UPI,BANK_D,2026-01-01T21:36:36.123806,SYNTHETIC,CAPTURED,SUCCESS,2026-01-01T21:36:41.201065,5.08,normal_success,,False
P0001450,O0001450,C002633,M0013,154.02,INR,CARD,BANK_E,2026-01-02T22:08:10.635575,SYNTHETIC,CAPTURED,SUCCESS,2026-01-02T22:08:18.491181,7.86,normal_success,,True
P0001451,O0001451,C003094,M0012,136.74,INR,CARD,BANK_D,2026-01-01T09:47:53.423201,SYNTHETIC,CAPTURED,SUCCESS,2026-01-01T09:48:00.471016,7.05,normal_success,,False
P0001452,O0001452,C002135,M0016,475.89,INR,CARD,BANK_D,2026-01-02T09:59:41.635964,SYNTHETIC,CAPTURED,SUCCESS,2026-01-02T09:59:50.925292,9.29,normal_success,,False
P0001453,O0001453,C001147,M0014,2276.09,INR,NETBANKING,BANK_D,2026-01-01T00:16:32.066749,SYNTHETIC,CAPTURED,SUCCESS,2026-01-01T00:16:39.785828,7.72,normal_success,,False
P0001454,O0001454,C001234,M0009,830.06,INR,NETBANKING,BANK_A,2026-01-02T05:07:34.790878,SYNTHETIC,CAPTURED,SUCCESS,2026-01-02T05:07:42.707465,7.92,normal_success,,True
P0001455,O0001455,C002840,M0015,2079.66,INR,NETBANKING,BANK_D,2026-01-02T12:56:55.155969,SYNTHETIC,CAPTURED,SUCCESS,2026-01-02T12:56:58.882523,3.73,normal_success,,False
P0001456,O0001456,C002882,M0003,812.05,INR,UPI,BANK_E,2026-01-02T00:44:33.272620,SYNTHETIC,CAPTURED,SUCCESS,2026-01-02T00:44:42.784315,9.51,normal_success,INC0000,False
P0001457,O0001457,C002641,M0018,406.69,INR,UPI,BANK_D,2026-01-02T20:50:48.462378,SYNTHETIC,CAPTURED,SUCCESS,2026-01-02T20:50:57.216020,8.75,normal_success,,False
P0001458,O0001458,C000740,M0016,2806.25,INR,CARD,BANK_A,2026-01-01T22:30:08.183915,SYNTHETIC,CAPTURED,SUCCESS,2026-01-01T22:30:12.447730,4.26,normal_success,,False
P0001459,O0001459,C002065,M0004,602.6,INR,UPI,BANK_D,2026-01-01T06:30:55.576572,SYNTHETIC,CAPTURED,SUCCESS,2026-01-01T06:31:02.007163,6.43,normal_success,,False
P0001460,O0001460,C000298,M0003,1193.08,INR,CARD,BANK_C,2026-01-01T12:07:48.583505,SYNTHETIC,CAPTURED,SUCCESS,2026-01-01T12:11:00.190400,191.61,late_capture,,False
P0001461,O0001461,C003642,M0004,285.17,INR,CARD,BANK_D,2026-01-01T10:12:09.420656,SYNTHETIC,CAPTURED,SUCCESS,2026-01-01T10:12:14.985639,5.56,normal_success,,False
P0001462,O0001462,C000842,M0021,4587.82,INR,NETBANKING,BANK_E,2026-01-01T11:57:32.129020,SYNTHETIC,CAPTURED,SUCCESS,2026-01-01T12:03:21.248512,349.12,late_capture,,False
P0001463,O0001463,C003326,M0006,450.53,INR,CARD,BANK_A,2026-01-02T07:28:44.396794,SYNTHETIC,CAPTURED,SUCCESS,2026-01-02T07:28:50.890518,6.49,normal_success,,False
P0001464,O0001464,C001294,M0017,752.54,INR,WALLET,BANK_E,2026-01-02T19:18:28.873438,SYNTHETIC,CAPTURED,SUCCESS,2026-01-02T19:18:36.508407,7.63,normal_success,,False
P0001465,O0001465,C003599,M0020,721.4,INR,WALLET,BANK_C,2026-01-01T08:54:31.472894,SYNTHETIC,CAPTURED,SUCCESS,2026-01-01T08:54:42.262314,10.79,normal_success,,False
P0001466,O0001466,C003744,M0022,1291.27,INR,NETBANKING,BANK_A,2026-01-02T00:48:21.468812,SYNTHETIC,CAPTURED,SUCCESS,2026-01-02T00:48:30.161561,8.69,normal_success,,False
P0001467,O0001467,C003310,M0009,330.85,INR,CARD,BANK_C,2026-01-02T09:57:56.887865,SYNTHETIC,CAPTURED,SUCCESS,2026-01-02T09:58:03.152279,6.26,normal_success,,False
P0001468,O0001468,C002623,M0011,974.66,INR,WALLET,BANK_A,2026-01-01T08:27:23.091106,SYNTHETIC,CAPTURED,SUCCESS,2026-01-01T08:27:31.786802,8.7,normal_success,,True
P0001469,O0001469,C002382,M0013,3174.78,INR,CARD,BANK_D,2026-01-02T01:24:09.663321,SYNTHETIC,CAPTURED,SUCCESS,2026-01-02T01:24:16.326044,6.66,normal_success,,False
P0001470,O0001470,C001165,M0021,79.38,INR,CARD,BANK_B,2026-01-02T15:44:25.001561,SYNTHETIC,CAPTURED,SUCCESS,2026-01-02T15:44:28.336957,3.34,normal_success,,False
P0001471,O0001471,C000795,M0003,672.15,INR,NETBANKING,BANK_C,2026-01-01T22:19:31.658848,SYNTHETIC,CAPTURED,SUCCESS,2026-01-01T22:19:35.033969,3.38,normal_success,,False
P0001472,O0001472,C003871,M0004,281.51,INR,NETBANKING,BANK_A,2026-01-02T09:46:52.807248,SYNTHETIC,CAPTURED,SUCCESS,2026-01-02T09:46:58.151520,5.34,normal_success,,False
P0001473,O0001473,C002584,M0009,733.74,INR,NETBANKING,BANK_D,2026-01-01T15:34:41.367247,SYNTHETIC,CAPTURED,SUCCESS,2026-01-01T15:34:49.123820,7.76,normal_success,,False
P0001474,O0001474,C003884,M0011,1233.05,INR,WALLET,BANK_E,2026-01-01T10:20:26.128688,SYNTHETIC,CAPTURED,SUCCESS,2026-01-01T10:20:32.506417,6.38,normal_success,,True
P0001475,O0001475,C000315,M0016,54.99,INR,WALLET,BANK_D,2026-01-01T03:32:26.979404,SYNTHETIC,CAPTURED,SUCCESS,2026-01-01T03:32:35.443132,8.46,normal_success,,False
P0001476,O0001476,C000562,M0006,2027.85,INR,CARD,BANK_E,2026-01-01T01:02:24.419886,SYNTHETIC,CAPTURED,SUCCESS,2026-01-01T01:02:32.025306,7.61,normal_success,,False
P0001477,O0001477,C002107,M0005,1327.79,INR,UPI,BANK_B,2026-01-02T22:13:06.828915,SYNTHETIC,FAILED,FAILED,2026-01-02T22:13:12.049315,5.22,genuine_failure,,False
P0001478,O0001478,C000188,M0012,357.19,INR,WALLET,BANK_B,2026-01-01T14:06:39.728332,SYNTHETIC,CAPTURED,SUCCESS,2026-01-01T14:06:45.215979,5.49,normal_success,,False
P0001479,O0001479,C001020,M0023,1182.03,INR,WALLET,BANK_C,2026-01-01T14:42:40.425684,SYNTHETIC,CAPTURED,SUCCESS,2026-01-01T14:42:44.290270,3.86,normal_success,,False
P0001480,O0001480,C002157,M0006,2298.57,INR,UPI,BANK_B,2026-01-02T07:50:51.854378,SYNTHETIC,CAPTURED,SUCCESS,2026-01-02T07:50:55.945086,4.09,normal_success,,False
P0001481,O0001481,C000609,M0020,2038.79,INR,WALLET,BANK_C,2026-01-01T19:15:41.785102,SYNTHETIC,CAPTURED,SUCCESS,2026-01-01T19:15:47.658737,5.87,normal_success,,True
P0001482,O0001482,C003122,M0012,232.04,INR,CARD,BANK_A,2026-01-02T19:53:02.188942,SYNTHETIC,CAPTURED,SUCCESS,2026-01-02T19:53:07.983037,5.79,normal_success,,False
P0001483,O0001483,C001852,M0007,1404.57,INR,UPI,BANK_C,2026-01-01T02:09:28.392307,SYNTHETIC,FAILED,FAILED,2026-01-01T02:09:29.770550,1.38,genuine_failure,INC0001,False
P0001484,O0001484,C003597,M0022,1318.09,INR,CARD,BANK_D,2026-01-02T18:33:14.119857,SYNTHETIC,CAPTURED,SUCCESS,2026-01-02T18:39:42.026869,387.91,late_capture,,False
P0001485,O0001485,C000632,M0004,164.64,INR,CARD,BANK_B,2026-01-01T23:21:32.249195,SYNTHETIC,CAPTURED,SUCCESS,2026-01-01T23:21:35.241670,2.99,normal_success,,False
P0001486,O0001486,C003650,M0019,417.1,INR,WALLET,BANK_E,2026-01-02T11:52:13.977307,SYNTHETIC,CAPTURED,SUCCESS,2026-01-02T11:52:18.707405,4.73,normal_success,,False
P0001487,O0001487,C001640,M0016,2662.27,INR,NETBANKING,BANK_A,2026-01-02T18:25:26.150024,SYNTHETIC,CAPTURED,SUCCESS,2026-01-02T18:25:33.740308,7.59,normal_success,,False
P0001488,O0001488,C002768,M0003,317.64,INR,NETBANKING,BANK_D,2026-01-01T00:23:42.861380,SYNTHETIC,CAPTURED,SUCCESS,2026-01-01T00:24:58.746684,75.89,late_capture,,False
P0001489,O0001489,C002879,M0008,809.49,INR,UPI,BANK_A,2026-01-01T16:52:07.621838,SYNTHETIC,CAPTURED,SUCCESS,2026-01-01T16:52:13.572391,5.95,normal_success,,True
P0001490,O0001490,C003411,M0007,2840.42,INR,CARD,BANK_B,2026-01-02T19:02:45.683551,SYNTHETIC,CAPTURED,SUCCESS,2026-01-02T19:04:10.744410,85.06,late_capture,,False
P0001491,O0001491,C002158,M0017,167.46,INR,UPI,BANK_B,2026-01-02T11:05:49.010553,SYNTHETIC,CAPTURED,SUCCESS,2026-01-02T11:05:55.810672,6.8,normal_success,,False
P0001492,O0001492,C002789,M0017,917.03,INR,NETBANKING,BANK_D,2026-01-01T21:39:51.571964,SYNTHETIC,CAPTURED,SUCCESS,2026-01-01T21:40:01.081390,9.51,normal_success,,False
P0001493,O0001493,C002793,M0002,130.75,INR,UPI,BANK_A,2026-01-02T02:15:57.746248,SYNTHETIC,CAPTURED,SUCCESS,2026-01-02T02:16:07.098670,9.35,normal_success,,False
P0001494,O0001494,C003196,M0009,95.51,INR,NETBANKING,BANK_D,2026-01-01T04:28:18.804720,SYNTHETIC,CAPTURED,SUCCESS,2026-01-01T04:28:26.701755,7.9,normal_success,,False
P0001495,O0001495,C001639,M0012,934.2,INR,WALLET,BANK_A,2026-01-02T01:49:39.011257,SYNTHETIC,CAPTURED,SUCCESS,2026-01-02T01:49:47.846599,8.84,normal_success,,False
P0001496,O0001496,C002124,M0013,1011.59,INR,NETBANKING,BANK_C,2026-01-01T16:47:37.848477,SYNTHETIC,CAPTURED,SUCCESS,2026-01-01T16:47:43.386838,5.54,normal_success,,False
P0001497,O0001497,C003624,M0005,237.1,INR,CARD,BANK_E,2026-01-02T02:50:46.555350,SYNTHETIC,CAPTURED,SUCCESS,2026-01-02T02:50:52.332404,5.78,normal_success,,False
P0001498,O0001498,C000812,M0007,269.68,INR,UPI,BANK_E,2026-01-02T02:29:06.287624,SYNTHETIC,CAPTURED,SUCCESS,2026-01-02T02:29:10.087931,3.8,normal_success,,False
P0001499,O0001499,C000575,M0008,1104.4,INR,NETBANKING,BANK_B,2026-01-02T00:02:26.347338,SYNTHETIC,FAILED,FAILED,2026-01-02T00:02:28.300252,1.95,genuine_failure,,False
P0001500,O0001500,C003765,M0022,791.32,INR,NETBANKING,BANK_A,2026-01-02T00:27:50.253712,SYNTHETIC,CAPTURED,SUCCESS,2026-01-02T00:27:59.261454,9.01,normal_success,,False
P0001501,O0001501,C003888,M0005,489.01,INR,UPI,BANK_C,2026-01-02T00:44:44.038575,SYNTHETIC,CAPTURED,SUCCESS,2026-01-02T00:44:49.672443,5.63,normal_success,,False
P0001502,O0001502,C000743,M0023,520.63,INR,CARD,BANK_A,2026-01-02T07:53:04.224211,SYNTHETIC,CAPTURED,SUCCESS,2026-01-02T07:53:08.598147,4.37,normal_success,,False
P0001503,O0001503,C002587,M0015,970.26,INR,WALLET,BANK_E,2026-01-02T12:38:22.317252,SYNTHETIC,CAPTURED,SUCCESS,2026-01-02T12:38:29.464602,7.15,normal_success,,False
P0001504,O0001504,C000158,M0001,2912.62,INR,UPI,BANK_C,2026-01-01T00:17:00.246474,SYNTHETIC,CAPTURED,SUCCESS,2026-01-01T00:17:07.668704,7.42,normal_success,,False
P0001505,O0001505,C000098,M0010,1437.8,INR,NETBANKING,BANK_D,2026-01-01T08:27:45.474635,SYNTHETIC,CAPTURED,SUCCESS,2026-01-01T08:27:51.703192,6.23,normal_success,,False
P0001506,O0001506,C001291,M0019,1146.59,INR,CARD,BANK_B,2026-01-02T15:43:09.177089,SYNTHETIC,CAPTURED,SUCCESS,2026-01-02T15:43:16.812996,7.64,normal_success,,False
P0001507,O0001507,C003127,M0000,753.52,INR,CARD,BANK_E,2026-01-01T17:32:43.807240,SYNTHETIC,CAPTURED,SUCCESS,2026-01-01T17:38:19.643450,335.84,late_capture,,False
P0001508,O0001508,C001224,M0002,781.68,INR,NETBANKING,BANK_C,2026-01-01T10:20:51.736096,SYNTHETIC,CAPTURED,SUCCESS,2026-01-01T10:20:56.886614,5.15,normal_success,,True
P0001509,O0001509,C002469,M0005,3028.64,INR,WALLET,BANK_E,2026-01-02T14:51:20.796170,SYNTHETIC,CAPTURED,SUCCESS,2026-01-02T14:51:28.665658,7.87,normal_success,,False
P0001510,O0001510,C003857,M0018,3689.41,INR,NETBANKING,BANK_B,2026-01-02T10:22:06.872766,SYNTHETIC,CAPTURED,SUCCESS,2026-01-02T10:22:12.917871,6.05,normal_success,,True
P0001511,O0001511,C002304,M0007,201.83,INR,CARD,BANK_E,2026-01-01T06:43:21.999468,SYNTHETIC,CAPTURED,SUCCESS,2026-01-01T06:43:25.711086,3.71,normal_success,,False
P0001512,O0001512,C000189,M0000,667.54,INR,CARD,BANK_B,2026-01-01T16:52:15.625105,SYNTHETIC,CAPTURED,SUCCESS,2026-01-01T16:52:21.915878,6.29,normal_success,,False
P0001513,O0001513,C002788,M0020,1854.61,INR,UPI,BANK_C,2026-01-01T21:03:44.453011,SYNTHETIC,CAPTURED,SUCCESS,2026-01-01T21:03:51.917139,7.46,normal_success,,False
P0001514,O0001514,C000650,M0011,269.27,INR,NETBANKING,BANK_E,2026-01-02T08:27:54.824977,SYNTHETIC,CAPTURED,SUCCESS,2026-01-02T08:28:02.275632,7.45,normal_success,,False
P0001515,O0001515,C001088,M0001,33.81,INR,UPI,BANK_A,2026-01-02T11:03:58.021327,SYNTHETIC,CAPTURED,SUCCESS,2026-01-02T11:04:02.799376,4.78,normal_success,,True
P0001516,O0001516,C002258,M0013,136.97,INR,NETBANKING,BANK_A,2026-01-02T20:38:49.740668,SYNTHETIC,CAPTURED,SUCCESS,2026-01-02T20:38:58.318210,8.58,normal_success,,True
P0001517,O0001517,C000108,M0001,479.77,INR,UPI,BANK_E,2026-01-02T10:27:06.519875,SYNTHETIC,CAPTURED,SUCCESS,2026-01-02T10:27:12.664975,6.15,normal_success,,False
P0001518,O0001518,C003308,M0003,1530.84,INR,NETBANKING,BANK_B,2026-01-02T17:14:45.453434,SYNTHETIC,CAPTURED,SUCCESS,2026-01-02T17:14:55.304934,9.85,normal_success,,False
P0001519,O0001519,C000200,M0017,87.75,INR,CARD,BANK_E,2026-01-02T18:30:16.331141,SYNTHETIC,CAPTURED,SUCCESS,2026-01-02T18:30:22.468166,6.14,normal_success,,False
P0001520,O0001520,C000538,M0024,329.82,INR,NETBANKING,BANK_A,2026-01-02T21:47:06.039965,SYNTHETIC,CAPTURED,SUCCESS,2026-01-02T21:47:10.656840,4.62,normal_success,,False
P0001521,O0001521,C002288,M0013,1916.03,INR,NETBANKING,BANK_E,2026-01-02T01:52:15.296907,SYNTHETIC,CAPTURED,SUCCESS,2026-01-02T01:52:22.032018,6.74,normal_success,,False
P0001522,O0001522,C000930,M0015,3163.66,INR,CARD,BANK_C,2026-01-01T15:20:58.925833,SYNTHETIC,CAPTURED,SUCCESS,2026-01-01T15:21:02.702185,3.78,normal_success,,False
P0001523,O0001523,C001655,M0012,498.26,INR,CARD,BANK_B,2026-01-01T20:13:08.978133,SYNTHETIC,CAPTURED,SUCCESS,2026-01-01T20:13:12.491882,3.51,normal_success,,False
P0001524,O0001524,C001337,M0023,1080.92,INR,WALLET,BANK_B,2026-01-02T03:34:52.300150,SYNTHETIC,CAPTURED,SUCCESS,2026-01-02T03:34:58.950087,6.65,normal_success,,False
P0001525,O0001525,C003554,M0019,143.74,INR,CARD,BANK_D,2026-01-01T01:28:02.869868,SYNTHETIC,CAPTURED,SUCCESS,2026-01-01T01:28:08.989559,6.12,normal_success,,False
P0001526,O0001526,C001933,M0017,1385.74,INR,UPI,BANK_B,2026-01-01T10:19:34.059033,SYNTHETIC,CAPTURED,SUCCESS,2026-01-01T10:19:37.873023,3.81,normal_success,,False
P0001527,O0001527,C002729,M0013,1332.89,INR,NETBANKING,BANK_E,2026-01-02T02:14:39.870759,SYNTHETIC,FAILED,FAILED,2026-01-02T02:14:46.138362,6.27,genuine_failure,,False
P0001528,O0001528,C002759,M0020,581.04,INR,WALLET,BANK_C,2026-01-02T01:25:45.283189,SYNTHETIC,CAPTURED,SUCCESS,2026-01-02T01:25:53.293977,8.01,normal_success,,False
P0001529,O0001529,C000553,M0009,843.77,INR,WALLET,BANK_C,2026-01-02T04:44:55.488450,SYNTHETIC,CAPTURED,SUCCESS,2026-01-02T04:45:00.114499,4.63,normal_success,,False
P0001530,O0001530,C000679,M0006,2540.08,INR,CARD,BANK_A,2026-01-02T22:14:17.474771,SYNTHETIC,CAPTURED,SUCCESS,2026-01-02T22:14:24.349121,6.87,normal_success,,False
P0001531,O0001531,C001703,M0012,543.14,INR,CARD,BANK_E,2026-01-01T19:49:54.290278,SYNTHETIC,CAPTURED,SUCCESS,2026-01-01T19:50:00.486549,6.2,normal_success,,False
P0001532,O0001532,C003000,M0021,981.06,INR,CARD,BANK_D,2026-01-01T20:32:21.254428,SYNTHETIC,CAPTURED,SUCCESS,2026-01-01T20:32:23.984979,2.73,normal_success,,True
P0001533,O0001533,C001292,M0022,155.11,INR,WALLET,BANK_C,2026-01-01T19:41:59.072831,SYNTHETIC,CAPTURED,SUCCESS,2026-01-01T19:42:05.807154,6.73,normal_success,,False
P0001534,O0001534,C002361,M0012,627.88,INR,UPI,BANK_D,2026-01-01T20:28:31.298097,SYNTHETIC,CAPTURED,SUCCESS,2026-01-01T20:28:36.974314,5.68,normal_success,,False
P0001535,O0001535,C003955,M0000,507.04,INR,WALLET,BANK_E,2026-01-01T03:17:48.404075,SYNTHETIC,CAPTURED,SUCCESS,2026-01-01T03:17:50.951158,2.55,normal_success,,True
P0001536,O0001536,C003008,M0000,625.37,INR,NETBANKING,BANK_C,2026-01-02T12:15:28.286743,SYNTHETIC,FAILED,FAILED,2026-01-02T12:15:34.236913,5.95,genuine_failure,,False
P0001537,O0001537,C001120,M0012,719.35,INR,CARD,BANK_A,2026-01-01T08:31:59.870173,SYNTHETIC,CAPTURED,SUCCESS,2026-01-01T08:32:09.678818,9.81,normal_success,,False
P0001538,O0001538,C002966,M0009,65.06,INR,NETBANKING,BANK_E,2026-01-01T11:49:42.994415,SYNTHETIC,CAPTURED,SUCCESS,2026-01-01T11:49:49.615880,6.62,normal_success,,False
P0001539,O0001539,C003446,M0011,329.47,INR,NETBANKING,BANK_B,2026-01-02T23:25:23.770086,SYNTHETIC,CAPTURED,SUCCESS,2026-01-02T23:25:26.287967,2.52,normal_success,,False
P0001540,O0001540,C002022,M0000,1695.41,INR,WALLET,BANK_E,2026-01-02T14:44:11.410985,SYNTHETIC,CAPTURED,SUCCESS,2026-01-02T14:49:07.237074,295.83,late_capture,,False
P0001541,O0001541,C001225,M0024,370.61,INR,CARD,BANK_E,2026-01-01T16:17:23.411943,SYNTHETIC,CAPTURED,SUCCESS,2026-01-01T16:17:29.981539,6.57,normal_success,,False
P0001542,O0001542,C002583,M0024,482.91,INR,NETBANKING,BANK_D,2026-01-02T09:04:42.768038,SYNTHETIC,CAPTURED,SUCCESS,2026-01-02T09:04:48.401947,5.63,normal_success,,False
P0001543,O0001543,C001627,M0011,328.01,INR,UPI,BANK_D,2026-01-02T00:21:12.525157,SYNTHETIC,CAPTURED,SUCCESS,2026-01-02T00:21:19.049177,6.52,normal_success,,False
P0001544,O0001544,C000526,M0009,1025.44,INR,WALLET,BANK_A,2026-01-02T18:21:43.222087,SYNTHETIC,CAPTURED,SUCCESS,2026-01-02T18:21:48.840751,5.62,normal_success,,False
P0001545,O0001545,C001384,M0007,671.53,INR,NETBANKING,BANK_E,2026-01-01T00:03:54.322726,SYNTHETIC,CAPTURED,SUCCESS,2026-01-01T00:04:01.578735,7.26,normal_success,,False
P0001546,O0001546,C001291,M0002,575.52,INR,UPI,BANK_C,2026-01-01T14:22:39.503259,SYNTHETIC,CAPTURED,SUCCESS,2026-01-01T14:22:42.908663,3.41,normal_success,,False
P0001547,O0001547,C000561,M0016,638.13,INR,NETBANKING,BANK_A,2026-01-02T04:15:45.276684,SYNTHETIC,CAPTURED,SUCCESS,2026-01-02T04:22:02.772930,377.5,late_capture,,False
P0001548,O0001548,C000770,M0013,243.74,INR,UPI,BANK_D,2026-01-01T19:47:48.768462,SYNTHETIC,CAPTURED,SUCCESS,2026-01-01T19:47:51.436341,2.67,normal_success,,True
P0001549,O0001549,C002447,M0012,9541.43,INR,CARD,BANK_D,2026-01-01T07:39:56.988520,SYNTHETIC,CAPTURED,SUCCESS,2026-01-01T07:40:04.654093,7.67,normal_success,,False
P0001550,O0001550,C002178,M0020,1744.34,INR,UPI,BANK_E,2026-01-02T12:55:13.784251,SYNTHETIC,CAPTURED,SUCCESS,2026-01-02T12:55:20.895446,7.11,normal_success,,False
P0001551,O0001551,C000750,M0011,484.61,INR,NETBANKING,BANK_A,2026-01-01T17:32:50.463757,SYNTHETIC,CAPTURED,SUCCESS,2026-01-01T17:33:00.751382,10.29,normal_success,,False
P0001552,O0001552,C002657,M0018,575.26,INR,UPI,BANK_B,2026-01-02T18:21:39.985080,SYNTHETIC,CAPTURED,SUCCESS,2026-01-02T18:21:43.720901,3.74,normal_success,,False
P0001553,O0001553,C001118,M0016,256.78,INR,CARD,BANK_D,2026-01-01T06:16:39.458912,SYNTHETIC,CAPTURED,SUCCESS,2026-01-01T06:19:55.630592,196.17,late_capture,,False
P0001554,O0001554,C003740,M0013,2188.52,INR,NETBANKING,BANK_C,2026-01-02T22:41:36.608447,SYNTHETIC,CAPTURED,SUCCESS,2026-01-02T22:41:42.426504,5.82,normal_success,,False
P0001555,O0001555,C002058,M0009,567.61,INR,CARD,BANK_E,2026-01-02T10:09:16.038236,SYNTHETIC,CAPTURED,SUCCESS,2026-01-02T10:09:25.654338,9.62,normal_success,,True
P0001556,O0001556,C001046,M0000,1383.06,INR,CARD,BANK_C,2026-01-01T10:39:16.926320,SYNTHETIC,CAPTURED,SUCCESS,2026-01-01T10:39:21.569860,4.64,normal_success,,False
P0001557,O0001557,C003695,M0011,498.79,INR,UPI,BANK_D,2026-01-02T22:46:38.126253,SYNTHETIC,CAPTURED,SUCCESS,2026-01-02T22:46:42.367072,4.24,normal_success,,False
P0001558,O0001558,C002154,M0013,690.96,INR,UPI,BANK_C,2026-01-01T22:19:10.174490,SYNTHETIC,CAPTURED,SUCCESS,2026-01-01T22:19:15.147043,4.97,normal_success,,False
P0001559,O0001559,C001216,M0011,2024.68,INR,UPI,BANK_C,2026-01-01T07:53:25.314974,SYNTHETIC,CAPTURED,SUCCESS,2026-01-01T07:53:30.875049,5.56,normal_success,,False
P0001560,O0001560,C002343,M0005,4315.02,INR,NETBANKING,BANK_D,2026-01-02T21:17:39.215198,SYNTHETIC,CAPTURED,SUCCESS,2026-01-02T21:17:43.957519,4.74,normal_success,,False
P0001561,O0001561,C002208,M0010,539.96,INR,NETBANKING,BANK_A,2026-01-02T00:56:49.547068,SYNTHETIC,CAPTURED,SUCCESS,2026-01-02T00:56:54.060809,4.51,normal_success,,True
P0001562,O0001562,C000558,M0014,645.19,INR,CARD,BANK_C,2026-01-02T03:58:24.708675,SYNTHETIC,CAPTURED,SUCCESS,2026-01-02T03:58:28.449201,3.74,normal_success,,False
P0001563,O0001563,C001087,M0023,348.47,INR,WALLET,BANK_A,2026-01-01T07:56:27.567195,SYNTHETIC,CAPTURED,SUCCESS,2026-01-01T07:56:33.807045,6.24,normal_success,,False
P0001564,O0001564,C001869,M0015,901.06,INR,CARD,BANK_C,2026-01-01T02:12:28.926783,SYNTHETIC,FAILED,FAILED,2026-01-01T02:12:32.080078,3.15,genuine_failure,INC0001,False
P0001565,O0001565,C000121,M0014,998.52,INR,NETBANKING,BANK_C,2026-01-01T21:23:29.925090,SYNTHETIC,CAPTURED,SUCCESS,2026-01-01T21:23:36.792872,6.87,normal_success,,False
P0001566,O0001566,C001552,M0012,1077.7,INR,WALLET,BANK_C,2026-01-01T19:08:48.892713,SYNTHETIC,CAPTURED,SUCCESS,2026-01-01T19:08:58.123706,9.23,normal_success,,False
P0001567,O0001567,C002942,M0009,288.53,INR,NETBANKING,BANK_E,2026-01-02T09:58:55.215722,SYNTHETIC,CAPTURED,SUCCESS,2026-01-02T09:59:01.943497,6.73,normal_success,,False
P0001568,O0001568,C001360,M0024,535.43,INR,NETBANKING,BANK_A,2026-01-02T02:08:20.288259,SYNTHETIC,CAPTURED,SUCCESS,2026-01-02T02:08:25.215983,4.93,normal_success,,False
P0001569,O0001569,C001004,M0012,1130.52,INR,CARD,BANK_E,2026-01-02T05:04:55.350824,SYNTHETIC,CAPTURED,SUCCESS,2026-01-02T05:05:01.197162,5.85,normal_success,,False
P0001570,O0001570,C002567,M0002,213.13,INR,UPI,BANK_D,2026-01-01T05:52:44.914221,SYNTHETIC,CAPTURED,SUCCESS,2026-01-01T05:52:51.299300,6.39,normal_success,,False
P0001571,O0001571,C000751,M0008,1777.9,INR,UPI,BANK_C,2026-01-01T06:13:07.965012,SYNTHETIC,CAPTURED,SUCCESS,2026-01-01T06:13:13.894088,5.93,normal_success,,True
P0001572,O0001572,C002135,M0014,395.07,INR,UPI,BANK_D,2026-01-02T14:31:30.418708,SYNTHETIC,CAPTURED,SUCCESS,2026-01-02T14:37:03.058030,332.64,late_capture,,False
P0001573,O0001573,C003451,M0007,403.42,INR,CARD,BANK_A,2026-01-01T00:25:47.144817,SYNTHETIC,CAPTURED,SUCCESS,2026-01-01T00:25:57.478750,10.33,normal_success,,False
P0001574,O0001574,C003515,M0003,1401.88,INR,CARD,BANK_C,2026-01-02T20:39:31.586496,SYNTHETIC,CAPTURED,SUCCESS,2026-01-02T20:39:39.089596,7.5,normal_success,,False
P0001575,O0001575,C000638,M0013,1379.31,INR,NETBANKING,BANK_C,2026-01-02T08:06:44.262872,SYNTHETIC,CAPTURED,SUCCESS,2026-01-02T08:06:48.401102,4.14,normal_success,,False
P0001576,O0001576,C003052,M0002,1005.46,INR,NETBANKING,BANK_D,2026-01-02T23:46:01.678947,SYNTHETIC,CAPTURED,SUCCESS,2026-01-02T23:46:06.447072,4.77,normal_success,,False
P0001577,O0001577,C002747,M0008,1936.8,INR,UPI,BANK_A,2026-01-02T22:36:35.945186,SYNTHETIC,CAPTURED,SUCCESS,2026-01-02T22:36:40.429036,4.48,normal_success,,False
P0001578,O0001578,C002234,M0023,741.45,INR,NETBANKING,BANK_B,2026-01-02T22:24:54.709256,SYNTHETIC,CAPTURED,SUCCESS,2026-01-02T22:25:01.510104,6.8,normal_success,,True
P0001579,O0001579,C003370,M0000,564.52,INR,CARD,BANK_D,2026-01-01T01:58:35.487044,SYNTHETIC,CAPTURED,SUCCESS,2026-01-01T01:58:38.344613,2.86,normal_success,INC0001,False
P0001580,O0001580,C003090,M0005,6800.71,INR,WALLET,BANK_B,2026-01-02T08:19:39.346751,SYNTHETIC,CAPTURED,SUCCESS,2026-01-02T08:19:46.909184,7.56,normal_success,,False
P0001581,O0001581,C000351,M0003,595.17,INR,CARD,BANK_D,2026-01-01T05:31:30.382355,SYNTHETIC,CAPTURED,SUCCESS,2026-01-01T05:31:33.883535,3.5,normal_success,,False
P0001582,O0001582,C003696,M0003,3902.13,INR,WALLET,BANK_E,2026-01-01T20:25:39.952699,SYNTHETIC,CAPTURED,SUCCESS,2026-01-01T20:25:44.492263,4.54,normal_success,,False
P0001583,O0001583,C001175,M0019,2201.29,INR,WALLET,BANK_A,2026-01-02T22:46:35.085330,SYNTHETIC,CAPTURED,SUCCESS,2026-01-02T22:46:44.573499,9.49,normal_success,,False
P0001584,O0001584,C003734,M0021,622.58,INR,CARD,BANK_C,2026-01-01T11:18:54.863649,SYNTHETIC,CAPTURED,SUCCESS,2026-01-01T11:19:02.067266,7.2,normal_success,,False
P0001585,O0001585,C001158,M0003,329.92,INR,NETBANKING,BANK_D,2026-01-02T00:58:12.997848,SYNTHETIC,CAPTURED,SUCCESS,2026-01-02T00:58:17.761955,4.76,normal_success,,False
P0001586,O0001586,C001433,M0007,874.54,INR,CARD,BANK_A,2026-01-02T12:24:39.182840,SYNTHETIC,CAPTURED,SUCCESS,2026-01-02T12:24:46.365279,7.18,normal_success,,False
P0001587,O0001587,C003202,M0004,569.05,INR,CARD,BANK_D,2026-01-02T19:28:40.444765,SYNTHETIC,CAPTURED,SUCCESS,2026-01-02T19:28:47.312040,6.87,normal_success,,True
P0001588,O0001588,C002076,M0004,2533.59,INR,CARD,BANK_E,2026-01-01T19:10:00.793360,SYNTHETIC,CAPTURED,SUCCESS,2026-01-01T19:10:05.512813,4.72,normal_success,,True
P0001589,O0001589,C003651,M0011,275.04,INR,WALLET,BANK_B,2026-01-01T09:07:23.507279,SYNTHETIC,CAPTURED,SUCCESS,2026-01-01T09:07:29.551399,6.04,normal_success,,False
P0001590,O0001590,C003337,M0002,841.03,INR,NETBANKING,BANK_C,2026-01-02T17:47:55.165181,SYNTHETIC,CAPTURED,SUCCESS,2026-01-02T17:48:01.586015,6.42,normal_success,,False
P0001591,O0001591,C001996,M0003,508.15,INR,UPI,BANK_A,2026-01-01T22:03:19.636515,SYNTHETIC,FAILED,FAILED,2026-01-01T22:03:26.054783,6.42,genuine_failure,,False
P0001592,O0001592,C001215,M0015,3290.91,INR,CARD,BANK_E,2026-01-02T03:39:58.602929,SYNTHETIC,CAPTURED,SUCCESS,2026-01-02T03:40:09.025286,10.42,normal_success,,False
P0001593,O0001593,C002771,M0015,791.79,INR,NETBANKING,BANK_C,2026-01-02T15:00:21.425001,SYNTHETIC,CAPTURED,SUCCESS,2026-01-02T15:00:27.548521,6.12,normal_success,,False
P0001594,O0001594,C003609,M0006,264.61,INR,NETBANKING,BANK_D,2026-01-02T13:41:28.410527,SYNTHETIC,CAPTURED,SUCCESS,2026-01-02T13:41:33.557444,5.15,normal_success,,False
P0001595,O0001595,C000747,M0015,2336.96,INR,NETBANKING,BANK_D,2026-01-01T19:42:03.430715,SYNTHETIC,CAPTURED,SUCCESS,2026-01-01T19:42:06.883048,3.45,normal_success,,False
P0001596,O0001596,C000556,M0015,751.56,INR,WALLET,BANK_B,2026-01-01T00:55:03.221411,SYNTHETIC,CAPTURED,SUCCESS,2026-01-01T00:55:10.404349,7.18,normal_success,,False
P0001597,O0001597,C001898,M0013,433.89,INR,UPI,BANK_E,2026-01-01T17:26:17.452364,SYNTHETIC,CAPTURED,SUCCESS,2026-01-01T17:29:31.304804,193.85,late_capture,,False
P0001598,O0001598,C001840,M0012,63.1,INR,CARD,BANK_A,2026-01-01T19:02:54.034289,SYNTHETIC,CAPTURED,SUCCESS,2026-01-01T19:07:26.039487,272.01,late_capture,,False
P0001599,O0001599,C001246,M0017,422.89,INR,CARD,BANK_A,2026-01-01T11:28:58.894970,SYNTHETIC,CAPTURED,SUCCESS,2026-01-01T11:29:05.203316,6.31,normal_success,,False
P0001600,O0001600,C003942,M0008,57.23,INR,UPI,BANK_E,2026-01-02T19:53:32.305964,SYNTHETIC,CAPTURED,SUCCESS,2026-01-02T19:53:39.560744,7.25,normal_success,,False
P0001601,O0001601,C001521,M0007,1821.26,INR,WALLET,BANK_D,2026-01-01T20:57:27.349833,SYNTHETIC,CAPTURED,SUCCESS,2026-01-01T20:57:35.513088,8.16,normal_success,,False
P0001602,O0001602,C002434,M0015,750.04,INR,UPI,BANK_B,2026-01-01T21:36:36.405093,SYNTHETIC,FAILED,FAILED,2026-01-01T21:36:38.633444,2.23,genuine_failure,,False
P0001603,O0001603,C001589,M0016,244.46,INR,NETBANKING,BANK_B,2026-01-02T04:06:51.272267,SYNTHETIC,CAPTURED,SUCCESS,2026-01-02T04:06:56.783153,5.51,normal_success,,False
P0001604,O0001604,C001723,M0022,140.65,INR,UPI,BANK_E,2026-01-01T06:47:12.925010,SYNTHETIC,CAPTURED,SUCCESS,2026-01-01T06:47:19.263379,6.34,normal_success,,False
P0001605,O0001605,C002725,M0021,186.2,INR,WALLET,BANK_E,2026-01-01T01:13:43.634261,SYNTHETIC,CAPTURED,SUCCESS,2026-01-01T01:13:47.848262,4.21,normal_success,,False
P0001606,O0001606,C003091,M0003,2113.2,INR,WALLET,BANK_B,2026-01-02T19:37:45.253284,SYNTHETIC,FAILED,FAILED,2026-01-02T19:37:48.097212,2.84,genuine_failure,,False
P0001607,O0001607,C002769,M0009,2024.84,INR,CARD,BANK_D,2026-01-01T03:50:28.535614,SYNTHETIC,CAPTURED,SUCCESS,2026-01-01T03:50:36.637494,8.1,normal_success,,False
P0001608,O0001608,C001476,M0007,796.4,INR,NETBANKING,BANK_C,2026-01-01T22:39:42.198804,SYNTHETIC,CAPTURED,SUCCESS,2026-01-01T22:39:47.878599,5.68,normal_success,,False
P0001609,O0001609,C000519,M0012,2108.07,INR,WALLET,BANK_E,2026-01-02T23:37:00.050960,SYNTHETIC,CAPTURED,SUCCESS,2026-01-02T23:37:06.698464,6.65,normal_success,,True
P0001610,O0001610,C001828,M0010,155.0,INR,UPI,BANK_A,2026-01-01T04:03:31.563617,SYNTHETIC,CAPTURED,SUCCESS,2026-01-01T04:03:40.904394,9.34,normal_success,,False
P0001611,O0001611,C000279,M0007,44.13,INR,NETBANKING,BANK_C,2026-01-01T03:59:09.650829,SYNTHETIC,CAPTURED,SUCCESS,2026-01-01T03:59:15.783507,6.13,normal_success,,False
P0001612,O0001612,C003309,M0017,91.47,INR,NETBANKING,BANK_B,2026-01-02T16:34:44.962443,SYNTHETIC,CAPTURED,SUCCESS,2026-01-02T16:34:54.372759,9.41,normal_success,,False
P0001613,O0001613,C002852,M0012,1043.88,INR,CARD,BANK_E,2026-01-02T20:14:42.872342,SYNTHETIC,CAPTURED,SUCCESS,2026-01-02T20:14:46.041883,3.17,normal_success,,True
P0001614,O0001614,C001550,M0011,2644.36,INR,CARD,BANK_C,2026-01-01T16:59:16.058752,SYNTHETIC,CAPTURED,SUCCESS,2026-01-01T16:59:24.051010,7.99,normal_success,,True
P0001615,O0001615,C002507,M0010,652.18,INR,UPI,BANK_C,2026-01-02T04:36:13.915460,SYNTHETIC,FAILED,FAILED,2026-01-02T04:36:18.491590,4.58,genuine_failure,,False
P0001616,O0001616,C001193,M0020,252.86,INR,WALLET,BANK_A,2026-01-01T09:51:33.006740,SYNTHETIC,CAPTURED,SUCCESS,2026-01-01T09:51:37.885068,4.88,normal_success,,False
P0001617,O0001617,C001566,M0022,706.37,INR,NETBANKING,BANK_C,2026-01-01T11:17:13.675582,SYNTHETIC,CAPTURED,SUCCESS,2026-01-01T11:17:19.049976,5.37,normal_success,,False
P0001618,O0001618,C003319,M0005,773.72,INR,CARD,BANK_D,2026-01-01T08:15:58.248559,SYNTHETIC,CAPTURED,SUCCESS,2026-01-01T08:16:02.255296,4.01,normal_success,,False
P0001619,O0001619,C003793,M0002,856.08,INR,UPI,BANK_E,2026-01-02T11:15:44.825832,SYNTHETIC,CAPTURED,SUCCESS,2026-01-02T11:15:48.491403,3.67,normal_success,,False
P0001620,O0001620,C000296,M0021,445.37,INR,UPI,BANK_E,2026-01-01T10:50:01.602884,SYNTHETIC,CAPTURED,SUCCESS,2026-01-01T10:50:09.962140,8.36,normal_success,,False
P0001621,O0001621,C001018,M0016,379.92,INR,CARD,BANK_D,2026-01-01T14:03:16.319684,SYNTHETIC,CAPTURED,SUCCESS,2026-01-01T14:03:24.140799,7.82,normal_success,,True
P0001622,O0001622,C000797,M0004,681.26,INR,NETBANKING,BANK_C,2026-01-01T16:32:32.435290,SYNTHETIC,CAPTURED,SUCCESS,2026-01-01T16:32:35.428909,2.99,normal_success,,True
P0001623,O0001623,C001246,M0019,4076.38,INR,NETBANKING,BANK_D,2026-01-01T06:22:59.723244,SYNTHETIC,CAPTURED,SUCCESS,2026-01-01T06:23:09.821507,10.1,normal_success,,False
P0001624,O0001624,C000207,M0003,1756.25,INR,WALLET,BANK_A,2026-01-02T06:53:47.904256,SYNTHETIC,FAILED,FAILED,2026-01-02T06:53:51.793965,3.89,genuine_failure,,False
P0001625,O0001625,C003536,M0015,412.21,INR,CARD,BANK_E,2026-01-01T05:36:53.639704,SYNTHETIC,CAPTURED,SUCCESS,2026-01-01T05:36:58.663061,5.02,normal_success,,False
P0001626,O0001626,C001206,M0021,708.4,INR,NETBANKING,BANK_B,2026-01-02T22:43:51.751899,SYNTHETIC,CAPTURED,SUCCESS,2026-01-02T22:43:55.388295,3.64,normal_success,,False
P0001627,O0001627,C001857,M0014,80.88,INR,UPI,BANK_E,2026-01-02T03:58:16.923781,SYNTHETIC,CAPTURED,SUCCESS,2026-01-02T03:58:26.876043,9.95,normal_success,,False
P0001628,O0001628,C000899,M0009,1674.74,INR,NETBANKING,BANK_D,2026-01-02T09:10:28.777633,SYNTHETIC,CAPTURED,SUCCESS,2026-01-02T09:10:35.724696,6.95,normal_success,,False
P0001629,O0001629,C003636,M0020,619.13,INR,WALLET,BANK_C,2026-01-01T12:37:12.795828,SYNTHETIC,CAPTURED,SUCCESS,2026-01-01T12:37:18.979023,6.18,normal_success,,False
P0001630,O0001630,C000043,M0007,901.29,INR,NETBANKING,BANK_D,2026-01-02T17:27:43.235851,SYNTHETIC,CAPTURED,SUCCESS,2026-01-02T17:27:48.136750,4.9,normal_success,,False
P0001631,O0001631,C000245,M0019,5278.23,INR,CARD,BANK_D,2026-01-02T05:55:20.054659,SYNTHETIC,CAPTURED,SUCCESS,2026-01-02T05:55:28.291728,8.24,normal_success,,False
P0001632,O0001632,C000752,M0021,2230.88,INR,CARD,BANK_B,2026-01-01T22:31:01.750221,SYNTHETIC,CAPTURED,SUCCESS,2026-01-01T22:31:07.175567,5.43,normal_success,,True
P0001633,O0001633,C001517,M0002,102.78,INR,NETBANKING,BANK_A,2026-01-01T22:48:00.781022,SYNTHETIC,CAPTURED,SUCCESS,2026-01-01T22:48:05.860028,5.08,normal_success,,False
P0001634,O0001634,C001262,M0019,741.56,INR,CARD,BANK_C,2026-01-02T16:40:09.649213,SYNTHETIC,CAPTURED,SUCCESS,2026-01-02T16:40:14.116964,4.47,normal_success,,False
P0001635,O0001635,C001400,M0019,66.14,INR,NETBANKING,BANK_E,2026-01-02T22:43:05.532172,SYNTHETIC,CAPTURED,SUCCESS,2026-01-02T22:43:15.039087,9.51,normal_success,,False
P0001636,O0001636,C002117,M0005,630.62,INR,UPI,BANK_B,2026-01-02T21:00:54.485914,SYNTHETIC,CAPTURED,SUCCESS,2026-01-02T21:01:02.859699,8.37,normal_success,,False
P0001637,O0001637,C002124,M0000,398.58,INR,CARD,BANK_C,2026-01-01T16:11:19.810655,SYNTHETIC,CAPTURED,SUCCESS,2026-01-01T16:14:08.181707,168.37,late_capture,,False
P0001638,O0001638,C002014,M0016,320.31,INR,UPI,BANK_B,2026-01-02T23:31:43.362768,SYNTHETIC,CAPTURED,SUCCESS,2026-01-02T23:31:48.227888,4.87,normal_success,,False
P0001639,O0001639,C002940,M0021,221.46,INR,WALLET,BANK_E,2026-01-02T00:55:12.319481,SYNTHETIC,CAPTURED,SUCCESS,2026-01-02T00:55:19.627089,7.31,normal_success,INC0000,False
P0001640,O0001640,C003056,M0007,2789.49,INR,UPI,BANK_E,2026-01-02T07:58:26.192032,SYNTHETIC,CAPTURED,SUCCESS,2026-01-02T07:58:33.492862,7.3,normal_success,,False
P0001641,O0001641,C003640,M0005,304.55,INR,NETBANKING,BANK_D,2026-01-01T17:20:58.729804,SYNTHETIC,CAPTURED,SUCCESS,2026-01-01T17:21:05.127100,6.4,normal_success,,False
P0001642,O0001642,C002001,M0014,467.94,INR,CARD,BANK_D,2026-01-01T08:38:15.843678,SYNTHETIC,CAPTURED,SUCCESS,2026-01-01T08:38:22.365798,6.52,normal_success,,False
P0001643,O0001643,C003988,M0019,803.59,INR,CARD,BANK_E,2026-01-01T11:30:34.535246,SYNTHETIC,CAPTURED,SUCCESS,2026-01-01T11:30:43.130833,8.6,normal_success,,False
P0001644,O0001644,C003351,M0018,922.8,INR,UPI,BANK_A,2026-01-02T01:49:11.283242,SYNTHETIC,CAPTURED,SUCCESS,2026-01-02T01:49:19.637339,8.35,normal_success,,False
P0001645,O0001645,C002290,M0004,710.75,INR,UPI,BANK_A,2026-01-02T18:25:03.962788,SYNTHETIC,CAPTURED,SUCCESS,2026-01-02T18:25:08.687466,4.72,normal_success,,False
P0001646,O0001646,C000659,M0009,552.11,INR,UPI,BANK_C,2026-01-02T07:41:47.322752,SYNTHETIC,CAPTURED,SUCCESS,2026-01-02T07:41:53.945935,6.62,normal_success,,False
P0001647,O0001647,C000455,M0021,261.47,INR,CARD,BANK_C,2026-01-02T20:14:52.203744,SYNTHETIC,CAPTURED,SUCCESS,2026-01-02T20:14:57.648783,5.45,normal_success,,False
P0001648,O0001648,C001462,M0017,947.89,INR,NETBANKING,BANK_E,2026-01-01T12:45:14.256705,SYNTHETIC,CAPTURED,SUCCESS,2026-01-01T12:45:20.500994,6.24,normal_success,,False
P0001649,O0001649,C002934,M0012,638.59,INR,WALLET,BANK_C,2026-01-01T22:02:51.344293,SYNTHETIC,CAPTURED,SUCCESS,2026-01-01T22:02:59.483719,8.14,normal_success,,False
P0001650,O0001650,C001175,M0016,1976.9,INR,UPI,BANK_B,2026-01-02T10:09:40.372510,SYNTHETIC,CAPTURED,SUCCESS,2026-01-02T10:09:44.908643,4.54,normal_success,,False
P0001651,O0001651,C000770,M0019,993.42,INR,NETBANKING,BANK_E,2026-01-01T07:55:51.050921,SYNTHETIC,CAPTURED,SUCCESS,2026-01-01T07:55:59.889907,8.84,normal_success,,False
P0001652,O0001652,C000863,M0016,1228.93,INR,CARD,BANK_C,2026-01-02T13:01:54.990253,SYNTHETIC,CAPTURED,SUCCESS,2026-01-02T13:02:49.032311,54.04,late_capture,,False
P0001653,O0001653,C002009,M0022,213.68,INR,NETBANKING,BANK_D,2026-01-02T13:54:00.377767,SYNTHETIC,FAILED,FAILED,2026-01-02T13:54:05.004159,4.63,genuine_failure,,False
P0001654,O0001654,C001874,M0016,581.29,INR,CARD,BANK_A,2026-01-02T18:09:31.647110,SYNTHETIC,CAPTURED,SUCCESS,2026-01-02T18:09:35.212421,3.57,normal_success,,False
P0001655,O0001655,C002734,M0018,2002.44,INR,NETBANKING,BANK_E,2026-01-01T17:33:53.423780,SYNTHETIC,CAPTURED,SUCCESS,2026-01-01T17:34:00.293158,6.87,normal_success,,False
P0001656,O0001656,C001138,M0017,224.23,INR,UPI,BANK_E,2026-01-01T10:06:18.684645,SYNTHETIC,CAPTURED,SUCCESS,2026-01-01T10:06:24.025283,5.34,normal_success,,False
P0001657,O0001657,C002472,M0006,1510.21,INR,NETBANKING,BANK_B,2026-01-01T22:45:57.540332,SYNTHETIC,CAPTURED,SUCCESS,2026-01-01T22:46:02.145672,4.61,normal_success,,False
P0001658,O0001658,C003841,M0023,915.33,INR,WALLET,BANK_A,2026-01-01T02:25:04.097279,SYNTHETIC,CAPTURED,SUCCESS,2026-01-01T02:25:12.691024,8.59,normal_success,INC0001,False
P0001659,O0001659,C001289,M0007,290.39,INR,UPI,BANK_A,2026-01-01T04:11:46.372318,SYNTHETIC,CAPTURED,SUCCESS,2026-01-01T04:11:54.505509,8.13,normal_success,,True
P0001660,O0001660,C000207,M0009,9136.64,INR,CARD,BANK_C,2026-01-01T23:37:40.567594,SYNTHETIC,CAPTURED,SUCCESS,2026-01-01T23:37:47.024445,6.46,normal_success,,False
P0001661,O0001661,C003137,M0016,788.21,INR,CARD,BANK_C,2026-01-01T09:59:22.841769,SYNTHETIC,CAPTURED,SUCCESS,2026-01-01T09:59:30.206556,7.36,normal_success,,False
P0001662,O0001662,C001697,M0003,1841.73,INR,WALLET,BANK_A,2026-01-02T21:58:59.913239,SYNTHETIC,CAPTURED,SUCCESS,2026-01-02T21:59:04.550082,4.64,normal_success,,False
P0001663,O0001663,C003369,M0024,2448.45,INR,WALLET,BANK_B,2026-01-01T05:01:40.717000,SYNTHETIC,CAPTURED,SUCCESS,2026-01-01T05:01:48.662959,7.95,normal_success,,False
P0001664,O0001664,C000903,M0021,110.08,INR,NETBANKING,BANK_B,2026-01-01T09:40:00.566847,SYNTHETIC,FAILED,FAILED,2026-01-01T09:40:07.603429,7.04,genuine_failure,,False
P0001665,O0001665,C003508,M0008,1816.18,INR,UPI,BANK_D,2026-01-01T01:34:00.409318,SYNTHETIC,CAPTURED,SUCCESS,2026-01-01T01:39:34.936847,334.53,late_capture,,False
P0001666,O0001666,C003767,M0015,8026.5,INR,CARD,BANK_C,2026-01-02T08:50:41.647840,SYNTHETIC,CAPTURED,SUCCESS,2026-01-02T08:53:20.728706,159.08,late_capture,,False
P0001667,O0001667,C003499,M0003,1045.34,INR,WALLET,BANK_A,2026-01-01T02:31:16.062862,SYNTHETIC,CAPTURED,SUCCESS,2026-01-01T02:31:23.081548,7.02,normal_success,INC0001,False
P0001668,O0001668,C003206,M0023,397.47,INR,UPI,BANK_B,2026-01-01T13:27:10.088418,SYNTHETIC,CAPTURED,SUCCESS,2026-01-01T13:27:17.438200,7.35,normal_success,,False
P0001669,O0001669,C000794,M0017,151.18,INR,NETBANKING,BANK_E,2026-01-01T06:41:24.565412,SYNTHETIC,CAPTURED,SUCCESS,2026-01-01T06:41:31.420996,6.86,normal_success,,False
P0001670,O0001670,C000643,M0006,218.02,INR,NETBANKING,BANK_B,2026-01-01T12:55:08.533933,SYNTHETIC,CAPTURED,SUCCESS,2026-01-01T12:55:14.075060,5.54,normal_success,,False
P0001671,O0001671,C000365,M0019,531.08,INR,WALLET,BANK_E,2026-01-02T17:01:00.612307,SYNTHETIC,CAPTURED,SUCCESS,2026-01-02T17:01:04.298088,3.69,normal_success,,False
P0001672,O0001672,C002355,M0010,505.82,INR,NETBANKING,BANK_A,2026-01-02T23:47:21.869415,SYNTHETIC,CAPTURED,SUCCESS,2026-01-02T23:47:29.665300,7.8,normal_success,,True
P0001673,O0001673,C002546,M0019,218.36,INR,CARD,BANK_E,2026-01-02T19:18:50.866343,SYNTHETIC,CAPTURED,SUCCESS,2026-01-02T19:18:57.960098,7.09,normal_success,,False
P0001674,O0001674,C000263,M0016,1497.72,INR,NETBANKING,BANK_A,2026-01-02T07:40:50.249808,SYNTHETIC,CAPTURED,SUCCESS,2026-01-02T07:40:56.486876,6.24,normal_success,,False
P0001675,O0001675,C002491,M0010,335.28,INR,CARD,BANK_B,2026-01-02T15:44:00.109219,SYNTHETIC,CAPTURED,SUCCESS,2026-01-02T15:44:06.464590,6.36,normal_success,,False
P0001676,O0001676,C002796,M0012,254.33,INR,WALLET,BANK_C,2026-01-01T22:35:04.095670,SYNTHETIC,CAPTURED,SUCCESS,2026-01-01T22:36:46.914431,102.82,late_capture,,False
P0001677,O0001677,C001971,M0008,1242.32,INR,UPI,BANK_D,2026-01-01T09:25:23.118528,SYNTHETIC,CAPTURED,SUCCESS,2026-01-01T09:26:01.032156,37.91,late_capture,,False
P0001678,O0001678,C002514,M0012,1022.13,INR,CARD,BANK_A,2026-01-01T04:50:09.779377,SYNTHETIC,CAPTURED,SUCCESS,2026-01-01T04:50:17.357591,7.58,normal_success,,False
P0001679,O0001679,C001794,M0006,104.42,INR,WALLET,BANK_C,2026-01-02T22:40:13.720222,SYNTHETIC,CAPTURED,SUCCESS,2026-01-02T22:40:19.744630,6.02,normal_success,,False
P0001680,O0001680,C000426,M0024,1775.24,INR,NETBANKING,BANK_C,2026-01-02T16:54:47.182382,SYNTHETIC,CAPTURED,SUCCESS,2026-01-02T16:54:56.657905,9.48,normal_success,,False
P0001681,O0001681,C003972,M0018,763.42,INR,NETBANKING,BANK_A,2026-01-01T10:48:52.869841,SYNTHETIC,FAILED,FAILED,2026-01-01T10:48:53.874194,1.0,genuine_failure,,False
P0001682,O0001682,C002524,M0018,260.57,INR,UPI,BANK_D,2026-01-02T09:35:27.665209,SYNTHETIC,CAPTURED,SUCCESS,2026-01-02T09:35:36.535327,8.87,normal_success,,False
P0001683,O0001683,C000239,M0006,827.71,INR,CARD,BANK_E,2026-01-01T07:45:42.046103,SYNTHETIC,CAPTURED,SUCCESS,2026-01-01T07:45:47.653370,5.61,normal_success,,False
P0001684,O0001684,C000553,M0002,1183.35,INR,UPI,BANK_C,2026-01-02T19:10:51.249871,SYNTHETIC,CAPTURED,SUCCESS,2026-01-02T19:10:54.054477,2.8,normal_success,,False
P0001685,O0001685,C002491,M0004,339.48,INR,UPI,BANK_C,2026-01-02T13:12:51.548922,SYNTHETIC,CAPTURED,SUCCESS,2026-01-02T13:12:57.261029,5.71,normal_success,,False
P0001686,O0001686,C000430,M0005,738.85,INR,NETBANKING,BANK_A,2026-01-01T05:35:25.478728,SYNTHETIC,CAPTURED,SUCCESS,2026-01-01T05:35:30.470898,4.99,normal_success,,False
P0001687,O0001687,C001013,M0021,2224.1,INR,NETBANKING,BANK_C,2026-01-01T19:37:22.591966,SYNTHETIC,CAPTURED,SUCCESS,2026-01-01T19:37:29.777796,7.19,normal_success,,False
P0001688,O0001688,C001902,M0020,1218.52,INR,WALLET,BANK_D,2026-01-02T16:56:39.910344,SYNTHETIC,FAILED,FAILED,2026-01-02T16:56:47.399258,7.49,genuine_failure,,False
P0001689,O0001689,C003519,M0012,257.29,INR,CARD,BANK_E,2026-01-02T21:11:53.009779,SYNTHETIC,CAPTURED,SUCCESS,2026-01-02T21:12:03.280814,10.27,normal_success,,False
P0001690,O0001690,C003637,M0006,374.79,INR,WALLET,BANK_C,2026-01-01T03:30:16.073039,SYNTHETIC,FAILED,FAILED,2026-01-01T03:30:20.958696,4.89,genuine_failure,,False
P0001691,O0001691,C002479,M0015,205.77,INR,CARD,BANK_A,2026-01-02T16:35:16.062833,SYNTHETIC,CAPTURED,SUCCESS,2026-01-02T16:35:24.259076,8.2,normal_success,,False
P0001692,O0001692,C003401,M0018,1349.53,INR,CARD,BANK_A,2026-01-02T06:31:49.073729,SYNTHETIC,CAPTURED,SUCCESS,2026-01-02T06:31:53.131463,4.06,normal_success,,False
P0001693,O0001693,C000758,M0015,67.64,INR,WALLET,BANK_A,2026-01-01T21:13:55.630478,SYNTHETIC,FAILED,FAILED,2026-01-01T21:14:01.520331,5.89,genuine_failure,,False
P0001694,O0001694,C000649,M0022,1671.16,INR,WALLET,BANK_B,2026-01-01T09:41:24.853094,SYNTHETIC,CAPTURED,SUCCESS,2026-01-01T09:41:30.983235,6.13,normal_success,,True
P0001695,O0001695,C000684,M0010,1271.99,INR,UPI,BANK_A,2026-01-01T08:45:50.417473,SYNTHETIC,CAPTURED,SUCCESS,2026-01-01T08:45:57.643404,7.23,normal_success,,False
P0001696,O0001696,C002174,M0011,167.41,INR,NETBANKING,BANK_D,2026-01-02T14:37:34.286259,SYNTHETIC,CAPTURED,SUCCESS,2026-01-02T14:37:42.488398,8.2,normal_success,,False
P0001697,O0001697,C000780,M0023,1768.76,INR,UPI,BANK_A,2026-01-02T22:03:09.151525,SYNTHETIC,CAPTURED,SUCCESS,2026-01-02T22:03:13.974230,4.82,normal_success,,False
P0001698,O0001698,C003109,M0008,322.17,INR,CARD,BANK_C,2026-01-01T00:04:25.872148,SYNTHETIC,FAILED,FAILED,2026-01-01T00:04:33.452631,7.58,genuine_failure,,False
P0001699,O0001699,C001523,M0022,2192.41,INR,WALLET,BANK_D,2026-01-01T00:59:27.132313,SYNTHETIC,CAPTURED,SUCCESS,2026-01-01T00:59:35.417852,8.29,normal_success,,False
P0001700,O0001700,C003942,M0011,284.29,INR,UPI,BANK_E,2026-01-02T06:39:26.842376,SYNTHETIC,CAPTURED,SUCCESS,2026-01-02T06:39:31.901611,5.06,normal_success,,False
P0001701,O0001701,C002268,M0001,989.26,INR,UPI,BANK_D,2026-01-01T11:24:33.577683,SYNTHETIC,CAPTURED,SUCCESS,2026-01-01T11:24:41.980780,8.4,normal_success,,False
P0001702,O0001702,C003421,M0008,1841.37,INR,UPI,BANK_C,2026-01-02T23:32:51.101552,SYNTHETIC,CAPTURED,SUCCESS,2026-01-02T23:38:48.328925,357.23,late_capture,,False
P0001703,O0001703,C000142,M0012,257.98,INR,CARD,BANK_B,2026-01-01T15:48:16.199986,SYNTHETIC,CAPTURED,SUCCESS,2026-01-01T15:48:24.754828,8.55,normal_success,,False
P0001704,O0001704,C003621,M0012,239.26,INR,CARD,BANK_E,2026-01-01T01:26:15.144752,SYNTHETIC,CAPTURED,SUCCESS,2026-01-01T01:26:22.169630,7.02,normal_success,,False
P0001705,O0001705,C002471,M0013,2065.29,INR,CARD,BANK_A,2026-01-02T04:54:32.396922,SYNTHETIC,FAILED,FAILED,2026-01-02T04:54:38.403437,6.01,genuine_failure,,False
P0001706,O0001706,C001008,M0017,3627.83,INR,UPI,BANK_E,2026-01-02T15:46:33.738332,SYNTHETIC,CAPTURED,SUCCESS,2026-01-02T15:46:39.085899,5.35,normal_success,,False
P0001707,O0001707,C000333,M0018,1087.58,INR,UPI,BANK_C,2026-01-02T07:56:05.925532,SYNTHETIC,CAPTURED,SUCCESS,2026-01-02T07:56:10.634961,4.71,normal_success,,False
P0001708,O0001708,C000001,M0000,971.67,INR,CARD,BANK_A,2026-01-01T07:05:27.415478,SYNTHETIC,CAPTURED,SUCCESS,2026-01-01T07:08:29.682689,182.27,late_capture,,False
P0001709,O0001709,C000824,M0017,399.78,INR,UPI,BANK_A,2026-01-01T00:00:55.812287,SYNTHETIC,CAPTURED,SUCCESS,2026-01-01T00:01:00.137656,4.33,normal_success,,False
P0001710,O0001710,C000086,M0004,995.31,INR,UPI,BANK_B,2026-01-01T15:40:51.949249,SYNTHETIC,CAPTURED,SUCCESS,2026-01-01T15:40:57.993361,6.04,normal_success,,False
P0001711,O0001711,C003262,M0004,277.23,INR,WALLET,BANK_B,2026-01-02T20:00:17.889932,SYNTHETIC,CAPTURED,SUCCESS,2026-01-02T20:00:23.727724,5.84,normal_success,,False
P0001712,O0001712,C002605,M0020,2476.47,INR,NETBANKING,BANK_D,2026-01-02T06:10:55.458719,SYNTHETIC,CAPTURED,SUCCESS,2026-01-02T06:12:19.562935,84.1,late_capture,,False
P0001713,O0001713,C001665,M0008,492.06,INR,WALLET,BANK_C,2026-01-02T02:25:00.697202,SYNTHETIC,CAPTURED,SUCCESS,2026-01-02T02:25:09.469734,8.77,normal_success,,True
P0001714,O0001714,C002366,M0013,610.54,INR,CARD,BANK_B,2026-01-01T13:53:42.916487,SYNTHETIC,CAPTURED,SUCCESS,2026-01-01T13:53:47.527593,4.61,normal_success,,False
P0001715,O0001715,C003302,M0007,821.0,INR,NETBANKING,BANK_D,2026-01-01T06:15:35.263315,SYNTHETIC,CAPTURED,SUCCESS,2026-01-01T06:15:42.238902,6.98,normal_success,,False
P0001716,O0001716,C001426,M0006,565.37,INR,CARD,BANK_C,2026-01-01T07:56:48.046015,SYNTHETIC,CAPTURED,SUCCESS,2026-01-01T07:56:51.159523,3.11,normal_success,,False
P0001717,O0001717,C003139,M0004,2075.49,INR,CARD,BANK_B,2026-01-02T02:57:45.449092,SYNTHETIC,CAPTURED,SUCCESS,2026-01-02T02:57:50.127619,4.68,normal_success,,False
P0001718,O0001718,C000053,M0008,746.04,INR,NETBANKING,BANK_A,2026-01-02T02:37:16.809235,SYNTHETIC,CAPTURED,SUCCESS,2026-01-02T02:37:19.444435,2.64,normal_success,,True
P0001719,O0001719,C001438,M0015,294.49,INR,UPI,BANK_D,2026-01-02T10:38:33.045783,SYNTHETIC,CAPTURED,SUCCESS,2026-01-02T10:38:42.662429,9.62,normal_success,,False
P0001720,O0001720,C001344,M0008,143.87,INR,UPI,BANK_A,2026-01-02T17:13:59.333010,SYNTHETIC,CAPTURED,SUCCESS,2026-01-02T17:14:03.813796,4.48,normal_success,,False
P0001721,O0001721,C003410,M0015,184.68,INR,CARD,BANK_B,2026-01-01T15:33:21.632703,SYNTHETIC,CAPTURED,SUCCESS,2026-01-01T15:33:27.226935,5.59,normal_success,,False
P0001722,O0001722,C002134,M0020,441.98,INR,WALLET,BANK_A,2026-01-01T09:30:15.815251,SYNTHETIC,CAPTURED,SUCCESS,2026-01-01T09:30:25.237186,9.42,normal_success,,False
P0001723,O0001723,C001168,M0003,168.78,INR,WALLET,BANK_C,2026-01-02T03:36:34.390789,SYNTHETIC,CAPTURED,SUCCESS,2026-01-02T03:36:39.097861,4.71,normal_success,,False
P0001724,O0001724,C002701,M0022,1804.01,INR,WALLET,BANK_C,2026-01-01T14:08:04.374387,SYNTHETIC,CAPTURED,SUCCESS,2026-01-01T14:08:08.368923,3.99,normal_success,,True
P0001725,O0001725,C003558,M0019,1677.54,INR,WALLET,BANK_E,2026-01-02T00:33:59.878057,SYNTHETIC,CAPTURED,SUCCESS,2026-01-02T00:34:08.346865,8.47,normal_success,INC0000,False
P0001726,O0001726,C000495,M0013,1753.54,INR,NETBANKING,BANK_E,2026-01-01T20:38:54.436375,SYNTHETIC,CAPTURED,SUCCESS,2026-01-01T20:39:01.444435,7.01,normal_success,,False
P0001727,O0001727,C002280,M0011,178.94,INR,UPI,BANK_E,2026-01-02T03:33:13.868351,SYNTHETIC,CAPTURED,SUCCESS,2026-01-02T03:33:20.949536,7.08,normal_success,,False
P0001728,O0001728,C003035,M0004,386.15,INR,UPI,BANK_A,2026-01-01T21:42:37.412098,SYNTHETIC,CAPTURED,SUCCESS,2026-01-01T21:42:43.575919,6.16,normal_success,,False
P0001729,O0001729,C000647,M0004,882.83,INR,UPI,BANK_A,2026-01-02T21:36:25.998969,SYNTHETIC,CAPTURED,SUCCESS,2026-01-02T21:36:29.868194,3.87,normal_success,,False
P0001730,O0001730,C001229,M0013,1321.06,INR,NETBANKING,BANK_B,2026-01-02T14:01:51.266267,SYNTHETIC,CAPTURED,SUCCESS,2026-01-02T14:01:57.001073,5.73,normal_success,,False
P0001731,O0001731,C003621,M0006,201.14,INR,CARD,BANK_C,2026-01-01T17:38:41.422260,SYNTHETIC,CAPTURED,SUCCESS,2026-01-01T17:38:46.282806,4.86,normal_success,,False
P0001732,O0001732,C003923,M0003,1383.46,INR,UPI,BANK_B,2026-01-02T04:02:06.348582,SYNTHETIC,CAPTURED,SUCCESS,2026-01-02T04:02:11.756037,5.41,normal_success,,False
P0001733,O0001733,C003426,M0003,835.11,INR,UPI,BANK_B,2026-01-01T22:41:39.838127,SYNTHETIC,CAPTURED,SUCCESS,2026-01-01T22:41:47.372304,7.53,normal_success,,False
P0001734,O0001734,C003223,M0021,394.18,INR,WALLET,BANK_A,2026-01-01T08:29:27.521252,SYNTHETIC,CAPTURED,SUCCESS,2026-01-01T08:29:35.705100,8.18,normal_success,,False
P0001735,O0001735,C000673,M0012,548.11,INR,CARD,BANK_D,2026-01-01T12:02:05.879307,SYNTHETIC,CAPTURED,SUCCESS,2026-01-01T12:02:11.103067,5.22,normal_success,,False
P0001736,O0001736,C003230,M0000,923.18,INR,WALLET,BANK_C,2026-01-01T07:57:00.504677,SYNTHETIC,FAILED,FAILED,2026-01-01T07:57:06.403976,5.9,genuine_failure,,False
P0001737,O0001737,C000351,M0004,2375.14,INR,UPI,BANK_B,2026-01-02T11:29:54.648524,SYNTHETIC,CAPTURED,SUCCESS,2026-01-02T11:30:01.754775,7.11,normal_success,,False
P0001738,O0001738,C003950,M0019,289.95,INR,CARD,BANK_C,2026-01-01T18:39:08.919249,SYNTHETIC,CAPTURED,SUCCESS,2026-01-01T18:39:17.475132,8.56,normal_success,,False
P0001739,O0001739,C000175,M0001,925.61,INR,UPI,BANK_C,2026-01-01T06:05:53.829519,SYNTHETIC,CAPTURED,SUCCESS,2026-01-01T06:05:58.399751,4.57,normal_success,,True
P0001740,O0001740,C000562,M0021,947.05,INR,WALLET,BANK_B,2026-01-02T19:37:32.603804,SYNTHETIC,CAPTURED,SUCCESS,2026-01-02T19:37:42.597860,9.99,normal_success,,False
P0001741,O0001741,C002079,M0018,342.72,INR,CARD,BANK_C,2026-01-02T15:45:22.417401,SYNTHETIC,CAPTURED,SUCCESS,2026-01-02T15:45:28.833442,6.42,normal_success,,False
P0001742,O0001742,C000635,M0008,431.07,INR,UPI,BANK_C,2026-01-01T22:01:09.122093,SYNTHETIC,CAPTURED,SUCCESS,2026-01-01T22:01:14.554342,5.43,normal_success,,True
P0001743,O0001743,C001697,M0023,140.48,INR,NETBANKING,BANK_A,2026-01-01T10:42:29.557178,SYNTHETIC,CAPTURED,SUCCESS,2026-01-01T10:42:37.229928,7.67,normal_success,,False
P0001744,O0001744,C002610,M0003,294.66,INR,CARD,BANK_E,2026-01-02T14:48:46.653420,SYNTHETIC,CAPTURED,SUCCESS,2026-01-02T14:48:51.220759,4.57,normal_success,,True
P0001745,O0001745,C000977,M0000,2504.05,INR,WALLET,BANK_A,2026-01-01T02:33:08.636299,SYNTHETIC,CAPTURED,SUCCESS,2026-01-01T02:33:15.877386,7.24,normal_success,INC0001,False
P0001746,O0001746,C003143,M0012,683.26,INR,UPI,BANK_A,2026-01-02T14:51:40.573495,SYNTHETIC,CAPTURED,SUCCESS,2026-01-02T14:51:49.221715,8.65,normal_success,,False
P0001747,O0001747,C000382,M0022,756.65,INR,NETBANKING,BANK_A,2026-01-01T08:28:14.543894,SYNTHETIC,CAPTURED,SUCCESS,2026-01-01T08:28:23.130949,8.59,normal_success,,True
P0001748,O0001748,C000550,M0020,480.89,INR,NETBANKING,BANK_C,2026-01-02T23:12:02.512611,SYNTHETIC,CAPTURED,SUCCESS,2026-01-02T23:12:10.766769,8.25,normal_success,,True
P0001749,O0001749,C002635,M0010,336.57,INR,UPI,BANK_C,2026-01-02T10:40:48.268470,SYNTHETIC,CAPTURED,SUCCESS,2026-01-02T10:40:53.572205,5.3,normal_success,,True
P0001750,O0001750,C001598,M0024,2004.73,INR,WALLET,BANK_A,2026-01-02T19:38:57.150826,SYNTHETIC,CAPTURED,SUCCESS,2026-01-02T19:39:02.932763,5.78,normal_success,,False
P0001751,O0001751,C003599,M0017,1656.16,INR,UPI,BANK_D,2026-01-01T07:52:41.138039,SYNTHETIC,CAPTURED,SUCCESS,2026-01-01T07:52:48.866482,7.73,normal_success,,False
P0001752,O0001752,C000515,M0014,1134.79,INR,CARD,BANK_A,2026-01-02T03:57:04.435159,SYNTHETIC,CAPTURED,SUCCESS,2026-01-02T03:57:12.633681,8.2,normal_success,,False
P0001753,O0001753,C002142,M0005,138.06,INR,UPI,BANK_A,2026-01-01T13:57:27.388052,SYNTHETIC,CAPTURED,SUCCESS,2026-01-01T13:57:34.863188,7.48,normal_success,,False
P0001754,O0001754,C003302,M0009,1602.59,INR,CARD,BANK_D,2026-01-02T15:52:58.351380,SYNTHETIC,CAPTURED,SUCCESS,2026-01-02T15:53:02.275968,3.92,normal_success,,False
P0001755,O0001755,C003865,M0002,909.01,INR,UPI,BANK_C,2026-01-01T15:34:42.807877,SYNTHETIC,CAPTURED,SUCCESS,2026-01-01T15:34:49.645850,6.84,normal_success,,False
P0001756,O0001756,C000784,M0002,743.65,INR,UPI,BANK_E,2026-01-01T22:37:58.716613,SYNTHETIC,FAILED,FAILED,2026-01-01T22:38:04.830577,6.11,genuine_failure,,False
P0001757,O0001757,C002506,M0022,321.66,INR,NETBANKING,BANK_D,2026-01-01T01:42:18.359390,SYNTHETIC,CAPTURED,SUCCESS,2026-01-01T01:42:21.678420,3.32,normal_success,,False
P0001758,O0001758,C000756,M0018,328.03,INR,UPI,BANK_A,2026-01-01T20:20:15.391933,SYNTHETIC,CAPTURED,SUCCESS,2026-01-01T20:23:36.569778,201.18,late_capture,,False
P0001759,O0001759,C001717,M0001,452.15,INR,CARD,BANK_D,2026-01-01T03:26:11.512362,SYNTHETIC,CAPTURED,SUCCESS,2026-01-01T03:26:17.536811,6.02,normal_success,,False
P0001760,O0001760,C001274,M0010,508.99,INR,UPI,BANK_B,2026-01-02T11:42:42.147217,SYNTHETIC,CAPTURED,SUCCESS,2026-01-02T11:42:49.284524,7.14,normal_success,,False
P0001761,O0001761,C000427,M0010,595.41,INR,NETBANKING,BANK_A,2026-01-02T06:36:25.712395,SYNTHETIC,CAPTURED,SUCCESS,2026-01-02T06:36:28.413477,2.7,normal_success,,False
P0001762,O0001762,C001249,M0002,280.16,INR,NETBANKING,BANK_D,2026-01-02T08:17:54.505459,SYNTHETIC,CAPTURED,SUCCESS,2026-01-02T08:18:00.986761,6.48,normal_success,,False
P0001763,O0001763,C002406,M0014,4606.91,INR,UPI,BANK_C,2026-01-02T15:22:13.900232,SYNTHETIC,FAILED,FAILED,2026-01-02T15:22:17.724211,3.82,genuine_failure,,False
P0001764,O0001764,C001223,M0012,1516.05,INR,CARD,BANK_E,2026-01-01T01:49:39.441154,SYNTHETIC,CAPTURED,SUCCESS,2026-01-01T01:49:44.495219,5.05,normal_success,INC0001,False
P0001765,O0001765,C000860,M0005,1099.81,INR,UPI,BANK_E,2026-01-02T01:12:44.139575,SYNTHETIC,CAPTURED,SUCCESS,2026-01-02T01:13:43.922259,59.78,late_capture,,False
P0001766,O0001766,C000997,M0004,1080.5,INR,WALLET,BANK_D,2026-01-02T21:58:54.949544,SYNTHETIC,CAPTURED,SUCCESS,2026-01-02T21:59:03.117137,8.17,normal_success,,False
P0001767,O0001767,C002057,M0005,759.64,INR,NETBANKING,BANK_C,2026-01-02T10:00:39.467655,SYNTHETIC,CAPTURED,SUCCESS,2026-01-02T10:00:49.899023,10.43,normal_success,,False
P0001768,O0001768,C002585,M0019,276.97,INR,CARD,BANK_E,2026-01-02T18:00:52.088987,SYNTHETIC,CAPTURED,SUCCESS,2026-01-02T18:01:00.879341,8.79,normal_success,,False
P0001769,O0001769,C002941,M0002,357.34,INR,NETBANKING,BANK_D,2026-01-02T21:36:19.077975,SYNTHETIC,CAPTURED,SUCCESS,2026-01-02T21:36:25.771902,6.69,normal_success,,False
P0001770,O0001770,C002663,M0021,3498.49,INR,WALLET,BANK_B,2026-01-01T20:26:49.413542,SYNTHETIC,CAPTURED,SUCCESS,2026-01-01T20:26:55.924099,6.51,normal_success,,False
P0001771,O0001771,C002632,M0016,93.31,INR,CARD,BANK_B,2026-01-01T10:07:50.584657,SYNTHETIC,CAPTURED,SUCCESS,2026-01-01T10:07:55.156915,4.57,normal_success,,False
P0001772,O0001772,C002386,M0004,655.28,INR,CARD,BANK_C,2026-01-02T02:01:48.708278,SYNTHETIC,CAPTURED,SUCCESS,2026-01-02T02:01:53.281484,4.57,normal_success,,True
P0001773,O0001773,C001763,M0011,1165.81,INR,WALLET,BANK_C,2026-01-02T11:57:12.347630,SYNTHETIC,CAPTURED,SUCCESS,2026-01-02T11:57:18.845066,6.5,normal_success,,True
P0001774,O0001774,C002676,M0017,1864.4,INR,NETBANKING,BANK_D,2026-01-02T09:58:51.401143,SYNTHETIC,CAPTURED,SUCCESS,2026-01-02T09:59:00.766553,9.37,normal_success,,False
P0001775,O0001775,C003068,M0007,1926.38,INR,CARD,BANK_D,2026-01-02T16:08:25.990549,SYNTHETIC,FAILED,FAILED,2026-01-02T16:08:31.267050,5.28,genuine_failure,,False
P0001776,O0001776,C001629,M0003,455.3,INR,CARD,BANK_A,2026-01-01T07:33:07.496779,SYNTHETIC,CAPTURED,SUCCESS,2026-01-01T07:33:11.781058,4.28,normal_success,,False
P0001777,O0001777,C003662,M0002,1442.21,INR,NETBANKING,BANK_C,2026-01-01T12:13:30.128867,SYNTHETIC,CAPTURED,SUCCESS,2026-01-01T12:13:35.517975,5.39,normal_success,,False
P0001778,O0001778,C003776,M0018,258.18,INR,UPI,BANK_C,2026-01-02T09:06:33.624929,SYNTHETIC,CAPTURED,SUCCESS,2026-01-02T09:06:42.958653,9.33,normal_success,,True
P0001779,O0001779,C002722,M0012,1732.45,INR,UPI,BANK_A,2026-01-01T07:11:27.465388,SYNTHETIC,CAPTURED,SUCCESS,2026-01-01T07:11:34.848600,7.38,normal_success,,False
P0001780,O0001780,C003589,M0011,1498.6,INR,WALLET,BANK_C,2026-01-02T03:09:15.293347,SYNTHETIC,CAPTURED,SUCCESS,2026-01-02T03:09:24.278134,8.98,normal_success,,True
P0001781,O0001781,C003272,M0001,548.16,INR,UPI,BANK_B,2026-01-01T08:55:13.048157,SYNTHETIC,FAILED,FAILED,2026-01-01T08:55:20.428226,7.38,genuine_failure,,False
P0001782,O0001782,C003189,M0008,2342.49,INR,UPI,BANK_A,2026-01-01T00:51:31.471571,SYNTHETIC,CAPTURED,SUCCESS,2026-01-01T00:51:40.785291,9.31,normal_success,,False
P0001783,O0001783,C000538,M0019,1712.89,INR,CARD,BANK_E,2026-01-02T03:13:27.930418,SYNTHETIC,FAILED,FAILED,2026-01-02T03:13:29.359655,1.43,genuine_failure,,False
P0001784,O0001784,C002683,M0024,427.74,INR,WALLET,BANK_C,2026-01-01T11:33:47.719328,SYNTHETIC,CAPTURED,SUCCESS,2026-01-01T11:33:50.587511,2.87,normal_success,,False
P0001785,O0001785,C000968,M0000,158.32,INR,WALLET,BANK_A,2026-01-01T01:29:30.591960,SYNTHETIC,CAPTURED,SUCCESS,2026-01-01T01:29:37.995777,7.4,normal_success,,False
P0001786,O0001786,C002510,M0019,274.27,INR,CARD,BANK_C,2026-01-02T10:06:44.115009,SYNTHETIC,CAPTURED,SUCCESS,2026-01-02T10:06:49.334509,5.22,normal_success,,False
P0001787,O0001787,C003864,M0012,173.28,INR,CARD,BANK_C,2026-01-01T07:30:27.296872,SYNTHETIC,CAPTURED,SUCCESS,2026-01-01T07:30:33.328187,6.03,normal_success,,False
P0001788,O0001788,C001617,M0019,1749.66,INR,NETBANKING,BANK_A,2026-01-01T01:05:49.126965,SYNTHETIC,CAPTURED,SUCCESS,2026-01-01T01:05:55.300643,6.17,normal_success,,False
P0001789,O0001789,C000837,M0021,146.75,INR,CARD,BANK_D,2026-01-02T02:20:03.736950,SYNTHETIC,CAPTURED,SUCCESS,2026-01-02T02:20:09.955065,6.22,normal_success,,False
P0001790,O0001790,C001837,M0005,774.27,INR,WALLET,BANK_E,2026-01-02T02:21:10.490507,SYNTHETIC,CAPTURED,SUCCESS,2026-01-02T02:21:14.408176,3.92,normal_success,,True
P0001791,O0001791,C002406,M0004,1364.06,INR,WALLET,BANK_E,2026-01-02T01:49:29.987511,SYNTHETIC,CAPTURED,SUCCESS,2026-01-02T01:49:36.973541,6.99,normal_success,,False
P0001792,O0001792,C000610,M0018,30.87,INR,UPI,BANK_E,2026-01-02T13:18:21.344434,SYNTHETIC,CAPTURED,SUCCESS,2026-01-02T13:18:28.210356,6.87,normal_success,,False
P0001793,O0001793,C002889,M0017,529.87,INR,WALLET,BANK_D,2026-01-01T06:16:22.467942,SYNTHETIC,CAPTURED,SUCCESS,2026-01-01T06:16:28.223654,5.76,normal_success,,False
P0001794,O0001794,C000674,M0017,1341.46,INR,UPI,BANK_B,2026-01-01T08:01:27.577699,SYNTHETIC,CAPTURED,SUCCESS,2026-01-01T08:01:30.877557,3.3,normal_success,,False
P0001795,O0001795,C001957,M0015,6431.71,INR,UPI,BANK_A,2026-01-01T21:43:37.433925,SYNTHETIC,CAPTURED,SUCCESS,2026-01-01T21:46:52.084642,194.65,late_capture,,False
P0001796,O0001796,C003707,M0019,109.88,INR,WALLET,BANK_E,2026-01-01T01:15:12.447050,SYNTHETIC,CAPTURED,SUCCESS,2026-01-01T01:15:20.108530,7.66,normal_success,,True
P0001797,O0001797,C002348,M0004,279.15,INR,CARD,BANK_E,2026-01-02T05:06:54.928520,SYNTHETIC,CAPTURED,SUCCESS,2026-01-02T05:07:00.697293,5.77,normal_success,,False
P0001798,O0001798,C000477,M0020,2530.87,INR,NETBANKING,BANK_A,2026-01-01T10:08:03.371655,SYNTHETIC,CAPTURED,SUCCESS,2026-01-01T10:08:12.373358,9.0,normal_success,,False
P0001799,O0001799,C002598,M0012,2206.36,INR,CARD,BANK_D,2026-01-02T11:14:45.684844,SYNTHETIC,CAPTURED,SUCCESS,2026-01-02T11:14:53.150001,7.47,normal_success,,False
P0001800,O0001800,C002376,M0007,498.73,INR,UPI,BANK_C,2026-01-01T18:41:16.284017,SYNTHETIC,CAPTURED,SUCCESS,2026-01-01T18:41:23.566560,7.28,normal_success,,True
P0001801,O0001801,C002365,M0024,735.5,INR,WALLET,BANK_E,2026-01-01T00:12:11.676161,SYNTHETIC,CAPTURED,SUCCESS,2026-01-01T00:12:17.508280,5.83,normal_success,,False
P0001802,O0001802,C001338,M0022,1940.67,INR,UPI,BANK_B,2026-01-02T05:28:10.827357,SYNTHETIC,CAPTURED,SUCCESS,2026-01-02T05:28:19.955986,9.13,normal_success,,False
P0001803,O0001803,C002912,M0009,1159.01,INR,NETBANKING,BANK_B,2026-01-01T21:18:56.095578,SYNTHETIC,CAPTURED,SUCCESS,2026-01-01T21:19:02.442193,6.35,normal_success,,False
P0001804,O0001804,C000259,M0019,335.64,INR,CARD,BANK_E,2026-01-02T09:12:32.698223,SYNTHETIC,CAPTURED,SUCCESS,2026-01-02T09:12:41.222590,8.52,normal_success,,False
P0001805,O0001805,C002251,M0022,232.61,INR,CARD,BANK_A,2026-01-02T04:35:11.008712,SYNTHETIC,CAPTURED,SUCCESS,2026-01-02T04:35:17.558382,6.55,normal_success,,False
P0001806,O0001806,C000802,M0008,765.67,INR,UPI,BANK_D,2026-01-01T10:13:33.311844,SYNTHETIC,CAPTURED,SUCCESS,2026-01-01T10:13:43.378354,10.07,normal_success,,False
P0001807,O0001807,C000941,M0012,149.87,INR,WALLET,BANK_D,2026-01-01T10:58:24.333587,SYNTHETIC,CAPTURED,SUCCESS,2026-01-01T10:58:33.788736,9.46,normal_success,,False
P0001808,O0001808,C002583,M0013,1893.54,INR,NETBANKING,BANK_A,2026-01-02T20:33:29.084524,SYNTHETIC,CAPTURED,SUCCESS,2026-01-02T20:33:35.582968,6.5,normal_success,,False
P0001809,O0001809,C002996,M0015,5210.22,INR,CARD,BANK_A,2026-01-01T18:49:35.151648,SYNTHETIC,CAPTURED,SUCCESS,2026-01-01T18:49:41.881529,6.73,normal_success,,False
P0001810,O0001810,C003653,M0024,255.93,INR,CARD,BANK_C,2026-01-01T12:22:35.838945,SYNTHETIC,CAPTURED,SUCCESS,2026-01-01T12:22:43.848546,8.01,normal_success,,False
P0001811,O0001811,C000850,M0020,1944.58,INR,UPI,BANK_B,2026-01-02T18:45:59.495875,SYNTHETIC,CAPTURED,SUCCESS,2026-01-02T18:46:07.802206,8.31,normal_success,,False
P0001812,O0001812,C003534,M0008,896.97,INR,NETBANKING,BANK_B,2026-01-02T13:55:10.753547,SYNTHETIC,CAPTURED,SUCCESS,2026-01-02T13:55:14.680632,3.93,normal_success,,False
P0001813,O0001813,C000848,M0010,850.73,INR,WALLET,BANK_D,2026-01-01T21:51:22.686912,SYNTHETIC,CAPTURED,SUCCESS,2026-01-01T21:51:30.216339,7.53,normal_success,,False
P0001814,O0001814,C002266,M0003,954.37,INR,NETBANKING,BANK_A,2026-01-01T07:09:04.467282,SYNTHETIC,CAPTURED,SUCCESS,2026-01-01T07:09:08.005826,3.54,normal_success,,False
P0001815,O0001815,C003270,M0000,704.72,INR,WALLET,BANK_E,2026-01-02T17:27:44.719664,SYNTHETIC,CAPTURED,SUCCESS,2026-01-02T17:27:50.937545,6.22,normal_success,,False
P0001816,O0001816,C000421,M0023,1003.23,INR,WALLET,BANK_A,2026-01-02T11:31:58.785193,SYNTHETIC,CAPTURED,SUCCESS,2026-01-02T11:32:08.172910,9.39,normal_success,,True
P0001817,O0001817,C002235,M0009,174.39,INR,CARD,BANK_E,2026-01-01T07:11:54.544824,SYNTHETIC,CAPTURED,SUCCESS,2026-01-01T07:12:03.070475,8.53,normal_success,,False
P0001818,O0001818,C002286,M0002,656.6,INR,UPI,BANK_B,2026-01-02T23:40:58.095610,SYNTHETIC,CAPTURED,SUCCESS,2026-01-02T23:41:05.966481,7.87,normal_success,,False
P0001819,O0001819,C003414,M0022,181.7,INR,CARD,BANK_B,2026-01-02T16:45:23.379824,SYNTHETIC,FAILED,FAILED,2026-01-02T16:45:25.905634,2.53,genuine_failure,,False
P0001820,O0001820,C003981,M0021,532.94,INR,WALLET,BANK_A,2026-01-01T07:44:49.304983,SYNTHETIC,CAPTURED,SUCCESS,2026-01-01T07:44:58.604245,9.3,normal_success,,False
P0001821,O0001821,C000405,M0003,417.05,INR,CARD,BANK_C,2026-01-01T18:56:46.971050,SYNTHETIC,CAPTURED,SUCCESS,2026-01-01T19:01:47.816121,300.85,late_capture,,False
P0001822,O0001822,C002818,M0023,393.65,INR,CARD,BANK_A,2026-01-01T12:37:29.195233,SYNTHETIC,CAPTURED,SUCCESS,2026-01-01T12:37:35.910376,6.72,normal_success,,True
P0001823,O0001823,C001078,M0024,739.08,INR,NETBANKING,BANK_B,2026-01-02T04:55:54.114734,SYNTHETIC,CAPTURED,SUCCESS,2026-01-02T04:55:58.255197,4.14,normal_success,,True
P0001824,O0001824,C000716,M0018,145.67,INR,WALLET,BANK_A,2026-01-01T22:56:11.508133,SYNTHETIC,CAPTURED,SUCCESS,2026-01-01T22:56:18.054155,6.55,normal_success,,False
P0001825,O0001825,C002084,M0014,1331.15,INR,CARD,BANK_A,2026-01-01T18:06:59.161248,SYNTHETIC,FAILED,FAILED,2026-01-01T18:07:02.960741,3.8,genuine_failure,,False
P0001826,O0001826,C002839,M0005,1308.33,INR,NETBANKING,BANK_E,2026-01-02T07:15:38.005793,SYNTHETIC,CAPTURED,SUCCESS,2026-01-02T07:15:43.733108,5.73,normal_success,,True
P0001827,O0001827,C001031,M0005,1144.73,INR,CARD,BANK_D,2026-01-02T15:41:31.176836,SYNTHETIC,CAPTURED,SUCCESS,2026-01-02T15:41:40.415694,9.24,normal_success,,False
P0001828,O0001828,C001272,M0018,193.41,INR,NETBANKING,BANK_E,2026-01-01T14:15:48.882887,SYNTHETIC,CAPTURED,SUCCESS,2026-01-01T14:21:18.399105,329.52,late_capture,,False
P0001829,O0001829,C001499,M0024,832.86,INR,NETBANKING,BANK_B,2026-01-02T10:06:00.484157,SYNTHETIC,CAPTURED,SUCCESS,2026-01-02T10:06:05.294137,4.81,normal_success,,False
P0001830,O0001830,C002415,M0011,848.86,INR,NETBANKING,BANK_E,2026-01-01T22:00:36.783517,SYNTHETIC,CAPTURED,SUCCESS,2026-01-01T22:00:41.594530,4.81,normal_success,,False
P0001831,O0001831,C002461,M0014,188.61,INR,UPI,BANK_B,2026-01-01T11:51:55.402025,SYNTHETIC,CAPTURED,SUCCESS,2026-01-01T11:52:03.039696,7.64,normal_success,,True
P0001832,O0001832,C002810,M0008,1652.33,INR,CARD,BANK_D,2026-01-01T17:03:42.597495,SYNTHETIC,CAPTURED,SUCCESS,2026-01-01T17:03:46.445066,3.85,normal_success,,False
P0001833,O0001833,C001041,M0001,1019.68,INR,CARD,BANK_E,2026-01-01T07:58:03.975557,SYNTHETIC,CAPTURED,SUCCESS,2026-01-01T07:58:10.573119,6.6,normal_success,,False
P0001834,O0001834,C001773,M0024,599.81,INR,WALLET,BANK_B,2026-01-02T14:54:54.513736,SYNTHETIC,CAPTURED,SUCCESS,2026-01-02T14:54:58.525884,4.01,normal_success,,False
P0001835,O0001835,C001373,M0005,191.4,INR,CARD,BANK_D,2026-01-02T04:02:28.747227,SYNTHETIC,CAPTURED,SUCCESS,2026-01-02T04:02:32.470573,3.72,normal_success,,False
P0001836,O0001836,C003531,M0017,961.05,INR,UPI,BANK_A,2026-01-02T12:16:17.821623,SYNTHETIC,CAPTURED,SUCCESS,2026-01-02T12:17:28.891169,71.07,late_capture,,False
P0001837,O0001837,C003077,M0015,667.65,INR,WALLET,BANK_A,2026-01-01T15:23:16.069119,SYNTHETIC,CAPTURED,SUCCESS,2026-01-01T15:23:20.663837,4.59,normal_success,,False
P0001838,O0001838,C001367,M0002,155.96,INR,UPI,BANK_D,2026-01-02T04:44:04.615322,SYNTHETIC,CAPTURED,SUCCESS,2026-01-02T04:44:10.348758,5.73,normal_success,,True
P0001839,O0001839,C002835,M0010,512.19,INR,NETBANKING,BANK_B,2026-01-02T07:59:15.846994,SYNTHETIC,CAPTURED,SUCCESS,2026-01-02T08:04:05.715924,289.87,late_capture,,False
P0001840,O0001840,C002299,M0003,843.47,INR,CARD,BANK_E,2026-01-02T16:05:49.124067,SYNTHETIC,CAPTURED,SUCCESS,2026-01-02T16:05:57.380068,8.26,normal_success,,False
P0001841,O0001841,C003782,M0007,3840.98,INR,UPI,BANK_A,2026-01-01T18:52:26.980329,SYNTHETIC,FAILED,FAILED,2026-01-01T18:52:29.716592,2.74,genuine_failure,,False
P0001842,O0001842,C000654,M0018,1006.33,INR,UPI,BANK_C,2026-01-02T15:43:49.270503,SYNTHETIC,CAPTURED,SUCCESS,2026-01-02T15:43:55.579920,6.31,normal_success,,False
P0001843,O0001843,C003079,M0022,604.29,INR,NETBANKING,BANK_C,2026-01-01T13:28:41.302698,SYNTHETIC,CAPTURED,SUCCESS,2026-01-01T13:28:46.686804,5.38,normal_success,,False
P0001844,O0001844,C002283,M0019,87.61,INR,CARD,BANK_A,2026-01-01T14:58:20.384405,SYNTHETIC,CAPTURED,SUCCESS,2026-01-01T14:58:28.286682,7.9,normal_success,,False
P0001845,O0001845,C003532,M0020,1588.57,INR,UPI,BANK_B,2026-01-02T01:13:43.269780,SYNTHETIC,CAPTURED,SUCCESS,2026-01-02T01:13:52.934026,9.66,normal_success,,False
P0001846,O0001846,C003746,M0004,857.8,INR,UPI,BANK_A,2026-01-01T20:01:10.640246,SYNTHETIC,CAPTURED,SUCCESS,2026-01-01T20:01:17.119317,6.48,normal_success,,False
P0001847,O0001847,C000386,M0014,296.91,INR,NETBANKING,BANK_A,2026-01-01T16:07:42.941353,SYNTHETIC,CAPTURED,SUCCESS,2026-01-01T16:07:48.209826,5.27,normal_success,,False
P0001848,O0001848,C002150,M0000,314.56,INR,CARD,BANK_D,2026-01-01T20:08:44.382292,SYNTHETIC,FAILED,FAILED,2026-01-01T20:08:50.855797,6.47,genuine_failure,,False
P0001849,O0001849,C003401,M0005,1788.25,INR,CARD,BANK_A,2026-01-01T02:44:54.035634,SYNTHETIC,CAPTURED,SUCCESS,2026-01-01T02:45:01.526627,7.49,normal_success,INC0001,False
P0001850,O0001850,C002347,M0006,314.72,INR,UPI,BANK_C,2026-01-01T11:21:49.181358,SYNTHETIC,CAPTURED,SUCCESS,2026-01-01T11:21:55.603244,6.42,normal_success,,False
P0001851,O0001851,C003162,M0020,1556.61,INR,CARD,BANK_B,2026-01-02T07:03:53.087863,SYNTHETIC,CAPTURED,SUCCESS,2026-01-02T07:03:57.296868,4.21,normal_success,,False
P0001852,O0001852,C003561,M0017,209.15,INR,CARD,BANK_A,2026-01-02T11:26:46.239407,SYNTHETIC,CAPTURED,SUCCESS,2026-01-02T11:26:52.608153,6.37,normal_success,,False
P0001853,O0001853,C001543,M0002,548.62,INR,NETBANKING,BANK_D,2026-01-01T15:14:20.371685,SYNTHETIC,CAPTURED,SUCCESS,2026-01-01T15:14:25.574644,5.2,normal_success,,False
P0001854,O0001854,C003124,M0019,329.75,INR,CARD,BANK_D,2026-01-01T00:49:55.420983,SYNTHETIC,CAPTURED,SUCCESS,2026-01-01T00:50:02.221452,6.8,normal_success,,True
P0001855,O0001855,C003474,M0002,172.92,INR,UPI,BANK_E,2026-01-02T15:33:15.947838,SYNTHETIC,CAPTURED,SUCCESS,2026-01-02T15:33:23.216749,7.27,normal_success,,False
P0001856,O0001856,C003129,M0024,550.95,INR,WALLET,BANK_A,2026-01-02T11:44:32.465162,SYNTHETIC,CAPTURED,SUCCESS,2026-01-02T11:44:39.723261,7.26,normal_success,,True
P0001857,O0001857,C003080,M0018,360.31,INR,UPI,BANK_D,2026-01-01T10:25:23.755851,SYNTHETIC,CAPTURED,SUCCESS,2026-01-01T10:25:31.114391,7.36,normal_success,,False
P0001858,O0001858,C003513,M0017,916.17,INR,UPI,BANK_B,2026-01-02T07:16:44.832399,SYNTHETIC,CAPTURED,SUCCESS,2026-01-02T07:20:16.874157,212.04,late_capture,,False
P0001859,O0001859,C001478,M0024,1937.54,INR,CARD,BANK_B,2026-01-01T14:21:46.128922,SYNTHETIC,CAPTURED,SUCCESS,2026-01-01T14:24:15.392698,149.26,late_capture,,False
P0001860,O0001860,C000508,M0023,1030.58,INR,NETBANKING,BANK_C,2026-01-01T02:46:39.615124,SYNTHETIC,CAPTURED,SUCCESS,2026-01-01T02:46:44.128845,4.51,normal_success,INC0001,False
P0001861,O0001861,C002161,M0021,1260.45,INR,WALLET,BANK_E,2026-01-01T19:00:53.208834,SYNTHETIC,CAPTURED,SUCCESS,2026-01-01T19:01:01.760718,8.55,normal_success,,False
P0001862,O0001862,C002695,M0007,883.6,INR,UPI,BANK_A,2026-01-02T16:45:37.515483,SYNTHETIC,CAPTURED,SUCCESS,2026-01-02T16:45:43.648206,6.13,normal_success,,False
P0001863,O0001863,C001266,M0008,878.38,INR,UPI,BANK_E,2026-01-01T09:20:47.819588,SYNTHETIC,CAPTURED,SUCCESS,2026-01-01T09:20:56.701994,8.88,normal_success,,False
P0001864,O0001864,C003140,M0006,2624.07,INR,UPI,BANK_D,2026-01-01T09:35:47.904001,SYNTHETIC,CAPTURED,SUCCESS,2026-01-01T09:35:55.270545,7.37,normal_success,,False
P0001865,O0001865,C000556,M0009,1162.11,INR,UPI,BANK_B,2026-01-01T01:03:32.004068,SYNTHETIC,CAPTURED,SUCCESS,2026-01-01T01:05:06.873620,94.87,late_capture,,False
P0001866,O0001866,C003171,M0006,1389.74,INR,WALLET,BANK_C,2026-01-02T22:08:25.870899,SYNTHETIC,CAPTURED,SUCCESS,2026-01-02T22:08:28.897243,3.03,normal_success,,False
P0001867,O0001867,C001787,M0004,135.12,INR,UPI,BANK_C,2026-01-01T10:24:29.676730,SYNTHETIC,CAPTURED,SUCCESS,2026-01-01T10:24:33.280638,3.6,normal_success,,False
P0001868,O0001868,C000399,M0014,729.38,INR,NETBANKING,BANK_D,2026-01-02T01:45:44.280246,SYNTHETIC,CAPTURED,SUCCESS,2026-01-02T01:45:49.462408,5.18,normal_success,,False
P0001869,O0001869,C000414,M0017,73.73,INR,WALLET,BANK_C,2026-01-01T14:17:59.910758,SYNTHETIC,CAPTURED,SUCCESS,2026-01-01T14:18:07.844282,7.93,normal_success,,False
P0001870,O0001870,C001108,M0002,176.65,INR,NETBANKING,BANK_A,2026-01-02T21:42:33.439347,SYNTHETIC,CAPTURED,SUCCESS,2026-01-02T21:42:41.812017,8.37,normal_success,,False
P0001871,O0001871,C003031,M0013,905.44,INR,NETBANKING,BANK_D,2026-01-02T13:21:37.987591,SYNTHETIC,CAPTURED,SUCCESS,2026-01-02T13:21:44.741543,6.75,normal_success,,False
P0001872,O0001872,C003522,M0013,108.89,INR,NETBANKING,BANK_D,2026-01-02T04:31:55.073395,SYNTHETIC,CAPTURED,SUCCESS,2026-01-02T04:31:59.278616,4.21,normal_success,,False
P0001873,O0001873,C003141,M0021,309.2,INR,CARD,BANK_E,2026-01-01T07:40:07.453415,SYNTHETIC,CAPTURED,SUCCESS,2026-01-01T07:40:09.905274,2.45,normal_success,,False
P0001874,O0001874,C000736,M0013,503.75,INR,NETBANKING,BANK_C,2026-01-01T07:26:52.732193,SYNTHETIC,CAPTURED,SUCCESS,2026-01-01T07:27:00.825108,8.09,normal_success,,False
P0001875,O0001875,C002305,M0023,433.2,INR,UPI,BANK_C,2026-01-02T16:14:44.304242,SYNTHETIC,CAPTURED,SUCCESS,2026-01-02T16:14:50.341600,6.04,normal_success,,False
P0001876,O0001876,C001431,M0001,174.47,INR,UPI,BANK_C,2026-01-02T13:41:07.966248,SYNTHETIC,CAPTURED,SUCCESS,2026-01-02T13:41:13.661326,5.7,normal_success,,False
P0001877,O0001877,C003025,M0013,1288.1,INR,UPI,BANK_A,2026-01-01T17:11:26.364261,SYNTHETIC,CAPTURED,SUCCESS,2026-01-01T17:11:30.768875,4.4,normal_success,,False
P0001878,O0001878,C000556,M0012,336.82,INR,WALLET,BANK_C,2026-01-01T00:59:32.081563,SYNTHETIC,CAPTURED,SUCCESS,2026-01-01T00:59:41.049087,8.97,normal_success,,False
P0001879,O0001879,C003913,M0001,1168.48,INR,UPI,BANK_E,2026-01-02T20:09:34.929753,SYNTHETIC,CAPTURED,SUCCESS,2026-01-02T20:09:43.741292,8.81,normal_success,,False
P0001880,O0001880,C001347,M0005,1610.76,INR,CARD,BANK_B,2026-01-01T09:50:49.556165,SYNTHETIC,CAPTURED,SUCCESS,2026-01-01T09:50:54.965272,5.41,normal_success,,True
P0001881,O0001881,C001929,M0004,5755.6,INR,UPI,BANK_C,2026-01-01T21:40:27.716166,SYNTHETIC,CAPTURED,SUCCESS,2026-01-01T21:40:34.993675,7.28,normal_success,,False
P0001882,O0001882,C001282,M0014,1839.39,INR,CARD,BANK_E,2026-01-02T11:11:51.498626,SYNTHETIC,CAPTURED,SUCCESS,2026-01-02T11:11:58.646961,7.15,normal_success,,False
P0001883,O0001883,C003925,M0003,2039.09,INR,CARD,BANK_E,2026-01-01T05:33:55.380638,SYNTHETIC,CAPTURED,SUCCESS,2026-01-01T05:34:01.210396,5.83,normal_success,,False
P0001884,O0001884,C001418,M0016,701.43,INR,UPI,BANK_C,2026-01-01T20:35:58.097514,SYNTHETIC,CAPTURED,SUCCESS,2026-01-01T20:36:04.127218,6.03,normal_success,,False
P0001885,O0001885,C001680,M0018,1450.34,INR,UPI,BANK_B,2026-01-01T08:08:38.971543,SYNTHETIC,CAPTURED,SUCCESS,2026-01-01T08:08:45.770511,6.8,normal_success,,True
P0001886,O0001886,C003646,M0020,352.65,INR,WALLET,BANK_D,2026-01-01T01:35:10.242041,SYNTHETIC,CAPTURED,SUCCESS,2026-01-01T01:35:18.310449,8.07,normal_success,,False
P0001887,O0001887,C002372,M0008,697.26,INR,UPI,BANK_C,2026-01-02T21:25:03.054529,SYNTHETIC,CAPTURED,SUCCESS,2026-01-02T21:29:28.509087,265.45,late_capture,,False
P0001888,O0001888,C003185,M0001,400.3,INR,UPI,BANK_A,2026-01-01T09:16:56.322103,SYNTHETIC,CAPTURED,SUCCESS,2026-01-01T09:17:05.176774,8.85,normal_success,,False
P0001889,O0001889,C002109,M0015,325.18,INR,CARD,BANK_B,2026-01-02T00:06:16.419447,SYNTHETIC,CAPTURED,SUCCESS,2026-01-02T00:06:26.080617,9.66,normal_success,,True
P0001890,O0001890,C003929,M0021,1523.85,INR,CARD,BANK_B,2026-01-01T15:41:27.792489,SYNTHETIC,CAPTURED,SUCCESS,2026-01-01T15:41:32.577083,4.78,normal_success,,False
P0001891,O0001891,C002843,M0014,935.05,INR,CARD,BANK_D,2026-01-01T00:19:37.195425,SYNTHETIC,CAPTURED,SUCCESS,2026-01-01T00:19:43.244206,6.05,normal_success,,False
P0001892,O0001892,C001156,M0015,622.15,INR,CARD,BANK_A,2026-01-02T15:08:34.838513,SYNTHETIC,CAPTURED,SUCCESS,2026-01-02T15:08:41.609100,6.77,normal_success,,False
P0001893,O0001893,C003118,M0021,1546.6,INR,CARD,BANK_B,2026-01-02T11:13:35.323666,SYNTHETIC,CAPTURED,SUCCESS,2026-01-02T11:13:44.670826,9.35,normal_success,,False
P0001894,O0001894,C000934,M0005,3378.08,INR,WALLET,BANK_E,2026-01-02T13:02:06.540821,SYNTHETIC,CAPTURED,SUCCESS,2026-01-02T13:02:13.699787,7.16,normal_success,,True
P0001895,O0001895,C003629,M0005,385.67,INR,UPI,BANK_B,2026-01-01T06:17:22.172833,SYNTHETIC,CAPTURED,SUCCESS,2026-01-01T06:18:43.121191,80.95,late_capture,,False
P0001896,O0001896,C001546,M0003,2667.18,INR,WALLET,BANK_D,2026-01-01T00:09:13.029316,SYNTHETIC,CAPTURED,SUCCESS,2026-01-01T00:09:19.966658,6.94,normal_success,,False
P0001897,O0001897,C000121,M0020,113.78,INR,WALLET,BANK_D,2026-01-02T06:11:16.536808,SYNTHETIC,CAPTURED,SUCCESS,2026-01-02T06:11:23.797694,7.26,normal_success,,False
P0001898,O0001898,C002098,M0003,57.98,INR,CARD,BANK_E,2026-01-02T20:42:56.866980,SYNTHETIC,CAPTURED,SUCCESS,2026-01-02T20:43:02.710970,5.84,normal_success,,False
P0001899,O0001899,C003403,M0018,199.2,INR,CARD,BANK_C,2026-01-01T00:36:48.550684,SYNTHETIC,CAPTURED,SUCCESS,2026-01-01T00:36:56.091472,7.54,normal_success,,False
P0001900,O0001900,C002306,M0006,233.69,INR,UPI,BANK_E,2026-01-02T00:07:26.701848,SYNTHETIC,FAILED,FAILED,2026-01-02T00:07:32.774084,6.07,genuine_failure,INC0000,False
P0001901,O0001901,C002264,M0023,2710.85,INR,WALLET,BANK_B,2026-01-02T12:18:34.440163,SYNTHETIC,CAPTURED,SUCCESS,2026-01-02T12:18:38.610118,4.17,normal_success,,True
P0001902,O0001902,C000863,M0010,438.62,INR,NETBANKING,BANK_E,2026-01-01T22:51:09.494915,SYNTHETIC,CAPTURED,SUCCESS,2026-01-01T22:51:13.920741,4.43,normal_success,,False
P0001903,O0001903,C001316,M0002,3761.01,INR,UPI,BANK_E,2026-01-01T03:17:09.402068,SYNTHETIC,CAPTURED,SUCCESS,2026-01-01T03:17:15.224917,5.82,normal_success,,False
P0001904,O0001904,C002094,M0014,137.68,INR,NETBANKING,BANK_C,2026-01-02T05:31:34.175772,SYNTHETIC,CAPTURED,SUCCESS,2026-01-02T05:31:41.956379,7.78,normal_success,,False
P0001905,O0001905,C001788,M0014,1006.32,INR,CARD,BANK_A,2026-01-02T03:16:04.934734,SYNTHETIC,CAPTURED,SUCCESS,2026-01-02T03:16:11.147773,6.21,normal_success,,True
P0001906,O0001906,C002947,M0005,834.53,INR,NETBANKING,BANK_B,2026-01-01T03:08:42.565737,SYNTHETIC,CAPTURED,SUCCESS,2026-01-01T03:08:51.108242,8.54,normal_success,INC0001,False
P0001907,O0001907,C001297,M0020,494.14,INR,NETBANKING,BANK_D,2026-01-01T02:53:34.938262,SYNTHETIC,CAPTURED,SUCCESS,2026-01-01T02:53:42.209419,7.27,normal_success,INC0001,False
P0001908,O0001908,C002653,M0006,1034.03,INR,NETBANKING,BANK_E,2026-01-01T19:27:46.197604,SYNTHETIC,CAPTURED,SUCCESS,2026-01-01T19:27:51.813698,5.62,normal_success,,False
P0001909,O0001909,C002940,M0022,52.12,INR,CARD,BANK_C,2026-01-02T01:01:52.303978,SYNTHETIC,CAPTURED,SUCCESS,2026-01-02T01:02:00.637301,8.33,normal_success,,True
P0001910,O0001910,C001974,M0001,299.83,INR,CARD,BANK_D,2026-01-02T17:44:17.410611,SYNTHETIC,CAPTURED,SUCCESS,2026-01-02T17:44:22.480530,5.07,normal_success,,False
P0001911,O0001911,C001480,M0018,982.99,INR,UPI,BANK_D,2026-01-01T07:35:56.195993,SYNTHETIC,CAPTURED,SUCCESS,2026-01-01T07:36:06.032683,9.84,normal_success,,True
P0001912,O0001912,C003956,M0012,730.79,INR,CARD,BANK_C,2026-01-02T07:12:57.073234,SYNTHETIC,CAPTURED,SUCCESS,2026-01-02T07:13:04.488277,7.42,normal_success,,False
P0001913,O0001913,C000867,M0006,624.88,INR,UPI,BANK_E,2026-01-02T07:28:22.856125,SYNTHETIC,CAPTURED,SUCCESS,2026-01-02T07:28:29.737621,6.88,normal_success,,True
P0001914,O0001914,C000050,M0000,759.9,INR,CARD,BANK_E,2026-01-01T16:48:43.430997,SYNTHETIC,CAPTURED,SUCCESS,2026-01-01T16:48:49.893591,6.46,normal_success,,False
P0001915,O0001915,C001305,M0000,359.68,INR,CARD,BANK_D,2026-01-02T06:16:13.157081,SYNTHETIC,CAPTURED,SUCCESS,2026-01-02T06:16:18.227213,5.07,normal_success,,False
P0001916,O0001916,C003298,M0004,135.28,INR,UPI,BANK_D,2026-01-01T06:02:31.801199,SYNTHETIC,CAPTURED,SUCCESS,2026-01-01T06:02:37.749411,5.95,normal_success,,True
P0001917,O0001917,C001264,M0015,446.47,INR,WALLET,BANK_D,2026-01-01T13:29:49.457551,SYNTHETIC,CAPTURED,SUCCESS,2026-01-01T13:29:59.500421,10.04,normal_success,,False
P0001918,O0001918,C003265,M0016,83.41,INR,CARD,BANK_D,2026-01-01T12:17:07.663179,SYNTHETIC,CAPTURED,SUCCESS,2026-01-01T12:17:14.139382,6.48,normal_success,,False
P0001919,O0001919,C001801,M0010,1577.86,INR,WALLET,BANK_D,2026-01-02T04:10:04.598426,SYNTHETIC,FAILED,FAILED,2026-01-02T04:10:09.548538,4.95,genuine_failure,,False
P0001920,O0001920,C001504,M0001,1842.1,INR,UPI,BANK_A,2026-01-02T17:43:48.264958,SYNTHETIC,CAPTURED,SUCCESS,2026-01-02T17:43:53.519909,5.25,normal_success,,False
P0001921,O0001921,C001745,M0005,472.48,INR,UPI,BANK_E,2026-01-01T12:52:43.951541,SYNTHETIC,CAPTURED,SUCCESS,2026-01-01T12:52:51.325350,7.37,normal_success,,False
P0001922,O0001922,C002135,M0018,180.73,INR,UPI,BANK_A,2026-01-01T21:57:54.470261,SYNTHETIC,FAILED,FAILED,2026-01-01T21:58:01.020742,6.55,genuine_failure,,False
P0001923,O0001923,C000511,M0002,474.01,INR,WALLET,BANK_B,2026-01-01T14:05:57.394671,SYNTHETIC,CAPTURED,SUCCESS,2026-01-01T14:06:03.158550,5.76,normal_success,,False
P0001924,O0001924,C001298,M0002,1635.63,INR,CARD,BANK_E,2026-01-01T17:30:13.460726,SYNTHETIC,CAPTURED,SUCCESS,2026-01-01T17:30:19.252909,5.79,normal_success,,False
P0001925,O0001925,C003541,M0000,536.86,INR,UPI,BANK_A,2026-01-02T16:39:50.502725,SYNTHETIC,CAPTURED,SUCCESS,2026-01-02T16:39:59.542023,9.04,normal_success,,False
P0001926,O0001926,C002160,M0018,250.95,INR,UPI,BANK_E,2026-01-01T22:23:38.502813,SYNTHETIC,CAPTURED,SUCCESS,2026-01-01T22:23:44.280737,5.78,normal_success,,False
P0001927,O0001927,C003393,M0023,856.22,INR,UPI,BANK_E,2026-01-02T17:53:00.527145,SYNTHETIC,CAPTURED,SUCCESS,2026-01-02T17:53:08.979569,8.45,normal_success,,False
P0001928,O0001928,C000431,M0008,1977.38,INR,UPI,BANK_B,2026-01-02T08:49:51.435845,SYNTHETIC,CAPTURED,SUCCESS,2026-01-02T08:49:56.938678,5.5,normal_success,,False
P0001929,O0001929,C000235,M0009,2112.15,INR,CARD,BANK_C,2026-01-02T05:17:41.470218,SYNTHETIC,CAPTURED,SUCCESS,2026-01-02T05:17:44.202692,2.73,normal_success,,False
P0001930,O0001930,C003452,M0015,331.96,INR,CARD,BANK_B,2026-01-01T10:48:14.553960,SYNTHETIC,CAPTURED,SUCCESS,2026-01-01T10:48:23.172279,8.62,normal_success,,False
P0001931,O0001931,C001849,M0018,1891.14,INR,UPI,BANK_C,2026-01-01T00:31:23.915776,SYNTHETIC,CAPTURED,SUCCESS,2026-01-01T00:31:32.060235,8.14,normal_success,,False
P0001932,O0001932,C000225,M0000,424.11,INR,UPI,BANK_A,2026-01-01T01:21:36.541418,SYNTHETIC,CAPTURED,SUCCESS,2026-01-01T01:21:44.557906,8.02,normal_success,,False
P0001933,O0001933,C003553,M0003,475.97,INR,NETBANKING,BANK_D,2026-01-01T21:36:44.494215,SYNTHETIC,CAPTURED,SUCCESS,2026-01-01T21:39:58.353680,193.86,late_capture,,False
P0001934,O0001934,C001702,M0001,1329.71,INR,CARD,BANK_B,2026-01-02T20:05:28.651749,SYNTHETIC,CAPTURED,SUCCESS,2026-01-02T20:05:32.581234,3.93,normal_success,,False
P0001935,O0001935,C001257,M0010,341.04,INR,CARD,BANK_B,2026-01-02T06:40:31.833927,SYNTHETIC,CAPTURED,SUCCESS,2026-01-02T06:40:40.909989,9.08,normal_success,,False
P0001936,O0001936,C001416,M0003,269.38,INR,CARD,BANK_E,2026-01-02T03:41:41.272633,SYNTHETIC,CAPTURED,SUCCESS,2026-01-02T03:41:49.379732,8.11,normal_success,,False
P0001937,O0001937,C003093,M0020,826.82,INR,UPI,BANK_D,2026-01-01T21:06:39.535967,SYNTHETIC,CAPTURED,SUCCESS,2026-01-01T21:06:45.825298,6.29,normal_success,,False
P0001938,O0001938,C002274,M0020,790.75,INR,NETBANKING,BANK_B,2026-01-01T10:12:45.558974,SYNTHETIC,CAPTURED,SUCCESS,2026-01-01T10:12:53.225392,7.67,normal_success,,False
P0001939,O0001939,C001747,M0016,5353.44,INR,CARD,BANK_B,2026-01-01T06:33:29.206619,SYNTHETIC,CAPTURED,SUCCESS,2026-01-01T06:33:35.090914,5.88,normal_success,,False
P0001940,O0001940,C001473,M0022,2216.22,INR,WALLET,BANK_D,2026-01-02T01:47:18.700802,SYNTHETIC,CAPTURED,SUCCESS,2026-01-02T01:47:25.851881,7.15,normal_success,,False
P0001941,O0001941,C003293,M0001,1287.88,INR,CARD,BANK_C,2026-01-02T08:59:12.325960,SYNTHETIC,CAPTURED,SUCCESS,2026-01-02T08:59:17.985017,5.66,normal_success,,False
P0001942,O0001942,C000434,M0018,746.03,INR,UPI,BANK_C,2026-01-02T15:55:17.091174,SYNTHETIC,CAPTURED,SUCCESS,2026-01-02T15:55:20.955862,3.86,normal_success,,False
P0001943,O0001943,C003306,M0012,2384.81,INR,UPI,BANK_E,2026-01-01T07:19:44.735072,SYNTHETIC,FAILED,FAILED,2026-01-01T07:19:49.538464,4.8,genuine_failure,,False
P0001944,O0001944,C001022,M0020,2657.45,INR,WALLET,BANK_B,2026-01-01T01:22:31.030034,SYNTHETIC,FAILED,FAILED,2026-01-01T01:22:37.344512,6.31,genuine_failure,,False
P0001945,O0001945,C000478,M0019,307.09,INR,CARD,BANK_B,2026-01-02T11:48:03.061263,SYNTHETIC,CAPTURED,SUCCESS,2026-01-02T11:48:07.227538,4.17,normal_success,,False
P0001946,O0001946,C000162,M0019,1018.54,INR,CARD,BANK_E,2026-01-02T13:45:21.098245,SYNTHETIC,CAPTURED,SUCCESS,2026-01-02T13:45:29.834953,8.74,normal_success,,False
P0001947,O0001947,C000535,M0016,261.52,INR,NETBANKING,BANK_C,2026-01-01T20:32:40.787627,SYNTHETIC,CAPTURED,SUCCESS,2026-01-01T20:32:50.366145,9.58,normal_success,,True
P0001948,O0001948,C002087,M0018,1795.75,INR,NETBANKING,BANK_E,2026-01-02T01:42:12.340070,SYNTHETIC,CAPTURED,SUCCESS,2026-01-02T01:42:15.756834,3.42,normal_success,,False
P0001949,O0001949,C002283,M0005,220.44,INR,NETBANKING,BANK_B,2026-01-01T22:26:04.184697,SYNTHETIC,CAPTURED,SUCCESS,2026-01-01T22:30:54.274605,290.09,late_capture,,False
P0001950,O0001950,C002069,M0017,2271.27,INR,UPI,BANK_D,2026-01-01T20:57:36.658874,SYNTHETIC,CAPTURED,SUCCESS,2026-01-01T20:57:45.057352,8.4,normal_success,,False
P0001951,O0001951,C001410,M0000,270.43,INR,NETBANKING,BANK_D,2026-01-02T17:40:50.108060,SYNTHETIC,CAPTURED,SUCCESS,2026-01-02T17:40:58.145308,8.04,normal_success,,False
P0001952,O0001952,C001710,M0021,693.0,INR,CARD,BANK_A,2026-01-01T00:43:22.281737,SYNTHETIC,CAPTURED,SUCCESS,2026-01-01T00:43:26.431800,4.15,normal_success,,False
P0001953,O0001953,C000570,M0006,986.11,INR,CARD,BANK_E,2026-01-02T21:36:46.655486,SYNTHETIC,FAILED,FAILED,2026-01-02T21:36:54.242289,7.59,genuine_failure,,False
P0001954,O0001954,C003964,M0002,155.48,INR,UPI,BANK_B,2026-01-02T04:26:20.475767,SYNTHETIC,CAPTURED,SUCCESS,2026-01-02T04:26:30.323189,9.85,normal_success,,True
P0001955,O0001955,C000069,M0015,345.29,INR,WALLET,BANK_A,2026-01-02T02:44:26.895612,SYNTHETIC,CAPTURED,SUCCESS,2026-01-02T02:44:34.940970,8.05,normal_success,,False
P0001956,O0001956,C001174,M0004,361.3,INR,UPI,BANK_B,2026-01-01T09:10:50.513691,SYNTHETIC,CAPTURED,SUCCESS,2026-01-01T09:10:57.303777,6.79,normal_success,,False
P0001957,O0001957,C001493,M0000,1027.83,INR,UPI,BANK_C,2026-01-01T06:05:14.500470,SYNTHETIC,CAPTURED,SUCCESS,2026-01-01T06:05:17.652339,3.15,normal_success,,False
P0001958,O0001958,C002508,M0020,944.23,INR,WALLET,BANK_C,2026-01-02T04:59:39.911413,SYNTHETIC,CAPTURED,SUCCESS,2026-01-02T04:59:46.350996,6.44,normal_success,,False
P0001959,O0001959,C001880,M0013,888.6,INR,NETBANKING,BANK_D,2026-01-01T20:34:42.943461,SYNTHETIC,CAPTURED,SUCCESS,2026-01-01T20:34:50.534851,7.59,normal_success,,False
P0001960,O0001960,C002359,M0015,282.81,INR,WALLET,BANK_C,2026-01-01T20:59:50.999900,SYNTHETIC,CAPTURED,SUCCESS,2026-01-01T21:02:06.037189,135.04,late_capture,,False
P0001961,O0001961,C000219,M0014,1274.33,INR,UPI,BANK_D,2026-01-01T10:09:33.611749,SYNTHETIC,CAPTURED,SUCCESS,2026-01-01T10:09:36.259934,2.65,normal_success,,False
P0001962,O0001962,C001988,M0023,258.27,INR,UPI,BANK_B,2026-01-01T05:49:47.154573,SYNTHETIC,CAPTURED,SUCCESS,2026-01-01T05:49:54.183788,7.03,normal_success,,False
P0001963,O0001963,C000468,M0014,1236.53,INR,CARD,BANK_D,2026-01-02T04:42:52.437009,SYNTHETIC,CAPTURED,SUCCESS,2026-01-02T04:43:02.077522,9.64,normal_success,,False
P0001964,O0001964,C003408,M0011,310.6,INR,WALLET,BANK_B,2026-01-01T19:32:19.904904,SYNTHETIC,CAPTURED,SUCCESS,2026-01-01T19:34:56.106372,156.2,late_capture,,False
P0001965,O0001965,C003199,M0003,628.97,INR,WALLET,BANK_B,2026-01-01T13:33:09.126919,SYNTHETIC,FAILED,FAILED,2026-01-01T13:33:11.818667,2.69,genuine_failure,,False
P0001966,O0001966,C000756,M0018,1214.8,INR,UPI,BANK_D,2026-01-01T04:32:11.983569,SYNTHETIC,CAPTURED,SUCCESS,2026-01-01T04:32:19.600688,7.62,normal_success,,False
P0001967,O0001967,C001679,M0008,1406.58,INR,UPI,BANK_E,2026-01-01T15:56:40.121461,SYNTHETIC,CAPTURED,SUCCESS,2026-01-01T15:56:48.888946,8.77,normal_success,,False
P0001968,O0001968,C000051,M0018,184.89,INR,CARD,BANK_D,2026-01-01T11:57:50.331059,SYNTHETIC,CAPTURED,SUCCESS,2026-01-01T11:57:58.460623,8.13,normal_success,,False
P0001969,O0001969,C003152,M0012,706.33,INR,CARD,BANK_C,2026-01-02T19:32:33.258981,SYNTHETIC,CAPTURED,SUCCESS,2026-01-02T19:32:40.299413,7.04,normal_success,,False
P0001970,O0001970,C001030,M0008,1335.93,INR,NETBANKING,BANK_D,2026-01-02T14:28:18.459974,SYNTHETIC,CAPTURED,SUCCESS,2026-01-02T14:28:27.933446,9.47,normal_success,,True
P0001971,O0001971,C001763,M0008,939.29,INR,UPI,BANK_A,2026-01-01T19:36:26.661050,SYNTHETIC,CAPTURED,SUCCESS,2026-01-01T19:36:36.386700,9.73,normal_success,,False
P0001972,O0001972,C001467,M0016,237.97,INR,WALLET,BANK_E,2026-01-02T15:56:03.676784,SYNTHETIC,CAPTURED,SUCCESS,2026-01-02T15:56:07.186873,3.51,normal_success,,False
P0001973,O0001973,C002127,M0005,627.64,INR,NETBANKING,BANK_E,2026-01-01T10:03:28.904994,SYNTHETIC,CAPTURED,SUCCESS,2026-01-01T10:03:33.193547,4.29,normal_success,,True
P0001974,O0001974,C002402,M0011,1390.59,INR,CARD,BANK_D,2026-01-01T14:25:33.469907,SYNTHETIC,CAPTURED,SUCCESS,2026-01-01T14:25:37.082026,3.61,normal_success,,True
P0001975,O0001975,C002411,M0006,613.42,INR,UPI,BANK_A,2026-01-02T04:21:19.421798,SYNTHETIC,CAPTURED,SUCCESS,2026-01-02T04:21:25.099469,5.68,normal_success,,False
P0001976,O0001976,C000539,M0021,491.07,INR,NETBANKING,BANK_A,2026-01-01T18:55:13.658168,SYNTHETIC,CAPTURED,SUCCESS,2026-01-01T18:55:19.919975,6.26,normal_success,,False
P0001977,O0001977,C002405,M0013,3601.67,INR,NETBANKING,BANK_C,2026-01-02T07:19:01.250610,SYNTHETIC,CAPTURED,SUCCESS,2026-01-02T07:19:06.844892,5.59,normal_success,,False
P0001978,O0001978,C002510,M0006,308.33,INR,UPI,BANK_A,2026-01-01T09:55:12.211357,SYNTHETIC,CAPTURED,SUCCESS,2026-01-01T09:55:21.179394,8.97,normal_success,,False
P0001979,O0001979,C001265,M0019,956.55,INR,CARD,BANK_D,2026-01-02T04:37:20.239857,SYNTHETIC,CAPTURED,SUCCESS,2026-01-02T04:37:25.882186,5.64,normal_success,,False
P0001980,O0001980,C002960,M0009,228.47,INR,WALLET,BANK_C,2026-01-01T12:35:34.656442,SYNTHETIC,CAPTURED,SUCCESS,2026-01-01T12:35:40.084275,5.43,normal_success,,False
P0001981,O0001981,C001091,M0015,315.25,INR,WALLET,BANK_B,2026-01-02T17:15:18.871189,SYNTHETIC,CAPTURED,SUCCESS,2026-01-02T17:15:22.315451,3.44,normal_success,,True
P0001982,O0001982,C000520,M0000,497.27,INR,CARD,BANK_B,2026-01-02T11:52:36.761887,SYNTHETIC,CAPTURED,SUCCESS,2026-01-02T11:52:44.579608,7.82,normal_success,,True
P0001983,O0001983,C003187,M0009,88.9,INR,WALLET,BANK_D,2026-01-02T10:20:44.698238,SYNTHETIC,CAPTURED,SUCCESS,2026-01-02T10:20:52.386348,7.69,normal_success,,False
P0001984,O0001984,C003919,M0020,598.42,INR,CARD,BANK_E,2026-01-02T14:39:47.304289,SYNTHETIC,CAPTURED,SUCCESS,2026-01-02T14:39:50.238396,2.93,normal_success,,False
P0001985,O0001985,C000270,M0009,577.8,INR,NETBANKING,BANK_C,2026-01-02T07:08:51.400211,SYNTHETIC,CAPTURED,SUCCESS,2026-01-02T07:08:57.714220,6.31,normal_success,,False
P0001986,O0001986,C001420,M0021,1503.62,INR,NETBANKING,BANK_D,2026-01-02T16:45:39.746696,SYNTHETIC,CAPTURED,SUCCESS,2026-01-02T16:45:42.779102,3.03,normal_success,,False
P0001987,O0001987,C002712,M0016,199.51,INR,WALLET,BANK_A,2026-01-02T14:48:42.187266,SYNTHETIC,CAPTURED,SUCCESS,2026-01-02T14:48:49.775958,7.59,normal_success,,False
P0001988,O0001988,C002671,M0007,891.53,INR,CARD,BANK_B,2026-01-01T13:16:04.077583,SYNTHETIC,CAPTURED,SUCCESS,2026-01-01T13:16:11.717188,7.64,normal_success,,True
P0001989,O0001989,C003116,M0021,1004.51,INR,UPI,BANK_B,2026-01-02T19:08:53.810051,SYNTHETIC,CAPTURED,SUCCESS,2026-01-02T19:09:00.007645,6.2,normal_success,,False
P0001990,O0001990,C001001,M0002,486.54,INR,UPI,BANK_B,2026-01-01T01:56:21.389841,SYNTHETIC,CAPTURED,SUCCESS,2026-01-01T01:56:28.536198,7.15,normal_success,INC0001,False
P0001991,O0001991,C000972,M0012,508.42,INR,UPI,BANK_B,2026-01-01T00:53:26.858325,SYNTHETIC,CAPTURED,SUCCESS,2026-01-01T00:58:34.112214,307.25,late_capture,,False
P0001992,O0001992,C000626,M0024,37.11,INR,NETBANKING,BANK_B,2026-01-02T07:45:15.565848,SYNTHETIC,CAPTURED,SUCCESS,2026-01-02T07:45:25.150593,9.58,normal_success,,True
P0001993,O0001993,C001064,M0012,1250.19,INR,CARD,BANK_E,2026-01-01T00:17:45.345234,SYNTHETIC,CAPTURED,SUCCESS,2026-01-01T00:17:52.341457,7.0,normal_success,,False
P0001994,O0001994,C002123,M0002,1842.63,INR,NETBANKING,BANK_E,2026-01-02T14:53:44.283099,SYNTHETIC,CAPTURED,SUCCESS,2026-01-02T14:53:51.985878,7.7,normal_success,,False
P0001995,O0001995,C002978,M0023,237.21,INR,WALLET,BANK_E,2026-01-01T19:53:23.711452,SYNTHETIC,CAPTURED,SUCCESS,2026-01-01T19:53:26.835600,3.12,normal_success,,False
P0001996,O0001996,C002675,M0017,2245.36,INR,NETBANKING,BANK_C,2026-01-02T16:29:41.279396,SYNTHETIC,CAPTURED,SUCCESS,2026-01-02T16:29:44.010356,2.73,normal_success,,False
P0001997,O0001997,C003776,M0019,249.39,INR,WALLET,BANK_D,2026-01-02T06:33:56.813199,SYNTHETIC,FAILED,FAILED,2026-01-02T06:34:00.061335,3.25,genuine_failure,,False
P0001998,O0001998,C002869,M0001,121.29,INR,UPI,BANK_E,2026-01-01T10:03:29.924608,SYNTHETIC,CAPTURED,SUCCESS,2026-01-01T10:03:33.987251,4.06,normal_success,,False
P0001999,O0001999,C002331,M0012,1382.91,INR,UPI,BANK_A,2026-01-02T13:55:17.700869,SYNTHETIC,CAPTURED,SUCCESS,2026-01-02T13:55:23.763306,6.06,normal_success,,False
P0002000,O0002000,C000269,M0007,880.68,INR,CARD,BANK_B,2026-01-02T23:38:34.803364,SYNTHETIC,CAPTURED,SUCCESS,2026-01-02T23:38:40.963518,6.16,normal_success,,False
P0002001,O0002001,C003067,M0009,475.23,INR,UPI,BANK_E,2026-01-01T23:18:53.792738,SYNTHETIC,CAPTURED,SUCCESS,2026-01-01T23:22:55.739551,241.95,late_capture,,False
P0002002,O0002002,C000428,M0010,211.79,INR,CARD,BANK_D,2026-01-01T03:47:47.781720,SYNTHETIC,CAPTURED,SUCCESS,2026-01-01T03:47:53.632761,5.85,normal_success,,False
P0002003,O0002003,C002979,M0008,462.46,INR,CARD,BANK_D,2026-01-01T05:51:46.422647,SYNTHETIC,CAPTURED,SUCCESS,2026-01-01T05:51:50.885440,4.46,normal_success,,True
P0002004,O0002004,C002023,M0000,6485.87,INR,UPI,BANK_B,2026-01-01T23:29:14.333628,SYNTHETIC,CAPTURED,SUCCESS,2026-01-01T23:29:23.819045,9.49,normal_success,,False
P0002005,O0002005,C002480,M0008,4415.29,INR,NETBANKING,BANK_D,2026-01-01T05:38:37.314162,SYNTHETIC,CAPTURED,SUCCESS,2026-01-01T05:38:45.049398,7.74,normal_success,,False
P0002006,O0002006,C003728,M0020,463.17,INR,WALLET,BANK_D,2026-01-02T00:33:47.657860,SYNTHETIC,CAPTURED,SUCCESS,2026-01-02T00:33:54.507245,6.85,normal_success,,True
P0002007,O0002007,C001192,M0006,966.39,INR,NETBANKING,BANK_A,2026-01-01T11:47:30.216165,SYNTHETIC,CAPTURED,SUCCESS,2026-01-01T11:47:35.174092,4.96,normal_success,,True
P0002008,O0002008,C001526,M0008,2004.43,INR,UPI,BANK_D,2026-01-01T03:25:35.642277,SYNTHETIC,CAPTURED,SUCCESS,2026-01-01T03:25:43.128370,7.49,normal_success,,False
P0002009,O0002009,C000424,M0021,198.88,INR,UPI,BANK_D,2026-01-02T11:28:06.632209,SYNTHETIC,CAPTURED,SUCCESS,2026-01-02T11:28:16.305805,9.67,normal_success,,False
P0002010,O0002010,C000984,M0019,129.77,INR,NETBANKING,BANK_E,2026-01-01T16:19:19.850216,SYNTHETIC,CAPTURED,SUCCESS,2026-01-01T16:19:25.104198,5.25,normal_success,,False
P0002011,O0002011,C000481,M0013,1243.71,INR,NETBANKING,BANK_B,2026-01-01T13:25:36.028161,SYNTHETIC,FAILED,FAILED,2026-01-01T13:25:39.575653,3.55,genuine_failure,,False
P0002012,O0002012,C002697,M0021,172.47,INR,NETBANKING,BANK_A,2026-01-01T14:02:39.895614,SYNTHETIC,CAPTURED,SUCCESS,2026-01-01T14:02:44.834229,4.94,normal_success,,False
P0002013,O0002013,C002893,M0000,324.24,INR,CARD,BANK_D,2026-01-02T14:57:02.090162,SYNTHETIC,CAPTURED,SUCCESS,2026-01-02T14:57:06.541890,4.45,normal_success,,False
P0002014,O0002014,C003773,M0008,238.42,INR,NETBANKING,BANK_A,2026-01-01T09:59:55.471626,SYNTHETIC,CAPTURED,SUCCESS,2026-01-01T10:00:06.393948,10.92,normal_success,,True
P0002015,O0002015,C000546,M0001,675.72,INR,UPI,BANK_D,2026-01-01T16:00:53.544467,SYNTHETIC,CAPTURED,SUCCESS,2026-01-01T16:00:59.667819,6.12,normal_success,,False
P0002016,O0002016,C002767,M0020,322.06,INR,WALLET,BANK_A,2026-01-02T18:16:50.211329,SYNTHETIC,CAPTURED,SUCCESS,2026-01-02T18:16:56.126727,5.92,normal_success,,False
P0002017,O0002017,C000581,M0020,741.39,INR,NETBANKING,BANK_D,2026-01-02T09:04:49.119553,SYNTHETIC,CAPTURED,SUCCESS,2026-01-02T09:04:55.182903,6.06,normal_success,,False
P0002018,O0002018,C002025,M0017,356.29,INR,CARD,BANK_E,2026-01-01T15:07:13.741593,SYNTHETIC,CAPTURED,SUCCESS,2026-01-01T15:07:21.396790,7.66,normal_success,,True
P0002019,O0002019,C002093,M0006,465.36,INR,CARD,BANK_C,2026-01-01T16:24:38.344848,SYNTHETIC,CAPTURED,SUCCESS,2026-01-01T16:24:45.681029,7.34,normal_success,,False
P0002020,O0002020,C002660,M0024,507.26,INR,WALLET,BANK_B,2026-01-02T11:19:21.945702,SYNTHETIC,CAPTURED,SUCCESS,2026-01-02T11:19:27.578133,5.63,normal_success,,False
P0002021,O0002021,C001717,M0012,93.76,INR,CARD,BANK_C,2026-01-01T01:01:27.490855,SYNTHETIC,CAPTURED,SUCCESS,2026-01-01T01:01:34.948577,7.46,normal_success,,False
P0002022,O0002022,C003649,M0004,312.1,INR,WALLET,BANK_B,2026-01-01T15:23:44.222426,SYNTHETIC,CAPTURED,SUCCESS,2026-01-01T15:23:52.040879,7.82,normal_success,,False
P0002023,O0002023,C002439,M0019,1031.72,INR,NETBANKING,BANK_D,2026-01-02T21:59:51.628914,SYNTHETIC,CAPTURED,SUCCESS,2026-01-02T21:59:57.195195,5.57,normal_success,,False
P0002024,O0002024,C000627,M0003,351.42,INR,NETBANKING,BANK_C,2026-01-02T06:32:36.469668,SYNTHETIC,CAPTURED,SUCCESS,2026-01-02T06:32:44.323093,7.85,normal_success,,False
P0002025,O0002025,C002278,M0001,6570.66,INR,UPI,BANK_B,2026-01-01T18:31:24.837165,SYNTHETIC,CAPTURED,SUCCESS,2026-01-01T18:31:28.234409,3.4,normal_success,,False
P0002026,O0002026,C002030,M0008,299.02,INR,CARD,BANK_E,2026-01-02T09:48:11.894755,SYNTHETIC,CAPTURED,SUCCESS,2026-01-02T09:48:19.258014,7.36,normal_success,,False
P0002027,O0002027,C001948,M0016,395.91,INR,UPI,BANK_B,2026-01-02T08:49:36.300651,SYNTHETIC,CAPTURED,SUCCESS,2026-01-02T08:49:40.541745,4.24,normal_success,,False
P0002028,O0002028,C002244,M0005,321.31,INR,NETBANKING,BANK_B,2026-01-02T20:49:48.940524,SYNTHETIC,CAPTURED,SUCCESS,2026-01-02T20:49:56.913844,7.97,normal_success,,False
P0002029,O0002029,C002077,M0013,1511.24,INR,NETBANKING,BANK_E,2026-01-01T05:42:07.401212,SYNTHETIC,CAPTURED,SUCCESS,2026-01-01T05:42:15.828558,8.43,normal_success,,False
P0002030,O0002030,C001582,M0007,344.22,INR,NETBANKING,BANK_E,2026-01-01T12:10:28.642606,SYNTHETIC,CAPTURED,SUCCESS,2026-01-01T12:10:34.490450,5.85,normal_success,,False
P0002031,O0002031,C003567,M0004,1034.94,INR,NETBANKING,BANK_B,2026-01-01T10:34:15.910350,SYNTHETIC,FAILED,FAILED,2026-01-01T10:34:20.774685,4.86,genuine_failure,,False
P0002032,O0002032,C001180,M0008,172.77,INR,UPI,BANK_C,2026-01-02T03:36:56.074282,SYNTHETIC,CAPTURED,SUCCESS,2026-01-02T03:37:02.592827,6.52,normal_success,,False
P0002033,O0002033,C001635,M0002,1286.57,INR,UPI,BANK_B,2026-01-02T22:35:18.763348,SYNTHETIC,CAPTURED,SUCCESS,2026-01-02T22:35:26.759674,8.0,normal_success,,False
P0002034,O0002034,C003327,M0021,312.21,INR,NETBANKING,BANK_C,2026-01-01T09:32:06.594030,SYNTHETIC,FAILED,FAILED,2026-01-01T09:32:12.300628,5.71,genuine_failure,,False
P0002035,O0002035,C000105,M0024,283.47,INR,WALLET,BANK_E,2026-01-02T10:12:31.896411,SYNTHETIC,CAPTURED,SUCCESS,2026-01-02T10:12:39.324613,7.43,normal_success,,False
P0002036,O0002036,C001874,M0022,296.0,INR,UPI,BANK_B,2026-01-02T17:18:07.826761,SYNTHETIC,FAILED,FAILED,2026-01-02T17:18:14.875704,7.05,genuine_failure,,False
P0002037,O0002037,C001249,M0023,1678.75,INR,NETBANKING,BANK_E,2026-01-01T02:32:04.453456,SYNTHETIC,CAPTURED,SUCCESS,2026-01-01T02:32:10.591013,6.14,normal_success,INC0001,False
P0002038,O0002038,C001168,M0012,202.77,INR,CARD,BANK_E,2026-01-01T03:18:42.154669,SYNTHETIC,CAPTURED,SUCCESS,2026-01-01T03:18:50.979297,8.82,normal_success,,False
P0002039,O0002039,C003988,M0021,1006.6,INR,WALLET,BANK_D,2026-01-01T07:14:15.152174,SYNTHETIC,CAPTURED,SUCCESS,2026-01-01T07:20:23.113507,367.96,late_capture,,False
P0002040,O0002040,C001796,M0019,1544.11,INR,CARD,BANK_E,2026-01-02T22:12:16.468645,SYNTHETIC,CAPTURED,SUCCESS,2026-01-02T22:12:22.056145,5.59,normal_success,,False
P0002041,O0002041,C003266,M0017,454.52,INR,NETBANKING,BANK_D,2026-01-01T17:25:04.824419,SYNTHETIC,CAPTURED,SUCCESS,2026-01-01T17:25:08.888910,4.06,normal_success,,False
P0002042,O0002042,C003645,M0001,1226.3,INR,UPI,BANK_D,2026-01-02T23:01:44.855095,SYNTHETIC,CAPTURED,SUCCESS,2026-01-02T23:01:51.465980,6.61,normal_success,,False
P0002043,O0002043,C001335,M0014,2230.47,INR,CARD,BANK_B,2026-01-02T05:27:32.233530,SYNTHETIC,CAPTURED,SUCCESS,2026-01-02T05:27:39.565664,7.33,normal_success,,False
P0002044,O0002044,C002524,M0004,101.35,INR,CARD,BANK_D,2026-01-02T00:14:14.190318,SYNTHETIC,CAPTURED,SUCCESS,2026-01-02T00:14:20.837237,6.65,normal_success,,False
P0002045,O0002045,C003844,M0012,570.69,INR,CARD,BANK_A,2026-01-01T03:12:02.218273,SYNTHETIC,CAPTURED,SUCCESS,2026-01-01T03:12:07.394912,5.18,normal_success,INC0001,False
P0002046,O0002046,C001017,M0005,437.29,INR,UPI,BANK_D,2026-01-02T15:37:03.778309,SYNTHETIC,CAPTURED,SUCCESS,2026-01-02T15:37:09.727189,5.95,normal_success,,False
P0002047,O0002047,C000203,M0018,299.12,INR,NETBANKING,BANK_A,2026-01-02T18:44:54.812991,SYNTHETIC,CAPTURED,SUCCESS,2026-01-02T18:44:58.209208,3.4,normal_success,,False
P0002048,O0002048,C003723,M0010,803.51,INR,NETBANKING,BANK_B,2026-01-02T09:40:57.516272,SYNTHETIC,CAPTURED,SUCCESS,2026-01-02T09:41:03.518470,6.0,normal_success,,False
P0002049,O0002049,C000354,M0014,1153.65,INR,WALLET,BANK_C,2026-01-02T01:08:28.410865,SYNTHETIC,CAPTURED,SUCCESS,2026-01-02T01:08:35.938327,7.53,normal_success,,False
P0002050,O0002050,C002175,M0010,528.35,INR,UPI,BANK_A,2026-01-01T09:52:08.903183,SYNTHETIC,FAILED,FAILED,2026-01-01T09:52:14.420532,5.52,genuine_failure,,False
P0002051,O0002051,C000205,M0007,671.18,INR,NETBANKING,BANK_C,2026-01-01T03:17:32.767431,SYNTHETIC,CAPTURED,SUCCESS,2026-01-01T03:17:40.137393,7.37,normal_success,,False
P0002052,O0002052,C003579,M0014,939.19,INR,UPI,BANK_B,2026-01-02T15:22:43.711717,SYNTHETIC,CAPTURED,SUCCESS,2026-01-02T15:22:51.637355,7.93,normal_success,,False
P0002053,O0002053,C003453,M0007,864.36,INR,WALLET,BANK_B,2026-01-01T08:20:35.482950,SYNTHETIC,FAILED,FAILED,2026-01-01T08:20:42.259801,6.78,genuine_failure,,False
P0002054,O0002054,C003933,M0004,2561.83,INR,UPI,BANK_E,2026-01-02T08:14:31.642112,SYNTHETIC,CAPTURED,SUCCESS,2026-01-02T08:14:35.520854,3.88,normal_success,,False
P0002055,O0002055,C000861,M0022,60.75,INR,UPI,BANK_B,2026-01-01T09:52:41.741097,SYNTHETIC,CAPTURED,SUCCESS,2026-01-01T09:52:47.411376,5.67,normal_success,,False
P0002056,O0002056,C001654,M0007,2200.71,INR,WALLET,BANK_D,2026-01-02T05:03:57.901468,SYNTHETIC,CAPTURED,SUCCESS,2026-01-02T05:04:02.097148,4.2,normal_success,,False
P0002057,O0002057,C001243,M0003,1001.03,INR,WALLET,BANK_A,2026-01-01T14:23:23.800232,SYNTHETIC,CAPTURED,SUCCESS,2026-01-01T14:23:30.435694,6.64,normal_success,,False
P0002058,O0002058,C003974,M0024,5070.39,INR,NETBANKING,BANK_B,2026-01-02T19:33:43.749686,SYNTHETIC,CAPTURED,SUCCESS,2026-01-02T19:38:48.512984,304.76,late_capture,,False
P0002059,O0002059,C002236,M0016,693.71,INR,NETBANKING,BANK_A,2026-01-01T13:20:40.414711,SYNTHETIC,CAPTURED,SUCCESS,2026-01-01T13:20:46.559153,6.14,normal_success,,False
P0002060,O0002060,C000563,M0001,298.34,INR,WALLET,BANK_A,2026-01-02T20:18:58.124775,SYNTHETIC,CAPTURED,SUCCESS,2026-01-02T20:19:01.122165,3.0,normal_success,,False
P0002061,O0002061,C002727,M0013,549.8,INR,CARD,BANK_A,2026-01-02T12:07:51.444150,SYNTHETIC,CAPTURED,SUCCESS,2026-01-02T12:07:56.566272,5.12,normal_success,,False
P0002062,O0002062,C000166,M0019,828.92,INR,CARD,BANK_C,2026-01-02T22:51:28.862191,SYNTHETIC,CAPTURED,SUCCESS,2026-01-02T22:51:35.271859,6.41,normal_success,,False
P0002063,O0002063,C001018,M0014,167.98,INR,UPI,BANK_E,2026-01-01T03:15:13.652615,SYNTHETIC,CAPTURED,SUCCESS,2026-01-01T03:15:22.889906,9.24,normal_success,,False
P0002064,O0002064,C001575,M0003,5639.17,INR,CARD,BANK_B,2026-01-01T12:47:15.490924,SYNTHETIC,CAPTURED,SUCCESS,2026-01-01T12:47:20.172321,4.68,normal_success,,False
P0002065,O0002065,C002806,M0024,1313.56,INR,NETBANKING,BANK_A,2026-01-02T01:30:09.627745,SYNTHETIC,CAPTURED,SUCCESS,2026-01-02T01:30:17.040988,7.41,normal_success,,False
P0002066,O0002066,C000368,M0018,376.47,INR,UPI,BANK_B,2026-01-02T12:07:11.930106,SYNTHETIC,CAPTURED,SUCCESS,2026-01-02T12:07:19.976773,8.05,normal_success,,False
P0002067,O0002067,C003825,M0000,645.34,INR,CARD,BANK_D,2026-01-02T07:11:43.522788,SYNTHETIC,CAPTURED,SUCCESS,2026-01-02T07:11:53.824206,10.3,normal_success,,False
P0002068,O0002068,C001652,M0019,512.25,INR,CARD,BANK_B,2026-01-02T07:58:11.034949,SYNTHETIC,CAPTURED,SUCCESS,2026-01-02T07:58:14.637821,3.6,normal_success,,False
P0002069,O0002069,C002508,M0000,164.22,INR,WALLET,BANK_A,2026-01-01T03:32:26.478823,SYNTHETIC,CAPTURED,SUCCESS,2026-01-01T03:32:33.353870,6.88,normal_success,,False
P0002070,O0002070,C000924,M0021,1937.29,INR,CARD,BANK_A,2026-01-02T18:39:49.064052,SYNTHETIC,CAPTURED,SUCCESS,2026-01-02T18:39:53.443859,4.38,normal_success,,False
P0002071,O0002071,C000458,M0014,1220.78,INR,CARD,BANK_C,2026-01-01T01:58:57.852231,SYNTHETIC,FAILED,FAILED,2026-01-01T01:59:00.117177,2.26,genuine_failure,INC0001,False
P0002072,O0002072,C001906,M0013,1095.73,INR,CARD,BANK_C,2026-01-02T03:22:27.216430,SYNTHETIC,CAPTURED,SUCCESS,2026-01-02T03:22:33.702510,6.49,normal_success,,False
P0002073,O0002073,C002863,M0020,1047.47,INR,WALLET,BANK_A,2026-01-02T17:21:44.363431,SYNTHETIC,CAPTURED,SUCCESS,2026-01-02T17:21:50.032738,5.67,normal_success,,False
P0002074,O0002074,C003025,M0003,1419.16,INR,WALLET,BANK_D,2026-01-01T09:47:05.279499,SYNTHETIC,CAPTURED,SUCCESS,2026-01-01T09:47:13.386029,8.11,normal_success,,True
P0002075,O0002075,C003678,M0022,3090.18,INR,NETBANKING,BANK_E,2026-01-01T11:14:03.261857,SYNTHETIC,CAPTURED,SUCCESS,2026-01-01T11:14:12.932886,9.67,normal_success,,False
P0002076,O0002076,C003613,M0013,4464.27,INR,CARD,BANK_C,2026-01-02T08:53:39.875127,SYNTHETIC,CAPTURED,SUCCESS,2026-01-02T08:53:47.307537,7.43,normal_success,,False
P0002077,O0002077,C002558,M0005,910.01,INR,CARD,BANK_E,2026-01-01T13:49:13.142786,SYNTHETIC,CAPTURED,SUCCESS,2026-01-01T13:49:23.260961,10.12,normal_success,,False
P0002078,O0002078,C001038,M0020,2060.94,INR,WALLET,BANK_A,2026-01-02T13:01:51.791381,SYNTHETIC,CAPTURED,SUCCESS,2026-01-02T13:01:59.063630,7.27,normal_success,,False
P0002079,O0002079,C001506,M0000,4882.22,INR,WALLET,BANK_C,2026-01-02T01:19:23.766542,SYNTHETIC,CAPTURED,SUCCESS,2026-01-02T01:19:31.054549,7.29,normal_success,,True
P0002080,O0002080,C003169,M0018,1721.51,INR,UPI,BANK_D,2026-01-02T20:02:10.707964,SYNTHETIC,CAPTURED,SUCCESS,2026-01-02T20:02:18.646900,7.94,normal_success,,False
P0002081,O0002081,C001977,M0006,370.22,INR,UPI,BANK_D,2026-01-01T11:10:02.925316,SYNTHETIC,CAPTURED,SUCCESS,2026-01-01T11:10:08.346910,5.42,normal_success,,False
P0002082,O0002082,C003833,M0022,909.35,INR,CARD,BANK_E,2026-01-01T03:20:55.245143,SYNTHETIC,CAPTURED,SUCCESS,2026-01-01T03:21:03.805089,8.56,normal_success,,False
P0002083,O0002083,C001249,M0022,45.21,INR,WALLET,BANK_E,2026-01-01T04:22:55.826169,SYNTHETIC,CAPTURED,SUCCESS,2026-01-01T04:22:58.830557,3.0,normal_success,,False
P0002084,O0002084,C001674,M0000,1907.79,INR,WALLET,BANK_B,2026-01-01T21:07:34.925020,SYNTHETIC,CAPTURED,SUCCESS,2026-01-01T21:07:42.359142,7.43,normal_success,,False
P0002085,O0002085,C001641,M0008,1388.25,INR,NETBANKING,BANK_B,2026-01-02T20:31:44.202885,SYNTHETIC,CAPTURED,SUCCESS,2026-01-02T20:31:51.993648,7.79,normal_success,,False
P0002086,O0002086,C002225,M0014,682.83,INR,UPI,BANK_C,2026-01-02T10:53:45.415848,SYNTHETIC,CAPTURED,SUCCESS,2026-01-02T10:53:49.939292,4.52,normal_success,,True
P0002087,O0002087,C003873,M0012,1156.99,INR,NETBANKING,BANK_C,2026-01-01T21:17:19.201428,SYNTHETIC,CAPTURED,SUCCESS,2026-01-01T21:17:24.774037,5.57,normal_success,,False
P0002088,O0002088,C000952,M0014,2138.9,INR,WALLET,BANK_B,2026-01-01T08:15:53.734895,SYNTHETIC,CAPTURED,SUCCESS,2026-01-01T08:16:00.175301,6.44,normal_success,,False
P0002089,O0002089,C002110,M0015,760.43,INR,WALLET,BANK_C,2026-01-02T16:08:43.169747,SYNTHETIC,CAPTURED,SUCCESS,2026-01-02T16:08:48.680085,5.51,normal_success,,False
P0002090,O0002090,C003401,M0004,905.12,INR,UPI,BANK_E,2026-01-01T18:27:23.960920,SYNTHETIC,CAPTURED,SUCCESS,2026-01-01T18:27:32.882694,8.92,normal_success,,False
P0002091,O0002091,C003666,M0020,3012.13,INR,NETBANKING,BANK_D,2026-01-02T07:38:47.422780,SYNTHETIC,CAPTURED,SUCCESS,2026-01-02T07:38:57.366241,9.94,normal_success,,False
P0002092,O0002092,C003042,M0003,823.5,INR,UPI,BANK_A,2026-01-01T02:11:25.152275,SYNTHETIC,CAPTURED,SUCCESS,2026-01-01T02:11:33.186256,8.03,normal_success,INC0001,False
P0002093,O0002093,C003279,M0014,1584.76,INR,CARD,BANK_C,2026-01-02T15:49:03.622589,SYNTHETIC,CAPTURED,SUCCESS,2026-01-02T15:49:09.733015,6.11,normal_success,,False
P0002094,O0002094,C003116,M0013,350.94,INR,NETBANKING,BANK_E,2026-01-02T19:17:52.868580,SYNTHETIC,CAPTURED,SUCCESS,2026-01-02T19:17:58.336189,5.47,normal_success,,False
P0002095,O0002095,C000853,M0010,1253.51,INR,UPI,BANK_B,2026-01-02T07:32:43.571560,SYNTHETIC,FAILED,FAILED,2026-01-02T07:32:48.157220,4.59,genuine_failure,,False
P0002096,O0002096,C002128,M0000,1404.72,INR,CARD,BANK_D,2026-01-01T07:33:46.214614,SYNTHETIC,CAPTURED,SUCCESS,2026-01-01T07:33:50.634400,4.42,normal_success,,False
P0002097,O0002097,C000094,M0018,1101.63,INR,UPI,BANK_B,2026-01-02T10:49:19.434379,SYNTHETIC,CAPTURED,SUCCESS,2026-01-02T10:49:23.779190,4.34,normal_success,,False
P0002098,O0002098,C002734,M0004,1486.16,INR,NETBANKING,BANK_A,2026-01-02T03:49:41.526747,SYNTHETIC,CAPTURED,SUCCESS,2026-01-02T03:49:51.517005,9.99,normal_success,,False
P0002099,O0002099,C001253,M0011,427.48,INR,UPI,BANK_B,2026-01-02T10:44:26.758095,SYNTHETIC,FAILED,FAILED,2026-01-02T10:44:28.127754,1.37,genuine_failure,,False
P0002100,O0002100,C003762,M0023,7884.67,INR,UPI,BANK_C,2026-01-01T15:00:36.331471,SYNTHETIC,CAPTURED,SUCCESS,2026-01-01T15:00:43.326763,7.0,normal_success,,False
P0002101,O0002101,C001018,M0002,452.77,INR,CARD,BANK_C,2026-01-02T06:37:32.395380,SYNTHETIC,CAPTURED,SUCCESS,2026-01-02T06:37:38.414488,6.02,normal_success,,False
P0002102,O0002102,C000129,M0015,116.52,INR,WALLET,BANK_C,2026-01-02T09:38:51.221075,SYNTHETIC,CAPTURED,SUCCESS,2026-01-02T09:38:55.032082,3.81,normal_success,,False
P0002103,O0002103,C003168,M0004,222.1,INR,CARD,BANK_C,2026-01-01T05:29:04.192713,SYNTHETIC,CAPTURED,SUCCESS,2026-01-01T05:29:10.161472,5.97,normal_success,,False
P0002104,O0002104,C000765,M0020,2287.7,INR,NETBANKING,BANK_A,2026-01-01T22:09:37.947661,SYNTHETIC,CAPTURED,SUCCESS,2026-01-01T22:09:45.409865,7.46,normal_success,,False
P0002105,O0002105,C002737,M0014,1719.92,INR,CARD,BANK_E,2026-01-01T11:26:27.228560,SYNTHETIC,CAPTURED,SUCCESS,2026-01-01T11:26:31.768745,4.54,normal_success,,False
P0002106,O0002106,C002990,M0003,646.79,INR,WALLET,BANK_E,2026-01-01T19:50:15.844156,SYNTHETIC,CAPTURED,SUCCESS,2026-01-01T19:50:24.482905,8.64,normal_success,,False
P0002107,O0002107,C003938,M0024,1024.14,INR,CARD,BANK_D,2026-01-02T15:12:37.559467,SYNTHETIC,CAPTURED,SUCCESS,2026-01-02T15:12:44.004104,6.44,normal_success,,True
P0002108,O0002108,C003014,M0006,617.73,INR,NETBANKING,BANK_C,2026-01-02T06:34:41.234574,SYNTHETIC,CAPTURED,SUCCESS,2026-01-02T06:34:48.754001,7.52,normal_success,,False
P0002109,O0002109,C000659,M0005,1592.4,INR,WALLET,BANK_E,2026-01-01T14:56:03.836065,SYNTHETIC,CAPTURED,SUCCESS,2026-01-01T14:56:11.223096,7.39,normal_success,,False
P0002110,O0002110,C001126,M0011,119.59,INR,CARD,BANK_D,2026-01-02T11:14:42.737093,SYNTHETIC,FAILED,FAILED,2026-01-02T11:14:47.400337,4.66,genuine_failure,,False
P0002111,O0002111,C000443,M0021,955.0,INR,CARD,BANK_C,2026-01-02T23:35:41.535131,SYNTHETIC,CAPTURED,SUCCESS,2026-01-02T23:35:47.266130,5.73,normal_success,,False
P0002112,O0002112,C003272,M0023,278.21,INR,CARD,BANK_B,2026-01-01T09:09:01.770737,SYNTHETIC,CAPTURED,SUCCESS,2026-01-01T09:09:10.944518,9.17,normal_success,,False
P0002113,O0002113,C001999,M0000,687.42,INR,WALLET,BANK_E,2026-01-02T20:21:46.908826,SYNTHETIC,CAPTURED,SUCCESS,2026-01-02T20:21:55.177876,8.27,normal_success,,False
P0002114,O0002114,C003504,M0000,87.77,INR,UPI,BANK_B,2026-01-02T15:57:52.900261,SYNTHETIC,CAPTURED,SUCCESS,2026-01-02T15:57:56.196704,3.3,normal_success,,False
P0002115,O0002115,C002370,M0016,467.51,INR,NETBANKING,BANK_B,2026-01-02T06:51:05.330486,SYNTHETIC,CAPTURED,SUCCESS,2026-01-02T06:51:11.515678,6.19,normal_success,,False
P0002116,O0002116,C000602,M0006,226.67,INR,WALLET,BANK_B,2026-01-01T22:06:05.337903,SYNTHETIC,CAPTURED,SUCCESS,2026-01-01T22:06:13.329389,7.99,normal_success,,False
P0002117,O0002117,C000307,M0018,360.02,INR,WALLET,BANK_A,2026-01-02T14:56:28.346981,SYNTHETIC,CAPTURED,SUCCESS,2026-01-02T14:56:35.233321,6.89,normal_success,,True
P0002118,O0002118,C002137,M0004,741.79,INR,UPI,BANK_E,2026-01-01T15:59:02.879961,SYNTHETIC,CAPTURED,SUCCESS,2026-01-01T15:59:09.573297,6.69,normal_success,,False
P0002119,O0002119,C003188,M0011,811.8,INR,NETBANKING,BANK_D,2026-01-02T18:09:45.375595,SYNTHETIC,CAPTURED,SUCCESS,2026-01-02T18:09:48.997800,3.62,normal_success,,False
P0002120,O0002120,C001089,M0013,1027.4,INR,CARD,BANK_B,2026-01-02T02:51:06.436581,SYNTHETIC,CAPTURED,SUCCESS,2026-01-02T02:51:14.569914,8.13,normal_success,,False
P0002121,O0002121,C003427,M0005,1761.23,INR,UPI,BANK_C,2026-01-01T20:55:29.698380,SYNTHETIC,CAPTURED,SUCCESS,2026-01-01T20:55:36.740166,7.04,normal_success,,False
P0002122,O0002122,C000488,M0021,210.28,INR,NETBANKING,BANK_C,2026-01-02T09:44:47.966879,SYNTHETIC,CAPTURED,SUCCESS,2026-01-02T09:44:52.992043,5.03,normal_success,,False
P0002123,O0002123,C002002,M0008,898.59,INR,NETBANKING,BANK_C,2026-01-01T07:24:24.596769,SYNTHETIC,CAPTURED,SUCCESS,2026-01-01T07:24:34.342100,9.75,normal_success,,False
P0002124,O0002124,C003918,M0014,1136.77,INR,NETBANKING,BANK_A,2026-01-01T10:13:18.567449,SYNTHETIC,CAPTURED,SUCCESS,2026-01-01T10:18:08.338208,289.77,late_capture,,False
P0002125,O0002125,C002877,M0002,763.23,INR,UPI,BANK_A,2026-01-01T05:22:56.885433,SYNTHETIC,CAPTURED,SUCCESS,2026-01-01T05:23:03.305123,6.42,normal_success,,False
P0002126,O0002126,C000220,M0001,746.26,INR,UPI,BANK_E,2026-01-02T08:34:14.555760,SYNTHETIC,CAPTURED,SUCCESS,2026-01-02T08:34:18.930590,4.37,normal_success,,False
P0002127,O0002127,C002411,M0002,6694.27,INR,NETBANKING,BANK_A,2026-01-02T05:58:57.943858,SYNTHETIC,CAPTURED,SUCCESS,2026-01-02T05:59:00.439974,2.5,normal_success,,False
P0002128,O0002128,C003663,M0011,5112.34,INR,UPI,BANK_C,2026-01-02T07:05:34.600139,SYNTHETIC,CAPTURED,SUCCESS,2026-01-02T07:05:42.988502,8.39,normal_success,,False
P0002129,O0002129,C000547,M0017,90.24,INR,UPI,BANK_A,2026-01-01T04:31:10.886928,SYNTHETIC,CAPTURED,SUCCESS,2026-01-01T04:31:14.427889,3.54,normal_success,,False
P0002130,O0002130,C003994,M0014,952.22,INR,CARD,BANK_C,2026-01-01T06:23:09.104017,SYNTHETIC,CAPTURED,SUCCESS,2026-01-01T06:23:14.161972,5.06,normal_success,,False
P0002131,O0002131,C003918,M0024,112.71,INR,CARD,BANK_E,2026-01-01T16:51:35.068206,SYNTHETIC,CAPTURED,SUCCESS,2026-01-01T16:51:40.442141,5.37,normal_success,,False
P0002132,O0002132,C001678,M0004,2824.28,INR,UPI,BANK_C,2026-01-02T12:09:14.167329,SYNTHETIC,CAPTURED,SUCCESS,2026-01-02T12:09:21.550567,7.38,normal_success,,False
P0002133,O0002133,C003856,M0010,752.69,INR,WALLET,BANK_C,2026-01-02T15:20:13.695619,SYNTHETIC,CAPTURED,SUCCESS,2026-01-02T15:20:22.639294,8.94,normal_success,,False
P0002134,O0002134,C003518,M0011,1175.41,INR,NETBANKING,BANK_E,2026-01-02T00:26:20.892036,SYNTHETIC,FAILED,FAILED,2026-01-02T00:26:23.391963,2.5,genuine_failure,INC0000,False
P0002135,O0002135,C000927,M0023,3947.97,INR,WALLET,BANK_B,2026-01-01T11:59:16.291048,SYNTHETIC,CAPTURED,SUCCESS,2026-01-01T11:59:22.440268,6.15,normal_success,,False
P0002136,O0002136,C003957,M0005,996.79,INR,WALLET,BANK_B,2026-01-01T21:52:25.768376,SYNTHETIC,CAPTURED,SUCCESS,2026-01-01T21:52:32.307654,6.54,normal_success,,False
P0002137,O0002137,C000219,M0012,991.95,INR,CARD,BANK_D,2026-01-01T01:01:28.022878,SYNTHETIC,CAPTURED,SUCCESS,2026-01-01T01:01:34.446048,6.42,normal_success,,False
P0002138,O0002138,C001020,M0017,632.32,INR,NETBANKING,BANK_D,2026-01-01T00:36:28.629697,SYNTHETIC,CAPTURED,SUCCESS,2026-01-01T00:36:38.179269,9.55,normal_success,,False
P0002139,O0002139,C001333,M0023,1775.05,INR,NETBANKING,BANK_E,2026-01-01T05:24:37.762053,SYNTHETIC,CAPTURED,SUCCESS,2026-01-01T05:24:45.481439,7.72,normal_success,,False
P0002140,O0002140,C003377,M0015,1534.89,INR,WALLET,BANK_A,2026-01-02T00:04:03.328778,SYNTHETIC,CAPTURED,SUCCESS,2026-01-02T00:04:11.963704,8.63,normal_success,,False
P0002141,O0002141,C003052,M0020,659.42,INR,NETBANKING,BANK_B,2026-01-02T12:49:03.704714,SYNTHETIC,CAPTURED,SUCCESS,2026-01-02T12:49:11.373979,7.67,normal_success,,False
P0002142,O0002142,C000811,M0000,593.67,INR,CARD,BANK_B,2026-01-02T21:22:23.863646,SYNTHETIC,CAPTURED,SUCCESS,2026-01-02T21:22:29.065985,5.2,normal_success,,True
P0002143,O0002143,C001976,M0016,693.5,INR,WALLET,BANK_A,2026-01-01T21:49:30.665506,SYNTHETIC,CAPTURED,SUCCESS,2026-01-01T21:54:33.375623,302.71,late_capture,,False
P0002144,O0002144,C003048,M0003,299.47,INR,NETBANKING,BANK_A,2026-01-02T10:38:15.527716,SYNTHETIC,CAPTURED,SUCCESS,2026-01-02T10:39:38.833949,83.31,late_capture,,False
P0002145,O0002145,C001992,M0004,1124.06,INR,UPI,BANK_A,2026-01-01T03:56:19.625634,SYNTHETIC,CAPTURED,SUCCESS,2026-01-01T03:56:26.175455,6.55,normal_success,,False
P0002146,O0002146,C000705,M0003,770.26,INR,WALLET,BANK_A,2026-01-02T01:28:13.910563,SYNTHETIC,FAILED,FAILED,2026-01-02T01:28:20.906143,7.0,genuine_failure,,False
P0002147,O0002147,C000403,M0010,1648.72,INR,NETBANKING,BANK_B,2026-01-01T10:40:12.291304,SYNTHETIC,FAILED,FAILED,2026-01-01T10:40:19.477638,7.19,genuine_failure,,False
P0002148,O0002148,C002078,M0023,619.07,INR,CARD,BANK_E,2026-01-02T01:05:09.147959,SYNTHETIC,CAPTURED,SUCCESS,2026-01-02T01:05:16.344361,7.2,normal_success,,False
P0002149,O0002149,C002635,M0018,1377.03,INR,UPI,BANK_D,2026-01-02T05:59:59.958777,SYNTHETIC,CAPTURED,SUCCESS,2026-01-02T06:00:04.708277,4.75,normal_success,,False
P0002150,O0002150,C000851,M0002,1139.61,INR,NETBANKING,BANK_E,2026-01-01T03:01:55.473150,SYNTHETIC,CAPTURED,SUCCESS,2026-01-01T03:02:05.415115,9.94,normal_success,INC0001,False
P0002151,O0002151,C001565,M0017,5334.3,INR,UPI,BANK_D,2026-01-01T23:19:54.105948,SYNTHETIC,CAPTURED,SUCCESS,2026-01-01T23:20:00.182143,6.08,normal_success,,False
P0002152,O0002152,C000633,M0003,276.16,INR,WALLET,BANK_C,2026-01-02T01:46:32.632734,SYNTHETIC,CAPTURED,SUCCESS,2026-01-02T01:46:38.552708,5.92,normal_success,,False
P0002153,O0002153,C000148,M0010,502.17,INR,UPI,BANK_C,2026-01-02T18:35:51.745217,SYNTHETIC,CAPTURED,SUCCESS,2026-01-02T18:35:56.140753,4.4,normal_success,,True
P0002154,O0002154,C000929,M0002,2417.09,INR,CARD,BANK_C,2026-01-02T09:23:10.197417,SYNTHETIC,CAPTURED,SUCCESS,2026-01-02T09:23:15.063955,4.87,normal_success,,False
P0002155,O0002155,C002969,M0014,140.95,INR,NETBANKING,BANK_D,2026-01-02T12:47:03.662061,SYNTHETIC,CAPTURED,SUCCESS,2026-01-02T12:47:12.632021,8.97,normal_success,,False
P0002156,O0002156,C002741,M0010,642.92,INR,UPI,BANK_E,2026-01-01T22:22:42.657229,SYNTHETIC,FAILED,FAILED,2026-01-01T22:22:49.483609,6.83,genuine_failure,,False
P0002157,O0002157,C002254,M0002,114.67,INR,NETBANKING,BANK_D,2026-01-02T10:30:18.118448,SYNTHETIC,CAPTURED,SUCCESS,2026-01-02T10:30:23.400114,5.28,normal_success,,False
P0002158,O0002158,C000436,M0023,857.17,INR,UPI,BANK_B,2026-01-01T10:13:55.148625,SYNTHETIC,CAPTURED,SUCCESS,2026-01-01T10:13:59.454050,4.31,normal_success,,False
P0002159,O0002159,C003675,M0016,75.58,INR,CARD,BANK_C,2026-01-01T19:28:05.920055,SYNTHETIC,FAILED,FAILED,2026-01-01T19:28:11.578349,5.66,genuine_failure,,False
P0002160,O0002160,C001686,M0019,701.32,INR,CARD,BANK_A,2026-01-02T11:50:34.744316,SYNTHETIC,CAPTURED,SUCCESS,2026-01-02T11:50:42.606439,7.86,normal_success,,True
P0002161,O0002161,C001393,M0006,1307.09,INR,UPI,BANK_E,2026-01-01T03:54:56.987454,SYNTHETIC,CAPTURED,SUCCESS,2026-01-01T03:55:04.212162,7.22,normal_success,,False
P0002162,O0002162,C000456,M0023,53.13,INR,WALLET,BANK_B,2026-01-02T11:26:38.328502,SYNTHETIC,CAPTURED,SUCCESS,2026-01-02T11:28:30.376987,112.05,late_capture,,False
P0002163,O0002163,C000096,M0019,956.03,INR,NETBANKING,BANK_D,2026-01-02T00:42:55.289851,SYNTHETIC,FAILED,FAILED,2026-01-02T00:43:02.920351,7.63,genuine_failure,,False
P0002164,O0002164,C003704,M0015,1130.31,INR,WALLET,BANK_A,2026-01-01T06:18:07.901383,SYNTHETIC,CAPTURED,SUCCESS,2026-01-01T06:18:14.303606,6.4,normal_success,,False
P0002165,O0002165,C000340,M0023,267.93,INR,WALLET,BANK_D,2026-01-01T20:51:51.619028,SYNTHETIC,FAILED,FAILED,2026-01-01T20:51:54.492583,2.87,genuine_failure,,False
P0002166,O0002166,C000691,M0000,781.75,INR,WALLET,BANK_E,2026-01-02T15:04:43.155291,SYNTHETIC,CAPTURED,SUCCESS,2026-01-02T15:04:48.015621,4.86,normal_success,,False
P0002167,O0002167,C001073,M0013,312.22,INR,NETBANKING,BANK_D,2026-01-01T12:30:07.860633,SYNTHETIC,CAPTURED,SUCCESS,2026-01-01T12:30:13.408663,5.55,normal_success,,False
P0002168,O0002168,C003234,M0017,1315.22,INR,NETBANKING,BANK_A,2026-01-02T17:04:29.086871,SYNTHETIC,CAPTURED,SUCCESS,2026-01-02T17:04:32.965002,3.88,normal_success,,False
P0002169,O0002169,C002972,M0009,203.9,INR,WALLET,BANK_C,2026-01-02T00:55:21.555844,SYNTHETIC,CAPTURED,SUCCESS,2026-01-02T00:55:31.268029,9.71,normal_success,,False
P0002170,O0002170,C000503,M0000,353.08,INR,UPI,BANK_A,2026-01-02T00:18:33.527003,SYNTHETIC,CAPTURED,SUCCESS,2026-01-02T00:18:38.780953,5.25,normal_success,,False
P0002171,O0002171,C002846,M0020,799.45,INR,WALLET,BANK_A,2026-01-02T20:26:40.102548,SYNTHETIC,CAPTURED,SUCCESS,2026-01-02T20:26:44.900320,4.8,normal_success,,False
P0002172,O0002172,C001210,M0024,559.02,INR,NETBANKING,BANK_A,2026-01-01T08:02:42.656046,SYNTHETIC,CAPTURED,SUCCESS,2026-01-01T08:02:46.854297,4.2,normal_success,,False
P0002173,O0002173,C000471,M0000,1004.24,INR,CARD,BANK_C,2026-01-02T08:55:29.278531,SYNTHETIC,CAPTURED,SUCCESS,2026-01-02T08:55:34.398854,5.12,normal_success,,False
P0002174,O0002174,C001050,M0017,849.09,INR,WALLET,BANK_C,2026-01-02T22:26:06.320778,SYNTHETIC,CAPTURED,SUCCESS,2026-01-02T22:26:11.463305,5.14,normal_success,,True
P0002175,O0002175,C000151,M0018,4240.28,INR,UPI,BANK_B,2026-01-02T14:54:50.101170,SYNTHETIC,CAPTURED,SUCCESS,2026-01-02T14:54:55.315753,5.21,normal_success,,False
P0002176,O0002176,C003219,M0004,758.73,INR,NETBANKING,BANK_E,2026-01-01T16:08:17.837837,SYNTHETIC,CAPTURED,SUCCESS,2026-01-01T16:08:24.883641,7.05,normal_success,,False
P0002177,O0002177,C001864,M0010,97.97,INR,NETBANKING,BANK_C,2026-01-01T07:49:15.697860,SYNTHETIC,CAPTURED,SUCCESS,2026-01-01T07:49:19.913340,4.22,normal_success,,True
P0002178,O0002178,C002556,M0014,1214.3,INR,CARD,BANK_E,2026-01-02T21:07:51.820737,SYNTHETIC,CAPTURED,SUCCESS,2026-01-02T21:07:59.881012,8.06,normal_success,,False
P0002179,O0002179,C001283,M0019,139.48,INR,WALLET,BANK_E,2026-01-01T19:56:50.373571,SYNTHETIC,CAPTURED,SUCCESS,2026-01-01T19:56:54.985982,4.61,normal_success,,False
P0002180,O0002180,C003169,M0001,417.92,INR,CARD,BANK_B,2026-01-01T17:36:08.834027,SYNTHETIC,CAPTURED,SUCCESS,2026-01-01T17:36:13.788028,4.95,normal_success,,False
P0002181,O0002181,C001713,M0014,258.11,INR,CARD,BANK_D,2026-01-02T00:00:40.276957,SYNTHETIC,CAPTURED,SUCCESS,2026-01-02T00:00:44.534796,4.26,normal_success,,True
P0002182,O0002182,C001513,M0010,2259.71,INR,CARD,BANK_A,2026-01-01T13:00:45.109928,SYNTHETIC,CAPTURED,SUCCESS,2026-01-01T13:00:52.041919,6.93,normal_success,,False
P0002183,O0002183,C000107,M0016,96.57,INR,NETBANKING,BANK_A,2026-01-01T23:11:01.121202,SYNTHETIC,CAPTURED,SUCCESS,2026-01-01T23:11:06.319345,5.2,normal_success,,False
P0002184,O0002184,C003686,M0010,757.62,INR,UPI,BANK_D,2026-01-01T02:29:30.229759,SYNTHETIC,CAPTURED,SUCCESS,2026-01-01T02:29:33.134958,2.91,normal_success,INC0001,False
P0002185,O0002185,C003315,M0006,4444.45,INR,NETBANKING,BANK_D,2026-01-01T09:46:13.627347,SYNTHETIC,CAPTURED,SUCCESS,2026-01-01T09:46:17.514703,3.89,normal_success,,False
P0002186,O0002186,C000153,M0021,1437.12,INR,NETBANKING,BANK_E,2026-01-01T00:06:31.058538,SYNTHETIC,CAPTURED,SUCCESS,2026-01-01T00:06:37.886150,6.83,normal_success,,False
P0002187,O0002187,C001417,M0007,1361.96,INR,UPI,BANK_E,2026-01-02T00:59:36.039753,SYNTHETIC,CAPTURED,SUCCESS,2026-01-02T00:59:39.379046,3.34,normal_success,INC0000,False
P0002188,O0002188,C001592,M0020,379.35,INR,WALLET,BANK_C,2026-01-01T21:40:52.244675,SYNTHETIC,CAPTURED,SUCCESS,2026-01-01T21:40:57.684423,5.44,normal_success,,False
P0002189,O0002189,C002878,M0019,532.56,INR,CARD,BANK_C,2026-01-01T15:53:01.172780,SYNTHETIC,CAPTURED,SUCCESS,2026-01-01T15:53:08.133601,6.96,normal_success,,False
P0002190,O0002190,C002032,M0007,1528.33,INR,NETBANKING,BANK_D,2026-01-01T10:43:42.244710,SYNTHETIC,CAPTURED,SUCCESS,2026-01-01T10:43:49.634818,7.39,normal_success,,False
P0002191,O0002191,C002793,M0023,4433.01,INR,WALLET,BANK_E,2026-01-01T11:51:15.157002,SYNTHETIC,CAPTURED,SUCCESS,2026-01-01T11:51:23.466641,8.31,normal_success,,False
P0002192,O0002192,C000364,M0021,615.14,INR,WALLET,BANK_D,2026-01-02T18:21:37.310779,SYNTHETIC,CAPTURED,SUCCESS,2026-01-02T18:21:44.838966,7.53,normal_success,,False
P0002193,O0002193,C002214,M0024,1703.29,INR,CARD,BANK_B,2026-01-01T02:42:57.762012,SYNTHETIC,CAPTURED,SUCCESS,2026-01-01T02:48:05.383139,307.62,late_capture,INC0001,False
P0002194,O0002194,C001927,M0022,4504.25,INR,NETBANKING,BANK_B,2026-01-01T23:33:32.371629,SYNTHETIC,CAPTURED,SUCCESS,2026-01-01T23:33:37.679697,5.31,normal_success,,False
P0002195,O0002195,C001039,M0020,389.92,INR,NETBANKING,BANK_A,2026-01-02T00:46:26.343583,SYNTHETIC,CAPTURED,SUCCESS,2026-01-02T00:46:33.194753,6.85,normal_success,,False
P0002196,O0002196,C001749,M0010,773.35,INR,UPI,BANK_E,2026-01-01T13:09:20.027568,SYNTHETIC,CAPTURED,SUCCESS,2026-01-01T13:09:24.754714,4.73,normal_success,,False
P0002197,O0002197,C001698,M0006,24.53,INR,NETBANKING,BANK_D,2026-01-02T02:02:44.655767,SYNTHETIC,CAPTURED,SUCCESS,2026-01-02T02:02:48.746626,4.09,normal_success,,False
P0002198,O0002198,C003178,M0002,6183.6,INR,WALLET,BANK_C,2026-01-01T04:42:32.106824,SYNTHETIC,CAPTURED,SUCCESS,2026-01-01T04:42:37.018404,4.91,normal_success,,False
P0002199,O0002199,C003489,M0005,345.11,INR,NETBANKING,BANK_B,2026-01-02T06:19:01.618465,SYNTHETIC,CAPTURED,SUCCESS,2026-01-02T06:19:08.104728,6.49,normal_success,,False
P0002200,O0002200,C000410,M0004,3971.23,INR,CARD,BANK_E,2026-01-02T04:39:23.933742,SYNTHETIC,CAPTURED,SUCCESS,2026-01-02T04:39:31.478944,7.55,normal_success,,False
P0002201,O0002201,C001745,M0020,1337.94,INR,WALLET,BANK_E,2026-01-02T16:00:34.967021,SYNTHETIC,CAPTURED,SUCCESS,2026-01-02T16:00:40.375766,5.41,normal_success,,False
P0002202,O0002202,C001634,M0003,606.86,INR,CARD,BANK_E,2026-01-02T00:03:07.037597,SYNTHETIC,CAPTURED,SUCCESS,2026-01-02T00:03:15.501326,8.46,normal_success,INC0000,False
P0002203,O0002203,C001057,M0012,484.68,INR,CARD,BANK_B,2026-01-01T14:34:10.156732,SYNTHETIC,CAPTURED,SUCCESS,2026-01-01T14:34:16.871108,6.71,normal_success,,False
P0002204,O0002204,C002251,M0015,644.14,INR,WALLET,BANK_E,2026-01-01T16:31:10.586195,SYNTHETIC,CAPTURED,SUCCESS,2026-01-01T16:31:16.785548,6.2,normal_success,,False
P0002205,O0002205,C000581,M0015,483.47,INR,NETBANKING,BANK_B,2026-01-01T00:43:59.345578,SYNTHETIC,CAPTURED,SUCCESS,2026-01-01T00:44:04.173752,4.83,normal_success,,False
P0002206,O0002206,C002998,M0018,509.03,INR,NETBANKING,BANK_B,2026-01-02T03:40:00.681849,SYNTHETIC,FAILED,FAILED,2026-01-02T03:40:06.596192,5.91,genuine_failure,,False
P0002207,O0002207,C002433,M0003,793.84,INR,CARD,BANK_A,2026-01-02T11:42:34.206368,SYNTHETIC,FAILED,FAILED,2026-01-02T11:42:35.703909,1.5,genuine_failure,,False
P0002208,O0002208,C002309,M0008,979.92,INR,UPI,BANK_C,2026-01-02T02:27:39.315781,SYNTHETIC,CAPTURED,SUCCESS,2026-01-02T02:27:46.596276,7.28,normal_success,,False
P0002209,O0002209,C000083,M0006,913.05,INR,CARD,BANK_E,2026-01-01T16:28:23.320804,SYNTHETIC,CAPTURED,SUCCESS,2026-01-01T16:28:28.317990,5.0,normal_success,,False
P0002210,O0002210,C000986,M0015,2058.34,INR,WALLET,BANK_C,2026-01-02T08:54:21.300889,SYNTHETIC,CAPTURED,SUCCESS,2026-01-02T08:54:27.847730,6.55,normal_success,,False
P0002211,O0002211,C003816,M0009,2106.29,INR,WALLET,BANK_D,2026-01-01T07:05:10.088361,SYNTHETIC,CAPTURED,SUCCESS,2026-01-01T07:05:18.271798,8.18,normal_success,,False
P0002212,O0002212,C001841,M0012,748.03,INR,UPI,BANK_D,2026-01-02T14:58:08.537526,SYNTHETIC,CAPTURED,SUCCESS,2026-01-02T14:58:14.926847,6.39,normal_success,,False
P0002213,O0002213,C000955,M0015,91.07,INR,WALLET,BANK_E,2026-01-01T12:40:53.979309,SYNTHETIC,CAPTURED,SUCCESS,2026-01-01T12:41:01.558690,7.58,normal_success,,False
P0002214,O0002214,C001490,M0010,1233.33,INR,CARD,BANK_D,2026-01-02T09:47:36.240561,SYNTHETIC,CAPTURED,SUCCESS,2026-01-02T09:47:44.693114,8.45,normal_success,,False
P0002215,O0002215,C002465,M0001,319.92,INR,WALLET,BANK_C,2026-01-01T16:49:59.434706,SYNTHETIC,CAPTURED,SUCCESS,2026-01-01T16:50:05.702860,6.27,normal_success,,False
P0002216,O0002216,C000478,M0015,1218.85,INR,CARD,BANK_D,2026-01-02T15:49:51.181174,SYNTHETIC,CAPTURED,SUCCESS,2026-01-02T15:49:55.435576,4.25,normal_success,,False
P0002217,O0002217,C001938,M0005,1641.31,INR,CARD,BANK_E,2026-01-01T16:41:58.944940,SYNTHETIC,CAPTURED,SUCCESS,2026-01-01T16:42:09.040649,10.1,normal_success,,True
P0002218,O0002218,C003690,M0017,139.52,INR,UPI,BANK_C,2026-01-01T22:45:07.005649,SYNTHETIC,CAPTURED,SUCCESS,2026-01-01T22:45:16.051576,9.05,normal_success,,False
P0002219,O0002219,C002915,M0012,539.83,INR,CARD,BANK_E,2026-01-02T08:52:52.127815,SYNTHETIC,CAPTURED,SUCCESS,2026-01-02T08:53:01.493720,9.37,normal_success,,False
P0002220,O0002220,C003244,M0021,924.14,INR,UPI,BANK_B,2026-01-02T22:16:02.172802,SYNTHETIC,CAPTURED,SUCCESS,2026-01-02T22:16:09.205786,7.03,normal_success,,False
P0002221,O0002221,C002404,M0006,1343.96,INR,CARD,BANK_B,2026-01-01T08:59:38.938429,SYNTHETIC,CAPTURED,SUCCESS,2026-01-01T08:59:45.488645,6.55,normal_success,,False
P0002222,O0002222,C001527,M0003,777.09,INR,CARD,BANK_A,2026-01-02T20:07:42.423239,SYNTHETIC,CAPTURED,SUCCESS,2026-01-02T20:07:46.529037,4.11,normal_success,,False
P0002223,O0002223,C000666,M0020,693.8,INR,WALLET,BANK_C,2026-01-01T01:21:13.772361,SYNTHETIC,CAPTURED,SUCCESS,2026-01-01T01:21:21.145561,7.37,normal_success,,False
P0002224,O0002224,C002666,M0022,570.51,INR,NETBANKING,BANK_D,2026-01-02T09:55:45.091366,SYNTHETIC,CAPTURED,SUCCESS,2026-01-02T09:55:52.480140,7.39,normal_success,,False
P0002225,O0002225,C001114,M0021,157.41,INR,CARD,BANK_E,2026-01-01T13:55:13.655265,SYNTHETIC,CAPTURED,SUCCESS,2026-01-01T13:55:18.618698,4.96,normal_success,,False
P0002226,O0002226,C001985,M0022,488.83,INR,UPI,BANK_A,2026-01-01T17:11:07.464353,SYNTHETIC,CAPTURED,SUCCESS,2026-01-01T17:12:17.474934,70.01,late_capture,,False
P0002227,O0002227,C002979,M0006,591.39,INR,CARD,BANK_B,2026-01-02T13:39:15.569582,SYNTHETIC,CAPTURED,SUCCESS,2026-01-02T13:39:25.404915,9.84,normal_success,,False
P0002228,O0002228,C002511,M0006,227.32,INR,UPI,BANK_C,2026-01-02T05:00:21.676138,SYNTHETIC,CAPTURED,SUCCESS,2026-01-02T05:00:26.445324,4.77,normal_success,,False
P0002229,O0002229,C002737,M0010,1168.36,INR,NETBANKING,BANK_C,2026-01-01T16:00:28.665940,SYNTHETIC,CAPTURED,SUCCESS,2026-01-01T16:00:35.714249,7.05,normal_success,,False
P0002230,O0002230,C003264,M0023,2748.11,INR,CARD,BANK_C,2026-01-02T06:44:00.059009,SYNTHETIC,FAILED,FAILED,2026-01-02T06:44:02.312009,2.25,genuine_failure,,False
P0002231,O0002231,C000654,M0007,274.79,INR,UPI,BANK_A,2026-01-02T10:40:42.579624,SYNTHETIC,CAPTURED,SUCCESS,2026-01-02T10:40:50.578696,8.0,normal_success,,True
P0002232,O0002232,C000143,M0008,1676.43,INR,WALLET,BANK_A,2026-01-01T13:18:13.402556,SYNTHETIC,CAPTURED,SUCCESS,2026-01-01T13:18:19.176551,5.77,normal_success,,False
P0002233,O0002233,C002376,M0022,3943.82,INR,UPI,BANK_C,2026-01-02T10:34:27.228869,SYNTHETIC,CAPTURED,SUCCESS,2026-01-02T10:34:31.776233,4.55,normal_success,,False
P0002234,O0002234,C001709,M0018,111.01,INR,UPI,BANK_D,2026-01-01T11:52:29.668242,SYNTHETIC,FAILED,FAILED,2026-01-01T11:52:34.509789,4.84,genuine_failure,,False
P0002235,O0002235,C003816,M0011,856.31,INR,UPI,BANK_C,2026-01-02T10:02:07.710337,SYNTHETIC,CAPTURED,SUCCESS,2026-01-02T10:02:10.657044,2.95,normal_success,,False
P0002236,O0002236,C002011,M0020,403.01,INR,NETBANKING,BANK_A,2026-01-01T10:36:39.308976,SYNTHETIC,CAPTURED,SUCCESS,2026-01-01T10:36:44.405638,5.1,normal_success,,False
P0002237,O0002237,C001562,M0006,518.84,INR,NETBANKING,BANK_D,2026-01-01T15:34:45.393615,SYNTHETIC,CAPTURED,SUCCESS,2026-01-01T15:34:53.291845,7.9,normal_success,,False
P0002238,O0002238,C002524,M0018,7993.18,INR,CARD,BANK_D,2026-01-01T06:40:49.743394,SYNTHETIC,CAPTURED,SUCCESS,2026-01-01T06:40:58.553321,8.81,normal_success,,False
P0002239,O0002239,C001796,M0018,288.37,INR,UPI,BANK_A,2026-01-02T20:35:36.243420,SYNTHETIC,CAPTURED,SUCCESS,2026-01-02T20:35:42.534584,6.29,normal_success,,False
P0002240,O0002240,C002702,M0017,1928.37,INR,UPI,BANK_B,2026-01-02T11:42:56.132771,SYNTHETIC,CAPTURED,SUCCESS,2026-01-02T11:42:59.741538,3.61,normal_success,,False
P0002241,O0002241,C001598,M0005,393.05,INR,CARD,BANK_C,2026-01-02T19:26:17.994728,SYNTHETIC,CAPTURED,SUCCESS,2026-01-02T19:29:24.675470,186.68,late_capture,,False
P0002242,O0002242,C001530,M0008,177.11,INR,NETBANKING,BANK_A,2026-01-01T04:02:25.777544,SYNTHETIC,CAPTURED,SUCCESS,2026-01-01T04:02:31.259526,5.48,normal_success,,True
P0002243,O0002243,C001143,M0004,2079.97,INR,WALLET,BANK_E,2026-01-02T09:54:51.249714,SYNTHETIC,CAPTURED,SUCCESS,2026-01-02T09:54:58.320404,7.07,normal_success,,False
P0002244,O0002244,C000051,M0005,117.54,INR,WALLET,BANK_E,2026-01-01T19:07:15.727019,SYNTHETIC,CAPTURED,SUCCESS,2026-01-01T19:07:22.527769,6.8,normal_success,,True
P0002245,O0002245,C000026,M0004,582.77,INR,UPI,BANK_B,2026-01-01T06:41:03.286242,SYNTHETIC,CAPTURED,SUCCESS,2026-01-01T06:41:11.173750,7.89,normal_success,,True
P0002246,O0002246,C001762,M0008,1263.39,INR,UPI,BANK_E,2026-01-02T00:47:00.641046,SYNTHETIC,CAPTURED,SUCCESS,2026-01-02T00:47:05.063814,4.42,normal_success,INC0000,False
P0002247,O0002247,C001290,M0003,5833.71,INR,CARD,BANK_D,2026-01-02T11:45:30.397711,SYNTHETIC,FAILED,FAILED,2026-01-02T11:45:34.135890,3.74,genuine_failure,,False
P0002248,O0002248,C000856,M0008,3300.33,INR,UPI,BANK_E,2026-01-01T07:45:48.385687,SYNTHETIC,CAPTURED,SUCCESS,2026-01-01T07:45:56.893669,8.51,normal_success,,False
P0002249,O0002249,C000388,M0010,1290.02,INR,NETBANKING,BANK_E,2026-01-01T13:59:07.963185,SYNTHETIC,CAPTURED,SUCCESS,2026-01-01T13:59:14.766771,6.8,normal_success,,False
P0002250,O0002250,C003595,M0011,5182.36,INR,NETBANKING,BANK_B,2026-01-01T06:53:32.509495,SYNTHETIC,CAPTURED,SUCCESS,2026-01-01T06:53:35.844049,3.33,normal_success,,False
P0002251,O0002251,C002388,M0020,497.4,INR,WALLET,BANK_E,2026-01-02T08:19:13.678710,SYNTHETIC,CAPTURED,SUCCESS,2026-01-02T08:19:20.648715,6.97,normal_success,,False
P0002252,O0002252,C001020,M0002,881.95,INR,NETBANKING,BANK_E,2026-01-01T23:14:01.335147,SYNTHETIC,CAPTURED,SUCCESS,2026-01-01T23:14:07.828248,6.49,normal_success,,False
P0002253,O0002253,C001248,M0015,5338.48,INR,WALLET,BANK_B,2026-01-01T04:38:26.103860,SYNTHETIC,CAPTURED,SUCCESS,2026-01-01T04:38:31.200417,5.1,normal_success,,True
P0002254,O0002254,C001301,M0023,278.24,INR,NETBANKING,BANK_B,2026-01-01T18:07:11.718810,SYNTHETIC,CAPTURED,SUCCESS,2026-01-01T18:07:17.261283,5.54,normal_success,,False
P0002255,O0002255,C000705,M0016,322.31,INR,CARD,BANK_D,2026-01-02T19:03:36.063016,SYNTHETIC,CAPTURED,SUCCESS,2026-01-02T19:08:12.890857,276.83,late_capture,,False
P0002256,O0002256,C003640,M0018,316.87,INR,UPI,BANK_A,2026-01-02T20:22:45.593951,SYNTHETIC,CAPTURED,SUCCESS,2026-01-02T20:22:49.113194,3.52,normal_success,,False
P0002257,O0002257,C003248,M0023,559.99,INR,NETBANKING,BANK_A,2026-01-02T14:59:13.623711,SYNTHETIC,CAPTURED,SUCCESS,2026-01-02T14:59:19.423591,5.8,normal_success,,False
P0002258,O0002258,C000820,M0015,420.05,INR,CARD,BANK_C,2026-01-02T08:02:23.406989,SYNTHETIC,CAPTURED,SUCCESS,2026-01-02T08:02:29.301462,5.89,normal_success,,False
P0002259,O0002259,C001336,M0009,407.11,INR,WALLET,BANK_C,2026-01-02T09:40:40.337943,SYNTHETIC,FAILED,FAILED,2026-01-02T09:40:42.883965,2.55,genuine_failure,,False
P0002260,O0002260,C002951,M0015,752.24,INR,CARD,BANK_E,2026-01-01T05:20:05.311613,SYNTHETIC,CAPTURED,SUCCESS,2026-01-01T05:20:11.653699,6.34,normal_success,,False
P0002261,O0002261,C003776,M0023,1236.61,INR,CARD,BANK_D,2026-01-02T11:35:53.133301,SYNTHETIC,CAPTURED,SUCCESS,2026-01-02T11:35:57.632727,4.5,normal_success,,True
P0002262,O0002262,C000638,M0023,1458.85,INR,CARD,BANK_A,2026-01-02T18:30:28.521962,SYNTHETIC,CAPTURED,SUCCESS,2026-01-02T18:30:36.570414,8.05,normal_success,,False
P0002263,O0002263,C002422,M0013,1113.23,INR,CARD,BANK_B,2026-01-01T19:45:00.173170,SYNTHETIC,CAPTURED,SUCCESS,2026-01-01T19:45:06.618712,6.45,normal_success,,False
P0002264,O0002264,C003872,M0019,1257.51,INR,WALLET,BANK_C,2026-01-02T02:11:13.544430,SYNTHETIC,CAPTURED,SUCCESS,2026-01-02T02:11:19.842239,6.3,normal_success,,True
P0002265,O0002265,C002324,M0011,4367.83,INR,UPI,BANK_B,2026-01-02T13:52:01.998580,SYNTHETIC,CAPTURED,SUCCESS,2026-01-02T13:52:08.502245,6.5,normal_success,,True
P0002266,O0002266,C002367,M0005,1721.4,INR,CARD,BANK_E,2026-01-01T02:08:14.174854,SYNTHETIC,FAILED,FAILED,2026-01-01T02:08:16.056396,1.88,genuine_failure,INC0001,False
P0002267,O0002267,C001437,M0008,1770.17,INR,WALLET,BANK_A,2026-01-02T06:01:18.375196,SYNTHETIC,CAPTURED,SUCCESS,2026-01-02T06:01:28.487480,10.11,normal_success,,False
P0002268,O0002268,C001552,M0009,381.77,INR,UPI,BANK_D,2026-01-01T02:10:22.776657,SYNTHETIC,CAPTURED,SUCCESS,2026-01-01T02:10:28.432425,5.66,normal_success,INC0001,False
P0002269,O0002269,C000510,M0013,1443.82,INR,UPI,BANK_C,2026-01-01T00:55:09.303985,SYNTHETIC,CAPTURED,SUCCESS,2026-01-01T00:55:15.859303,6.56,normal_success,,False
P0002270,O0002270,C001350,M0019,1983.64,INR,CARD,BANK_B,2026-01-01T10:11:07.337848,SYNTHETIC,CAPTURED,SUCCESS,2026-01-01T10:11:11.694824,4.36,normal_success,,False
P0002271,O0002271,C002170,M0000,201.07,INR,CARD,BANK_E,2026-01-02T11:44:40.754952,SYNTHETIC,CAPTURED,SUCCESS,2026-01-02T11:44:46.902921,6.15,normal_success,,False
P0002272,O0002272,C003638,M0008,372.54,INR,UPI,BANK_A,2026-01-02T11:32:56.621287,SYNTHETIC,CAPTURED,SUCCESS,2026-01-02T11:33:02.269779,5.65,normal_success,,False
P0002273,O0002273,C001554,M0021,27.08,INR,NETBANKING,BANK_D,2026-01-02T14:34:29.697033,SYNTHETIC,CAPTURED,SUCCESS,2026-01-02T14:34:35.753426,6.06,normal_success,,False
P0002274,O0002274,C003390,M0023,414.02,INR,WALLET,BANK_E,2026-01-01T16:52:38.391839,SYNTHETIC,CAPTURED,SUCCESS,2026-01-01T16:52:44.188443,5.8,normal_success,,False
P0002275,O0002275,C002879,M0000,1119.19,INR,WALLET,BANK_E,2026-01-01T16:45:49.519573,SYNTHETIC,CAPTURED,SUCCESS,2026-01-01T16:45:57.765286,8.25,normal_success,,True
P0002276,O0002276,C002321,M0023,4655.89,INR,WALLET,BANK_C,2026-01-02T08:15:31.119742,SYNTHETIC,CAPTURED,SUCCESS,2026-01-02T08:15:37.240891,6.12,normal_success,,False
P0002277,O0002277,C002482,M0015,3078.18,INR,WALLET,BANK_C,2026-01-02T12:57:53.176664,SYNTHETIC,CAPTURED,SUCCESS,2026-01-02T12:57:58.256089,5.08,normal_success,,False
P0002278,O0002278,C003130,M0009,1119.56,INR,NETBANKING,BANK_E,2026-01-01T01:57:41.648094,SYNTHETIC,CAPTURED,SUCCESS,2026-01-01T01:57:45.185441,3.54,normal_success,INC0001,False
P0002279,O0002279,C001921,M0017,1038.55,INR,UPI,BANK_E,2026-01-02T20:42:37.532612,SYNTHETIC,CAPTURED,SUCCESS,2026-01-02T20:48:53.481182,375.95,late_capture,,False
P0002280,O0002280,C003185,M0024,980.51,INR,CARD,BANK_E,2026-01-01T01:38:57.397509,SYNTHETIC,CAPTURED,SUCCESS,2026-01-01T01:39:05.450169,8.05,normal_success,,False
P0002281,O0002281,C001099,M0024,821.92,INR,NETBANKING,BANK_A,2026-01-02T20:34:45.065529,SYNTHETIC,CAPTURED,SUCCESS,2026-01-02T20:34:52.112248,7.05,normal_success,,False
P0002282,O0002282,C001885,M0014,167.04,INR,UPI,BANK_E,2026-01-01T03:11:47.918873,SYNTHETIC,FAILED,FAILED,2026-01-01T03:11:53.036393,5.12,genuine_failure,INC0001,False
P0002283,O0002283,C003990,M0010,1919.31,INR,NETBANKING,BANK_E,2026-01-01T21:57:10.505914,SYNTHETIC,CAPTURED,SUCCESS,2026-01-01T21:57:17.847231,7.34,normal_success,,True
P0002284,O0002284,C000788,M0005,1855.08,INR,CARD,BANK_A,2026-01-02T09:06:42.633638,SYNTHETIC,CAPTURED,SUCCESS,2026-01-02T09:06:51.385228,8.75,normal_success,,False
P0002285,O0002285,C001972,M0018,1137.42,INR,UPI,BANK_D,2026-01-02T03:03:46.494151,SYNTHETIC,CAPTURED,SUCCESS,2026-01-02T03:03:52.718313,6.22,normal_success,,False
P0002286,O0002286,C000472,M0018,1208.01,INR,UPI,BANK_B,2026-01-01T17:13:18.970279,SYNTHETIC,CAPTURED,SUCCESS,2026-01-01T17:13:23.522513,4.55,normal_success,,False
P0002287,O0002287,C000477,M0007,1976.71,INR,WALLET,BANK_B,2026-01-01T15:37:04.611191,SYNTHETIC,CAPTURED,SUCCESS,2026-01-01T15:37:13.329024,8.72,normal_success,,True
P0002288,O0002288,C000549,M0024,459.98,INR,CARD,BANK_D,2026-01-01T13:24:04.730606,SYNTHETIC,CAPTURED,SUCCESS,2026-01-01T13:24:09.488846,4.76,normal_success,,False
P0002289,O0002289,C000218,M0010,255.04,INR,CARD,BANK_C,2026-01-01T05:32:48.335702,SYNTHETIC,CAPTURED,SUCCESS,2026-01-01T05:32:52.663192,4.33,normal_success,,False
P0002290,O0002290,C003778,M0013,1109.43,INR,CARD,BANK_A,2026-01-01T03:42:51.261283,SYNTHETIC,CAPTURED,SUCCESS,2026-01-01T03:43:00.308064,9.05,normal_success,,False
P0002291,O0002291,C000687,M0014,3700.57,INR,CARD,BANK_B,2026-01-02T09:18:05.026378,SYNTHETIC,CAPTURED,SUCCESS,2026-01-02T09:18:13.199577,8.17,normal_success,,False
P0002292,O0002292,C003478,M0002,4863.91,INR,UPI,BANK_B,2026-01-02T01:52:00.824061,SYNTHETIC,CAPTURED,SUCCESS,2026-01-02T01:57:01.948200,301.12,late_capture,,False
P0002293,O0002293,C002210,M0015,442.26,INR,CARD,BANK_A,2026-01-02T06:24:11.758616,SYNTHETIC,CAPTURED,SUCCESS,2026-01-02T06:29:24.963824,313.21,late_capture,,False
P0002294,O0002294,C003045,M0014,755.36,INR,CARD,BANK_D,2026-01-01T21:30:07.620512,SYNTHETIC,CAPTURED,SUCCESS,2026-01-01T21:30:13.988611,6.37,normal_success,,False
P0002295,O0002295,C003685,M0014,401.35,INR,NETBANKING,BANK_E,2026-01-02T10:11:12.010946,SYNTHETIC,CAPTURED,SUCCESS,2026-01-02T10:11:18.041477,6.03,normal_success,,False
P0002296,O0002296,C000535,M0011,1461.0,INR,CARD,BANK_C,2026-01-01T09:31:45.230483,SYNTHETIC,CAPTURED,SUCCESS,2026-01-01T09:31:50.397490,5.17,normal_success,,False
P0002297,O0002297,C001507,M0005,755.45,INR,CARD,BANK_A,2026-01-02T18:02:04.695209,SYNTHETIC,CAPTURED,SUCCESS,2026-01-02T18:02:10.598725,5.9,normal_success,,True
P0002298,O0002298,C001265,M0002,397.01,INR,NETBANKING,BANK_B,2026-01-02T23:49:03.938629,SYNTHETIC,CAPTURED,SUCCESS,2026-01-02T23:49:10.938329,7.0,normal_success,,False
P0002299,O0002299,C003854,M0014,229.77,INR,NETBANKING,BANK_A,2026-01-02T09:09:46.310501,SYNTHETIC,CAPTURED,SUCCESS,2026-01-02T09:09:51.969916,5.66,normal_success,,False
P0002300,O0002300,C003004,M0012,5998.46,INR,CARD,BANK_B,2026-01-02T21:48:08.810214,SYNTHETIC,CAPTURED,SUCCESS,2026-01-02T21:48:15.269961,6.46,normal_success,,False
P0002301,O0002301,C001017,M0006,1306.05,INR,CARD,BANK_D,2026-01-01T02:28:51.688338,SYNTHETIC,CAPTURED,SUCCESS,2026-01-01T02:29:00.691226,9.0,normal_success,INC0001,False
P0002302,O0002302,C003507,M0021,249.34,INR,CARD,BANK_A,2026-01-01T17:06:50.832160,SYNTHETIC,CAPTURED,SUCCESS,2026-01-01T17:06:56.575320,5.74,normal_success,,False
P0002303,O0002303,C003260,M0024,1412.19,INR,NETBANKING,BANK_B,2026-01-01T00:46:19.635197,SYNTHETIC,CAPTURED,SUCCESS,2026-01-01T00:46:23.682674,4.05,normal_success,,False
P0002304,O0002304,C002968,M0009,398.03,INR,WALLET,BANK_D,2026-01-02T19:59:15.824441,SYNTHETIC,CAPTURED,SUCCESS,2026-01-02T19:59:19.825205,4.0,normal_success,,True
P0002305,O0002305,C001860,M0002,2134.74,INR,UPI,BANK_E,2026-01-02T04:08:23.971572,SYNTHETIC,CAPTURED,SUCCESS,2026-01-02T04:08:29.490638,5.52,normal_success,,False
P0002306,O0002306,C003125,M0002,239.96,INR,UPI,BANK_A,2026-01-01T06:47:12.243438,SYNTHETIC,FAILED,FAILED,2026-01-01T06:47:20.093961,7.85,genuine_failure,,False
P0002307,O0002307,C000280,M0023,1159.1,INR,UPI,BANK_D,2026-01-02T13:38:55.278758,SYNTHETIC,CAPTURED,SUCCESS,2026-01-02T13:39:03.384933,8.11,normal_success,,True
P0002308,O0002308,C001767,M0021,2675.15,INR,CARD,BANK_C,2026-01-02T15:16:40.104534,SYNTHETIC,CAPTURED,SUCCESS,2026-01-02T15:16:43.896714,3.79,normal_success,,False
P0002309,O0002309,C002956,M0020,141.93,INR,WALLET,BANK_D,2026-01-01T02:06:07.334171,SYNTHETIC,CAPTURED,SUCCESS,2026-01-01T02:06:13.136591,5.8,normal_success,INC0001,False
P0002310,O0002310,C002647,M0010,776.3,INR,NETBANKING,BANK_B,2026-01-02T08:00:19.311322,SYNTHETIC,FAILED,FAILED,2026-01-02T08:00:26.478450,7.17,genuine_failure,,False
P0002311,O0002311,C003749,M0021,503.52,INR,WALLET,BANK_E,2026-01-01T09:49:28.628161,SYNTHETIC,CAPTURED,SUCCESS,2026-01-01T09:49:34.560453,5.93,normal_success,,True
P0002312,O0002312,C000820,M0002,78.81,INR,UPI,BANK_B,2026-01-01T18:12:52.798663,SYNTHETIC,CAPTURED,SUCCESS,2026-01-01T18:14:14.781580,81.98,late_capture,,False
P0002313,O0002313,C003768,M0024,730.79,INR,CARD,BANK_A,2026-01-01T19:39:38.797185,SYNTHETIC,CAPTURED,SUCCESS,2026-01-01T19:39:45.638277,6.84,normal_success,,False
P0002314,O0002314,C002368,M0014,685.56,INR,NETBANKING,BANK_E,2026-01-01T15:19:59.691535,SYNTHETIC,CAPTURED,SUCCESS,2026-01-01T15:20:05.473657,5.78,normal_success,,True
P0002315,O0002315,C001955,M0002,263.76,INR,UPI,BANK_D,2026-01-01T20:36:12.632907,SYNTHETIC,CAPTURED,SUCCESS,2026-01-01T20:36:18.383590,5.75,normal_success,,False
P0002316,O0002316,C003905,M0017,461.59,INR,NETBANKING,BANK_E,2026-01-02T04:32:59.336533,SYNTHETIC,CAPTURED,SUCCESS,2026-01-02T04:33:06.017600,6.68,normal_success,,False
P0002317,O0002317,C001232,M0002,2201.52,INR,UPI,BANK_E,2026-01-01T18:40:35.834225,SYNTHETIC,CAPTURED,SUCCESS,2026-01-01T18:40:39.563219,3.73,normal_success,,False
P0002318,O0002318,C001075,M0011,125.3,INR,CARD,BANK_C,2026-01-02T03:19:28.872501,SYNTHETIC,CAPTURED,SUCCESS,2026-01-02T03:19:33.248732,4.38,normal_success,,False
P0002319,O0002319,C000411,M0007,3061.57,INR,WALLET,BANK_A,2026-01-01T07:41:35.386337,SYNTHETIC,CAPTURED,SUCCESS,2026-01-01T07:41:39.078443,3.69,normal_success,,False
P0002320,O0002320,C003646,M0020,1112.98,INR,UPI,BANK_E,2026-01-01T02:56:26.170290,SYNTHETIC,CAPTURED,SUCCESS,2026-01-01T02:56:32.696108,6.53,normal_success,INC0001,False
P0002321,O0002321,C002814,M0014,467.99,INR,CARD,BANK_A,2026-01-02T16:22:55.495669,SYNTHETIC,CAPTURED,SUCCESS,2026-01-02T16:22:58.308008,2.81,normal_success,,False
P0002322,O0002322,C002328,M0022,150.25,INR,CARD,BANK_E,2026-01-01T21:25:27.483814,SYNTHETIC,CAPTURED,SUCCESS,2026-01-01T21:25:31.236546,3.75,normal_success,,True
P0002323,O0002323,C000753,M0009,278.25,INR,CARD,BANK_B,2026-01-01T21:13:59.630948,SYNTHETIC,CAPTURED,SUCCESS,2026-01-01T21:14:08.628533,9.0,normal_success,,True
P0002324,O0002324,C000162,M0000,81.0,INR,WALLET,BANK_A,2026-01-01T06:39:03.947101,SYNTHETIC,CAPTURED,SUCCESS,2026-01-01T06:39:10.019513,6.07,normal_success,,True
P0002325,O0002325,C003807,M0011,662.31,INR,UPI,BANK_B,2026-01-02T12:11:40.303462,SYNTHETIC,CAPTURED,SUCCESS,2026-01-02T12:11:47.385025,7.08,normal_success,,False
P0002326,O0002326,C001474,M0007,65.52,INR,UPI,BANK_E,2026-01-02T06:52:52.473308,SYNTHETIC,CAPTURED,SUCCESS,2026-01-02T06:52:58.959230,6.49,normal_success,,True
P0002327,O0002327,C001198,M0014,1862.62,INR,UPI,BANK_D,2026-01-02T01:00:09.636948,SYNTHETIC,CAPTURED,SUCCESS,2026-01-02T01:00:19.095745,9.46,normal_success,,False
P0002328,O0002328,C000574,M0001,1740.85,INR,UPI,BANK_D,2026-01-02T12:19:03.129770,SYNTHETIC,CAPTURED,SUCCESS,2026-01-02T12:19:08.571347,5.44,normal_success,,False
P0002329,O0002329,C003909,M0021,853.81,INR,NETBANKING,BANK_E,2026-01-01T08:37:09.948073,SYNTHETIC,CAPTURED,SUCCESS,2026-01-01T08:37:15.431933,5.48,normal_success,,False
P0002330,O0002330,C000421,M0014,652.89,INR,UPI,BANK_C,2026-01-01T03:53:24.035382,SYNTHETIC,FAILED,FAILED,2026-01-01T03:53:26.378389,2.34,genuine_failure,,False
P0002331,O0002331,C003279,M0000,2475.18,INR,WALLET,BANK_A,2026-01-02T18:38:33.637848,SYNTHETIC,CAPTURED,SUCCESS,2026-01-02T18:38:37.190437,3.55,normal_success,,False
P0002332,O0002332,C003422,M0022,993.43,INR,NETBANKING,BANK_D,2026-01-01T22:20:32.959266,SYNTHETIC,CAPTURED,SUCCESS,2026-01-01T22:20:37.310132,4.35,normal_success,,False
P0002333,O0002333,C002102,M0022,1248.76,INR,NETBANKING,BANK_E,2026-01-01T19:06:08.800849,SYNTHETIC,CAPTURED,SUCCESS,2026-01-01T19:06:15.793623,6.99,normal_success,,False
P0002334,O0002334,C001474,M0001,697.91,INR,CARD,BANK_C,2026-01-01T15:52:13.116534,SYNTHETIC,FAILED,FAILED,2026-01-01T15:52:16.640693,3.52,genuine_failure,,False
P0002335,O0002335,C003402,M0012,270.92,INR,CARD,BANK_D,2026-01-01T14:44:53.624808,SYNTHETIC,CAPTURED,SUCCESS,2026-01-01T14:45:04.188438,10.56,normal_success,,False
P0002336,O0002336,C000915,M0024,563.36,INR,WALLET,BANK_B,2026-01-01T11:25:15.765336,SYNTHETIC,CAPTURED,SUCCESS,2026-01-01T11:25:21.323232,5.56,normal_success,,False
P0002337,O0002337,C001010,M0012,596.43,INR,CARD,BANK_C,2026-01-02T11:22:47.415066,SYNTHETIC,CAPTURED,SUCCESS,2026-01-02T11:22:52.937586,5.52,normal_success,,True
P0002338,O0002338,C003269,M0012,5151.91,INR,UPI,BANK_D,2026-01-01T07:58:00.898571,SYNTHETIC,CAPTURED,SUCCESS,2026-01-01T07:58:10.121417,9.22,normal_success,,False
P0002339,O0002339,C003852,M0021,1674.33,INR,NETBANKING,BANK_A,2026-01-02T06:55:24.306489,SYNTHETIC,CAPTURED,SUCCESS,2026-01-02T06:55:32.034347,7.73,normal_success,,False
P0002340,O0002340,C002398,M0005,171.62,INR,NETBANKING,BANK_E,2026-01-02T17:09:05.674218,SYNTHETIC,CAPTURED,SUCCESS,2026-01-02T17:09:13.210016,7.54,normal_success,,False
P0002341,O0002341,C001443,M0006,542.45,INR,CARD,BANK_D,2026-01-01T15:09:51.913896,SYNTHETIC,FAILED,FAILED,2026-01-01T15:09:58.117317,6.2,genuine_failure,,False
P0002342,O0002342,C003293,M0017,433.31,INR,WALLET,BANK_B,2026-01-02T07:02:11.991309,SYNTHETIC,CAPTURED,SUCCESS,2026-01-02T07:02:20.232577,8.24,normal_success,,False
P0002343,O0002343,C000835,M0002,608.82,INR,NETBANKING,BANK_B,2026-01-02T08:56:12.595989,SYNTHETIC,CAPTURED,SUCCESS,2026-01-02T08:56:19.282592,6.69,normal_success,,False
P0002344,O0002344,C000420,M0010,1414.89,INR,WALLET,BANK_D,2026-01-01T05:58:03.369560,SYNTHETIC,CAPTURED,SUCCESS,2026-01-01T05:58:09.585291,6.22,normal_success,,False
P0002345,O0002345,C001940,M0023,1378.5,INR,WALLET,BANK_D,2026-01-01T09:42:00.224081,SYNTHETIC,FAILED,FAILED,2026-01-01T09:42:02.348722,2.12,genuine_failure,,False
P0002346,O0002346,C002122,M0023,407.22,INR,WALLET,BANK_A,2026-01-01T09:42:10.908145,SYNTHETIC,CAPTURED,SUCCESS,2026-01-01T09:46:05.708827,234.8,late_capture,,False
P0002347,O0002347,C002366,M0009,1174.74,INR,CARD,BANK_E,2026-01-01T05:57:43.174886,SYNTHETIC,CAPTURED,SUCCESS,2026-01-01T05:57:52.319774,9.14,normal_success,,False
P0002348,O0002348,C003691,M0000,693.57,INR,UPI,BANK_A,2026-01-02T07:24:05.262574,SYNTHETIC,CAPTURED,SUCCESS,2026-01-02T07:24:09.234707,3.97,normal_success,,False
P0002349,O0002349,C003613,M0013,1811.62,INR,CARD,BANK_B,2026-01-02T23:33:27.245652,SYNTHETIC,CAPTURED,SUCCESS,2026-01-02T23:33:32.500613,5.25,normal_success,,False
P0002350,O0002350,C000867,M0016,915.36,INR,WALLET,BANK_D,2026-01-01T17:41:11.078922,SYNTHETIC,CAPTURED,SUCCESS,2026-01-01T17:42:09.765083,58.69,late_capture,,False
P0002351,O0002351,C002846,M0015,564.24,INR,CARD,BANK_A,2026-01-01T13:17:49.794718,SYNTHETIC,CAPTURED,SUCCESS,2026-01-01T13:17:56.515931,6.72,normal_success,,False
P0002352,O0002352,C002219,M0022,1792.89,INR,NETBANKING,BANK_A,2026-01-01T11:07:38.009948,SYNTHETIC,CAPTURED,SUCCESS,2026-01-01T11:07:48.208533,10.2,normal_success,,False
P0002353,O0002353,C001652,M0009,251.04,INR,NETBANKING,BANK_E,2026-01-02T06:38:29.106702,SYNTHETIC,CAPTURED,SUCCESS,2026-01-02T06:38:35.385184,6.28,normal_success,,False
P0002354,O0002354,C002389,M0021,337.89,INR,NETBANKING,BANK_A,2026-01-02T13:39:52.854287,SYNTHETIC,CAPTURED,SUCCESS,2026-01-02T13:39:59.084472,6.23,normal_success,,False
P0002355,O0002355,C001963,M0021,570.64,INR,NETBANKING,BANK_C,2026-01-02T10:42:53.869051,SYNTHETIC,CAPTURED,SUCCESS,2026-01-02T10:42:59.154961,5.29,normal_success,,False
P0002356,O0002356,C001205,M0014,150.14,INR,CARD,BANK_B,2026-01-01T12:52:59.658603,SYNTHETIC,CAPTURED,SUCCESS,2026-01-01T12:53:06.582394,6.92,normal_success,,False
P0002357,O0002357,C002500,M0003,416.54,INR,UPI,BANK_D,2026-01-01T18:46:46.906489,SYNTHETIC,CAPTURED,SUCCESS,2026-01-01T18:47:59.466174,72.56,late_capture,,False
P0002358,O0002358,C001280,M0011,171.81,INR,WALLET,BANK_E,2026-01-01T19:10:06.746097,SYNTHETIC,CAPTURED,SUCCESS,2026-01-01T19:10:12.101039,5.35,normal_success,,False
P0002359,O0002359,C001279,M0017,171.91,INR,WALLET,BANK_E,2026-01-01T19:21:28.076335,SYNTHETIC,CAPTURED,SUCCESS,2026-01-01T19:21:33.575053,5.5,normal_success,,False
P0002360,O0002360,C000470,M0010,390.23,INR,UPI,BANK_C,2026-01-02T03:31:55.007112,SYNTHETIC,CAPTURED,SUCCESS,2026-01-02T03:31:57.544123,2.54,normal_success,,True
P0002361,O0002361,C001847,M0023,552.99,INR,UPI,BANK_A,2026-01-01T05:20:25.778127,SYNTHETIC,CAPTURED,SUCCESS,2026-01-01T05:20:35.764643,9.99,normal_success,,False
P0002362,O0002362,C002639,M0022,2622.13,INR,WALLET,BANK_E,2026-01-02T17:36:41.881532,SYNTHETIC,CAPTURED,SUCCESS,2026-01-02T17:36:47.081675,5.2,normal_success,,False
P0002363,O0002363,C002099,M0023,3194.75,INR,CARD,BANK_B,2026-01-02T18:31:56.720351,SYNTHETIC,CAPTURED,SUCCESS,2026-01-02T18:32:05.148726,8.43,normal_success,,False
P0002364,O0002364,C000875,M0002,1559.44,INR,UPI,BANK_B,2026-01-01T14:02:01.137409,SYNTHETIC,CAPTURED,SUCCESS,2026-01-01T14:02:07.827531,6.69,normal_success,,False
P0002365,O0002365,C002846,M0001,382.86,INR,UPI,BANK_D,2026-01-02T14:39:34.938281,SYNTHETIC,CAPTURED,SUCCESS,2026-01-02T14:39:43.221324,8.28,normal_success,,False
P0002366,O0002366,C002781,M0006,273.09,INR,WALLET,BANK_A,2026-01-02T03:18:27.943581,SYNTHETIC,CAPTURED,SUCCESS,2026-01-02T03:18:33.655304,5.71,normal_success,,False
P0002367,O0002367,C002410,M0006,657.73,INR,WALLET,BANK_C,2026-01-01T00:17:07.847992,SYNTHETIC,CAPTURED,SUCCESS,2026-01-01T00:17:14.794654,6.95,normal_success,,False
P0002368,O0002368,C000358,M0017,1968.63,INR,UPI,BANK_A,2026-01-01T23:22:57.211673,SYNTHETIC,CAPTURED,SUCCESS,2026-01-01T23:23:05.883276,8.67,normal_success,,False
P0002369,O0002369,C000380,M0016,1273.74,INR,UPI,BANK_A,2026-01-02T23:28:14.175156,SYNTHETIC,CAPTURED,SUCCESS,2026-01-02T23:28:20.168965,5.99,normal_success,,True
P0002370,O0002370,C002046,M0000,1254.22,INR,WALLET,BANK_E,2026-01-02T07:57:45.066331,SYNTHETIC,CAPTURED,SUCCESS,2026-01-02T07:57:52.027551,6.96,normal_success,,False
P0002371,O0002371,C000489,M0017,144.53,INR,UPI,BANK_B,2026-01-02T18:46:30.965949,SYNTHETIC,CAPTURED,SUCCESS,2026-01-02T18:46:35.953677,4.99,normal_success,,False
P0002372,O0002372,C000752,M0015,1416.0,INR,NETBANKING,BANK_B,2026-01-01T11:47:45.364861,SYNTHETIC,CAPTURED,SUCCESS,2026-01-01T11:47:55.051059,9.69,normal_success,,False
P0002373,O0002373,C001179,M0005,366.53,INR,WALLET,BANK_D,2026-01-01T19:09:29.817444,SYNTHETIC,CAPTURED,SUCCESS,2026-01-01T19:09:39.001446,9.18,normal_success,,False
P0002374,O0002374,C000437,M0010,447.47,INR,NETBANKING,BANK_E,2026-01-01T00:51:36.457200,SYNTHETIC,CAPTURED,SUCCESS,2026-01-01T00:51:42.117894,5.66,normal_success,,False
P0002375,O0002375,C003892,M0020,878.61,INR,WALLET,BANK_A,2026-01-01T00:19:35.587261,SYNTHETIC,FAILED,FAILED,2026-01-01T00:19:39.985218,4.4,genuine_failure,,False
P0002376,O0002376,C002848,M0010,2007.62,INR,CARD,BANK_B,2026-01-01T03:50:12.147313,SYNTHETIC,CAPTURED,SUCCESS,2026-01-01T03:50:18.232181,6.08,normal_success,,False
P0002377,O0002377,C002276,M0017,115.1,INR,CARD,BANK_D,2026-01-02T23:25:30.669621,SYNTHETIC,CAPTURED,SUCCESS,2026-01-02T23:25:35.744057,5.07,normal_success,,False
P0002378,O0002378,C002228,M0008,729.58,INR,NETBANKING,BANK_A,2026-01-01T03:49:48.076501,SYNTHETIC,CAPTURED,SUCCESS,2026-01-01T03:49:54.689921,6.61,normal_success,,False
P0002379,O0002379,C001095,M0017,710.93,INR,UPI,BANK_B,2026-01-02T06:11:18.725718,SYNTHETIC,CAPTURED,SUCCESS,2026-01-02T06:11:28.229382,9.5,normal_success,,False
P0002380,O0002380,C003149,M0004,870.36,INR,WALLET,BANK_A,2026-01-01T21:40:22.542456,SYNTHETIC,CAPTURED,SUCCESS,2026-01-01T21:40:26.155430,3.61,normal_success,,False
P0002381,O0002381,C000052,M0004,1561.89,INR,UPI,BANK_C,2026-01-02T21:13:06.899430,SYNTHETIC,CAPTURED,SUCCESS,2026-01-02T21:13:15.568615,8.67,normal_success,,False
P0002382,O0002382,C000076,M0011,573.25,INR,WALLET,BANK_A,2026-01-02T05:52:28.934088,SYNTHETIC,CAPTURED,SUCCESS,2026-01-02T05:52:34.276217,5.34,normal_success,,False
P0002383,O0002383,C000235,M0024,1560.0,INR,CARD,BANK_A,2026-01-02T08:41:50.307392,SYNTHETIC,CAPTURED,SUCCESS,2026-01-02T08:43:26.380816,96.07,late_capture,,False
P0002384,O0002384,C003528,M0017,4348.32,INR,NETBANKING,BANK_C,2026-01-01T20:20:53.776073,SYNTHETIC,CAPTURED,SUCCESS,2026-01-01T20:21:02.059817,8.28,normal_success,,False
P0002385,O0002385,C000892,M0017,459.14,INR,UPI,BANK_B,2026-01-01T20:38:35.567289,SYNTHETIC,CAPTURED,SUCCESS,2026-01-01T20:38:44.908701,9.34,normal_success,,False
P0002386,O0002386,C000932,M0020,325.82,INR,WALLET,BANK_D,2026-01-01T13:53:43.161924,SYNTHETIC,CAPTURED,SUCCESS,2026-01-01T13:53:51.257398,8.1,normal_success,,True
P0002387,O0002387,C003454,M0004,717.97,INR,CARD,BANK_A,2026-01-02T19:24:21.032126,SYNTHETIC,CAPTURED,SUCCESS,2026-01-02T19:24:27.845182,6.81,normal_success,,False
P0002388,O0002388,C001273,M0004,874.53,INR,UPI,BANK_D,2026-01-02T06:38:50.497930,SYNTHETIC,CAPTURED,SUCCESS,2026-01-02T06:43:00.702018,250.2,late_capture,,False
P0002389,O0002389,C003967,M0015,124.84,INR,WALLET,BANK_C,2026-01-02T20:20:55.972366,SYNTHETIC,CAPTURED,SUCCESS,2026-01-02T20:21:01.141720,5.17,normal_success,,False
P0002390,O0002390,C001688,M0005,556.74,INR,CARD,BANK_B,2026-01-02T06:36:21.456803,SYNTHETIC,CAPTURED,SUCCESS,2026-01-02T06:36:25.968079,4.51,normal_success,,False
P0002391,O0002391,C001908,M0005,243.69,INR,CARD,BANK_B,2026-01-01T16:20:22.702437,SYNTHETIC,CAPTURED,SUCCESS,2026-01-01T16:26:33.114454,370.41,late_capture,,False
P0002392,O0002392,C002602,M0004,169.74,INR,UPI,BANK_A,2026-01-01T01:08:53.893067,SYNTHETIC,CAPTURED,SUCCESS,2026-01-01T01:09:01.286170,7.39,normal_success,,True
P0002393,O0002393,C002696,M0000,3822.9,INR,NETBANKING,BANK_D,2026-01-01T00:59:12.345393,SYNTHETIC,CAPTURED,SUCCESS,2026-01-01T00:59:18.931301,6.59,normal_success,,False
P0002394,O0002394,C000894,M0011,196.83,INR,CARD,BANK_A,2026-01-02T10:09:59.380144,SYNTHETIC,CAPTURED,SUCCESS,2026-01-02T10:16:38.980249,399.6,late_capture,,False
P0002395,O0002395,C002034,M0005,507.33,INR,NETBANKING,BANK_B,2026-01-02T14:51:36.108789,SYNTHETIC,CAPTURED,SUCCESS,2026-01-02T14:51:44.153895,8.05,normal_success,,False
P0002396,O0002396,C003791,M0011,1018.92,INR,WALLET,BANK_C,2026-01-01T02:45:07.269312,SYNTHETIC,CAPTURED,SUCCESS,2026-01-01T02:45:09.848811,2.58,normal_success,INC0001,False
P0002397,O0002397,C001585,M0024,92.72,INR,NETBANKING,BANK_E,2026-01-02T06:09:10.130630,SYNTHETIC,CAPTURED,SUCCESS,2026-01-02T06:09:13.851530,3.72,normal_success,,False
P0002398,O0002398,C002873,M0005,514.62,INR,CARD,BANK_D,2026-01-01T01:48:31.940438,SYNTHETIC,CAPTURED,SUCCESS,2026-01-01T01:50:56.544281,144.6,late_capture,,False
P0002399,O0002399,C000944,M0001,2589.88,INR,UPI,BANK_B,2026-01-01T13:19:58.950701,SYNTHETIC,CAPTURED,SUCCESS,2026-01-01T13:20:06.478448,7.53,normal_success,,False
P0002400,O0002400,C001359,M0012,589.7,INR,CARD,BANK_C,2026-01-02T00:11:01.160307,SYNTHETIC,CAPTURED,SUCCESS,2026-01-02T00:11:09.266613,8.11,normal_success,,False
P0002401,O0002401,C001059,M0020,276.01,INR,NETBANKING,BANK_C,2026-01-02T20:13:56.898429,SYNTHETIC,CAPTURED,SUCCESS,2026-01-02T20:14:03.011396,6.11,normal_success,,False
P0002402,O0002402,C000566,M0016,379.54,INR,NETBANKING,BANK_D,2026-01-02T22:50:14.289974,SYNTHETIC,CAPTURED,SUCCESS,2026-01-02T22:50:19.663973,5.37,normal_success,,False
P0002403,O0002403,C002476,M0002,333.95,INR,WALLET,BANK_D,2026-01-01T13:19:07.034704,SYNTHETIC,CAPTURED,SUCCESS,2026-01-01T13:19:11.654939,4.62,normal_success,,False
P0002404,O0002404,C003611,M0006,337.63,INR,NETBANKING,BANK_A,2026-01-01T05:20:09.702939,SYNTHETIC,CAPTURED,SUCCESS,2026-01-01T05:20:15.762882,6.06,normal_success,,True
P0002405,O0002405,C002836,M0008,757.77,INR,NETBANKING,BANK_E,2026-01-02T07:04:41.616778,SYNTHETIC,CAPTURED,SUCCESS,2026-01-02T07:04:47.619555,6.0,normal_success,,False
P0002406,O0002406,C001596,M0018,446.68,INR,WALLET,BANK_D,2026-01-02T06:41:27.908273,SYNTHETIC,CAPTURED,SUCCESS,2026-01-02T06:41:32.564506,4.66,normal_success,,False
P0002407,O0002407,C003453,M0000,366.21,INR,CARD,BANK_C,2026-01-01T22:46:56.237949,SYNTHETIC,CAPTURED,SUCCESS,2026-01-01T22:46:58.965864,2.73,normal_success,,False
P0002408,O0002408,C000220,M0009,1163.67,INR,NETBANKING,BANK_E,2026-01-02T05:08:48.843414,SYNTHETIC,CAPTURED,SUCCESS,2026-01-02T05:08:54.171730,5.33,normal_success,,False
P0002409,O0002409,C001170,M0017,730.4,INR,WALLET,BANK_B,2026-01-02T00:15:22.477618,SYNTHETIC,CAPTURED,SUCCESS,2026-01-02T00:15:28.320838,5.84,normal_success,,False
P0002410,O0002410,C000483,M0007,1401.75,INR,WALLET,BANK_B,2026-01-01T14:12:10.531561,SYNTHETIC,FAILED,FAILED,2026-01-01T14:12:17.416036,6.88,genuine_failure,,False
P0002411,O0002411,C000612,M0010,165.03,INR,UPI,BANK_B,2026-01-02T02:09:27.006695,SYNTHETIC,FAILED,FAILED,2026-01-02T02:09:28.676096,1.67,genuine_failure,,False
P0002412,O0002412,C001313,M0014,615.56,INR,NETBANKING,BANK_C,2026-01-01T05:27:48.328279,SYNTHETIC,CAPTURED,SUCCESS,2026-01-01T05:27:56.904218,8.58,normal_success,,False
P0002413,O0002413,C000321,M0008,789.28,INR,NETBANKING,BANK_D,2026-01-01T13:47:26.640579,SYNTHETIC,CAPTURED,SUCCESS,2026-01-01T13:47:32.183820,5.54,normal_success,,False
P0002414,O0002414,C000907,M0017,147.02,INR,CARD,BANK_C,2026-01-01T08:34:02.618139,SYNTHETIC,CAPTURED,SUCCESS,2026-01-01T08:34:07.446689,4.83,normal_success,,False
P0002415,O0002415,C000318,M0023,783.93,INR,NETBANKING,BANK_B,2026-01-02T15:54:47.395034,SYNTHETIC,CAPTURED,SUCCESS,2026-01-02T15:56:47.781290,120.39,late_capture,,False
P0002416,O0002416,C000282,M0001,724.59,INR,CARD,BANK_A,2026-01-02T01:36:35.422866,SYNTHETIC,CAPTURED,SUCCESS,2026-01-02T01:36:43.123011,7.7,normal_success,,False
P0002417,O0002417,C001529,M0009,176.84,INR,NETBANKING,BANK_E,2026-01-01T23:51:55.566856,SYNTHETIC,CAPTURED,SUCCESS,2026-01-01T23:52:00.298241,4.73,normal_success,INC0000,False
P0002418,O0002418,C002710,M0009,805.73,INR,NETBANKING,BANK_D,2026-01-01T03:09:25.845402,SYNTHETIC,FAILED,FAILED,2026-01-01T03:09:31.326205,5.48,genuine_failure,INC0001,False
P0002419,O0002419,C000542,M0015,233.59,INR,WALLET,BANK_B,2026-01-01T16:59:22.412852,SYNTHETIC,CAPTURED,SUCCESS,2026-01-01T16:59:31.892384,9.48,normal_success,,False
P0002420,O0002420,C003619,M0004,1786.9,INR,UPI,BANK_B,2026-01-02T21:29:00.860303,SYNTHETIC,CAPTURED,SUCCESS,2026-01-02T21:29:07.913748,7.05,normal_success,,False
P0002421,O0002421,C002274,M0015,1242.14,INR,WALLET,BANK_C,2026-01-02T11:21:35.398618,SYNTHETIC,CAPTURED,SUCCESS,2026-01-02T11:21:40.722011,5.32,normal_success,,True
P0002422,O0002422,C003787,M0000,4745.0,INR,CARD,BANK_C,2026-01-01T21:39:25.374158,SYNTHETIC,FAILED,FAILED,2026-01-01T21:39:32.243951,6.87,genuine_failure,,False
P0002423,O0002423,C001513,M0006,288.07,INR,CARD,BANK_C,2026-01-02T06:05:46.932918,SYNTHETIC,CAPTURED,SUCCESS,2026-01-02T06:05:51.663197,4.73,normal_success,,False
P0002424,O0002424,C002584,M0012,32.6,INR,WALLET,BANK_B,2026-01-01T11:07:15.910357,SYNTHETIC,CAPTURED,SUCCESS,2026-01-01T11:07:22.493133,6.58,normal_success,,False
P0002425,O0002425,C000780,M0003,3263.09,INR,NETBANKING,BANK_E,2026-01-01T12:10:30.620296,SYNTHETIC,CAPTURED,SUCCESS,2026-01-01T12:12:34.136104,123.52,late_capture,,False
P0002426,O0002426,C000135,M0007,362.41,INR,UPI,BANK_E,2026-01-01T02:09:06.230265,SYNTHETIC,CAPTURED,SUCCESS,2026-01-01T02:09:09.817096,3.59,normal_success,INC0001,False
P0002427,O0002427,C002345,M0003,3704.7,INR,NETBANKING,BANK_C,2026-01-02T20:46:23.316364,SYNTHETIC,CAPTURED,SUCCESS,2026-01-02T20:49:01.842577,158.53,late_capture,,False
P0002428,O0002428,C002890,M0015,1994.8,INR,WALLET,BANK_D,2026-01-01T14:39:18.425214,SYNTHETIC,CAPTURED,SUCCESS,2026-01-01T14:44:47.982168,329.56,late_capture,,False
P0002429,O0002429,C003963,M0020,1946.92,INR,WALLET,BANK_B,2026-01-01T03:36:32.697099,SYNTHETIC,CAPTURED,SUCCESS,2026-01-01T03:36:43.205205,10.51,normal_success,,False
P0002430,O0002430,C001860,M0005,3447.1,INR,CARD,BANK_A,2026-01-01T14:17:08.395719,SYNTHETIC,CAPTURED,SUCCESS,2026-01-01T14:17:15.477695,7.08,normal_success,,False
P0002431,O0002431,C003242,M0015,469.22,INR,NETBANKING,BANK_A,2026-01-02T01:01:01.331892,SYNTHETIC,CAPTURED,SUCCESS,2026-01-02T01:01:09.573859,8.24,normal_success,,False
P0002432,O0002432,C000913,M0013,430.01,INR,NETBANKING,BANK_C,2026-01-02T08:32:23.828898,SYNTHETIC,CAPTURED,SUCCESS,2026-01-02T08:32:28.652225,4.82,normal_success,,True
P0002433,O0002433,C002228,M0020,1605.72,INR,WALLET,BANK_D,2026-01-01T22:46:05.293577,SYNTHETIC,CAPTURED,SUCCESS,2026-01-01T22:46:10.502525,5.21,normal_success,,True
P0002434,O0002434,C003345,M0012,689.21,INR,CARD,BANK_B,2026-01-01T13:34:34.362823,SYNTHETIC,CAPTURED,SUCCESS,2026-01-01T13:34:42.700023,8.34,normal_success,,False
P0002435,O0002435,C003564,M0002,80.09,INR,UPI,BANK_E,2026-01-02T18:36:25.787849,SYNTHETIC,CAPTURED,SUCCESS,2026-01-02T18:40:28.024600,242.24,late_capture,,False
P0002436,O0002436,C001201,M0017,232.47,INR,NETBANKING,BANK_A,2026-01-02T12:12:03.011271,SYNTHETIC,CAPTURED,SUCCESS,2026-01-02T12:12:09.813895,6.8,normal_success,,False
P0002437,O0002437,C003793,M0014,308.8,INR,NETBANKING,BANK_E,2026-01-02T13:53:07.436110,SYNTHETIC,CAPTURED,SUCCESS,2026-01-02T13:53:16.125000,8.69,normal_success,,False
P0002438,O0002438,C003301,M0022,418.24,INR,UPI,BANK_C,2026-01-02T16:49:33.461134,SYNTHETIC,CAPTURED,SUCCESS,2026-01-02T16:49:40.387014,6.93,normal_success,,False
P0002439,O0002439,C002738,M0010,2512.99,INR,NETBANKING,BANK_D,2026-01-02T12:30:21.096057,SYNTHETIC,CAPTURED,SUCCESS,2026-01-02T12:30:28.413785,7.32,normal_success,,False
P0002440,O0002440,C000016,M0006,936.93,INR,WALLET,BANK_E,2026-01-02T05:12:43.435432,SYNTHETIC,CAPTURED,SUCCESS,2026-01-02T05:12:52.269971,8.83,normal_success,,False
P0002441,O0002441,C002073,M0017,287.96,INR,CARD,BANK_B,2026-01-02T20:18:32.697590,SYNTHETIC,CAPTURED,SUCCESS,2026-01-02T20:18:37.348091,4.65,normal_success,,False
P0002442,O0002442,C003188,M0012,283.25,INR,CARD,BANK_A,2026-01-01T11:24:53.274188,SYNTHETIC,CAPTURED,SUCCESS,2026-01-01T11:24:56.138449,2.86,normal_success,,False
P0002443,O0002443,C002987,M0007,347.37,INR,WALLET,BANK_E,2026-01-01T13:29:54.958220,SYNTHETIC,CAPTURED,SUCCESS,2026-01-01T13:30:04.596591,9.64,normal_success,,False
P0002444,O0002444,C001728,M0011,580.81,INR,WALLET,BANK_D,2026-01-02T15:17:32.573940,SYNTHETIC,CAPTURED,SUCCESS,2026-01-02T15:17:42.822053,10.25,normal_success,,True
P0002445,O0002445,C001831,M0015,294.94,INR,CARD,BANK_D,2026-01-01T19:39:44.501372,SYNTHETIC,CAPTURED,SUCCESS,2026-01-01T19:42:09.786569,145.29,late_capture,,False
P0002446,O0002446,C003578,M0008,160.2,INR,NETBANKING,BANK_C,2026-01-02T16:21:53.508390,SYNTHETIC,CAPTURED,SUCCESS,2026-01-02T16:22:00.622913,7.11,normal_success,,False
P0002447,O0002447,C000635,M0007,446.38,INR,WALLET,BANK_C,2026-01-01T15:26:06.553000,SYNTHETIC,CAPTURED,SUCCESS,2026-01-01T15:26:11.863803,5.31,normal_success,,False
P0002448,O0002448,C002570,M0015,1466.07,INR,UPI,BANK_D,2026-01-01T05:05:49.906978,SYNTHETIC,CAPTURED,SUCCESS,2026-01-01T05:05:53.995978,4.09,normal_success,,False
P0002449,O0002449,C000039,M0006,937.68,INR,UPI,BANK_E,2026-01-01T01:12:26.040050,SYNTHETIC,CAPTURED,SUCCESS,2026-01-01T01:12:32.985386,6.95,normal_success,,False
P0002450,O0002450,C002676,M0019,837.65,INR,CARD,BANK_A,2026-01-01T15:02:20.540534,SYNTHETIC,CAPTURED,SUCCESS,2026-01-01T15:02:24.452622,3.91,normal_success,,True
P0002451,O0002451,C001953,M0014,1387.74,INR,UPI,BANK_A,2026-01-02T10:40:16.529973,SYNTHETIC,CAPTURED,SUCCESS,2026-01-02T10:40:22.280433,5.75,normal_success,,False
P0002452,O0002452,C000691,M0005,953.54,INR,WALLET,BANK_E,2026-01-02T11:43:05.583346,SYNTHETIC,FAILED,FAILED,2026-01-02T11:43:08.967861,3.38,genuine_failure,,False
P0002453,O0002453,C001143,M0018,1087.39,INR,UPI,BANK_E,2026-01-02T03:26:02.246856,SYNTHETIC,FAILED,FAILED,2026-01-02T03:26:07.253925,5.01,genuine_failure,,False
P0002454,O0002454,C000520,M0007,2434.98,INR,UPI,BANK_C,2026-01-01T20:06:03.096745,SYNTHETIC,FAILED,FAILED,2026-01-01T20:06:05.964270,2.87,genuine_failure,,False
P0002455,O0002455,C003888,M0013,527.11,INR,CARD,BANK_C,2026-01-01T03:14:54.181903,SYNTHETIC,CAPTURED,SUCCESS,2026-01-01T03:15:00.374359,6.19,normal_success,,False
P0002456,O0002456,C001206,M0003,956.58,INR,WALLET,BANK_B,2026-01-01T20:07:11.563533,SYNTHETIC,FAILED,FAILED,2026-01-01T20:07:17.401608,5.84,genuine_failure,,False
P0002457,O0002457,C001224,M0002,4636.47,INR,NETBANKING,BANK_B,2026-01-02T04:18:23.575171,SYNTHETIC,CAPTURED,SUCCESS,2026-01-02T04:18:32.577669,9.0,normal_success,,True
P0002458,O0002458,C003744,M0023,872.64,INR,WALLET,BANK_D,2026-01-02T16:30:06.771544,SYNTHETIC,CAPTURED,SUCCESS,2026-01-02T16:30:10.199067,3.43,normal_success,,False
P0002459,O0002459,C000073,M0023,484.88,INR,UPI,BANK_C,2026-01-01T17:50:40.256927,SYNTHETIC,CAPTURED,SUCCESS,2026-01-01T17:50:45.371447,5.11,normal_success,,False
P0002460,O0002460,C000905,M0024,3735.16,INR,WALLET,BANK_D,2026-01-02T21:54:09.327459,SYNTHETIC,FAILED,FAILED,2026-01-02T21:54:16.965422,7.64,genuine_failure,,False
P0002461,O0002461,C000062,M0021,850.29,INR,CARD,BANK_B,2026-01-01T12:12:44.622744,SYNTHETIC,CAPTURED,SUCCESS,2026-01-01T12:12:52.194902,7.57,normal_success,,False
P0002462,O0002462,C000299,M0013,285.7,INR,CARD,BANK_E,2026-01-01T18:25:41.950467,SYNTHETIC,CAPTURED,SUCCESS,2026-01-01T18:26:57.685815,75.74,late_capture,,False
P0002463,O0002463,C000275,M0009,270.96,INR,NETBANKING,BANK_D,2026-01-01T20:14:46.882589,SYNTHETIC,CAPTURED,SUCCESS,2026-01-01T20:14:52.296069,5.41,normal_success,,False
P0002464,O0002464,C001915,M0010,1985.54,INR,UPI,BANK_E,2026-01-02T14:25:00.069662,SYNTHETIC,CAPTURED,SUCCESS,2026-01-02T14:25:09.099484,9.03,normal_success,,False
P0002465,O0002465,C002605,M0004,692.85,INR,WALLET,BANK_C,2026-01-02T20:56:53.894767,SYNTHETIC,CAPTURED,SUCCESS,2026-01-02T20:56:58.735919,4.84,normal_success,,False
P0002466,O0002466,C000994,M0012,710.78,INR,UPI,BANK_E,2026-01-01T01:56:45.586395,SYNTHETIC,CAPTURED,SUCCESS,2026-01-01T01:56:52.429379,6.84,normal_success,INC0001,False
P0002467,O0002467,C003971,M0022,631.27,INR,CARD,BANK_C,2026-01-02T09:54:19.308997,SYNTHETIC,CAPTURED,SUCCESS,2026-01-02T09:54:24.895859,5.59,normal_success,,False
P0002468,O0002468,C003237,M0010,2528.7,INR,NETBANKING,BANK_E,2026-01-01T22:35:56.148048,SYNTHETIC,CAPTURED,SUCCESS,2026-01-01T22:36:01.095681,4.95,normal_success,,False
P0002469,O0002469,C000576,M0012,1289.13,INR,WALLET,BANK_E,2026-01-01T22:05:03.366385,SYNTHETIC,CAPTURED,SUCCESS,2026-01-01T22:05:12.292030,8.93,normal_success,,False
P0002470,O0002470,C003167,M0021,489.4,INR,WALLET,BANK_E,2026-01-01T08:26:48.369077,SYNTHETIC,CAPTURED,SUCCESS,2026-01-01T08:26:55.468298,7.1,normal_success,,True
P0002471,O0002471,C003090,M0000,643.45,INR,WALLET,BANK_B,2026-01-01T21:05:06.024751,SYNTHETIC,CAPTURED,SUCCESS,2026-01-01T21:05:11.952226,5.93,normal_success,,False
P0002472,O0002472,C001300,M0016,136.9,INR,NETBANKING,BANK_D,2026-01-02T16:21:09.115812,SYNTHETIC,CAPTURED,SUCCESS,2026-01-02T16:21:17.650958,8.54,normal_success,,False
P0002473,O0002473,C003401,M0011,11756.3,INR,WALLET,BANK_B,2026-01-01T14:39:50.747481,SYNTHETIC,CAPTURED,SUCCESS,2026-01-01T14:39:58.359817,7.61,normal_success,,False
P0002474,O0002474,C003491,M0018,466.59,INR,NETBANKING,BANK_B,2026-01-02T11:59:18.370951,SYNTHETIC,CAPTURED,SUCCESS,2026-01-02T11:59:26.221605,7.85,normal_success,,False
P0002475,O0002475,C003192,M0022,1900.95,INR,CARD,BANK_E,2026-01-02T14:02:56.808600,SYNTHETIC,CAPTURED,SUCCESS,2026-01-02T14:03:02.628206,5.82,normal_success,,False
P0002476,O0002476,C003344,M0000,47.34,INR,WALLET,BANK_D,2026-01-02T12:46:16.851561,SYNTHETIC,CAPTURED,SUCCESS,2026-01-02T12:46:19.176971,2.33,normal_success,,False
P0002477,O0002477,C002524,M0010,1597.63,INR,CARD,BANK_A,2026-01-01T04:19:51.758191,SYNTHETIC,CAPTURED,SUCCESS,2026-01-01T04:19:57.759026,6.0,normal_success,,False
P0002478,O0002478,C002946,M0010,1988.04,INR,NETBANKING,BANK_E,2026-01-02T03:05:15.269936,SYNTHETIC,CAPTURED,SUCCESS,2026-01-02T03:05:20.113390,4.84,normal_success,,False
P0002479,O0002479,C001289,M0012,232.93,INR,CARD,BANK_E,2026-01-01T05:19:13.125129,SYNTHETIC,CAPTURED,SUCCESS,2026-01-01T05:19:20.325341,7.2,normal_success,,False
P0002480,O0002480,C003336,M0010,992.07,INR,NETBANKING,BANK_D,2026-01-02T15:53:53.685849,SYNTHETIC,CAPTURED,SUCCESS,2026-01-02T15:54:04.206117,10.52,normal_success,,True
P0002481,O0002481,C000435,M0016,1039.96,INR,CARD,BANK_C,2026-01-02T19:31:34.113138,SYNTHETIC,CAPTURED,SUCCESS,2026-01-02T19:31:36.884481,2.77,normal_success,,False
P0002482,O0002482,C002304,M0012,571.43,INR,UPI,BANK_D,2026-01-01T11:28:41.523738,SYNTHETIC,CAPTURED,SUCCESS,2026-01-01T11:28:44.960533,3.44,normal_success,,False
P0002483,O0002483,C003731,M0004,886.8,INR,UPI,BANK_B,2026-01-01T13:46:49.848214,SYNTHETIC,CAPTURED,SUCCESS,2026-01-01T13:46:57.692953,7.84,normal_success,,False
P0002484,O0002484,C000588,M0012,558.81,INR,CARD,BANK_E,2026-01-01T01:34:33.465202,SYNTHETIC,CAPTURED,SUCCESS,2026-01-01T01:34:40.941816,7.48,normal_success,,False
P0002485,O0002485,C000651,M0009,402.35,INR,CARD,BANK_D,2026-01-01T17:53:20.341820,SYNTHETIC,CAPTURED,SUCCESS,2026-01-01T17:53:25.827739,5.49,normal_success,,False
P0002486,O0002486,C001486,M0020,387.09,INR,UPI,BANK_D,2026-01-01T02:50:16.104864,SYNTHETIC,FAILED,FAILED,2026-01-01T02:50:18.053953,1.95,genuine_failure,INC0001,False
P0002487,O0002487,C003337,M0002,2114.52,INR,UPI,BANK_C,2026-01-02T05:37:55.363453,SYNTHETIC,CAPTURED,SUCCESS,2026-01-02T05:38:02.152877,6.79,normal_success,,False
P0002488,O0002488,C000563,M0018,2261.24,INR,UPI,BANK_D,2026-01-01T16:32:34.266887,SYNTHETIC,CAPTURED,SUCCESS,2026-01-01T16:32:40.602474,6.34,normal_success,,False
P0002489,O0002489,C003438,M0019,282.14,INR,CARD,BANK_A,2026-01-01T07:13:38.578166,SYNTHETIC,CAPTURED,SUCCESS,2026-01-01T07:13:41.946366,3.37,normal_success,,False
P0002490,O0002490,C002796,M0023,1602.52,INR,CARD,BANK_E,2026-01-01T14:58:19.134090,SYNTHETIC,CAPTURED,SUCCESS,2026-01-01T14:58:23.167136,4.03,normal_success,,False
P0002491,O0002491,C002129,M0009,467.89,INR,CARD,BANK_D,2026-01-01T21:56:12.356569,SYNTHETIC,CAPTURED,SUCCESS,2026-01-01T21:56:17.155177,4.8,normal_success,,True
P0002492,O0002492,C001191,M0009,701.84,INR,WALLET,BANK_E,2026-01-02T12:58:11.319379,SYNTHETIC,CAPTURED,SUCCESS,2026-01-02T12:58:15.729628,4.41,normal_success,,False
P0002493,O0002493,C000127,M0004,714.13,INR,UPI,BANK_E,2026-01-02T09:43:46.740179,SYNTHETIC,CAPTURED,SUCCESS,2026-01-02T09:43:53.775937,7.04,normal_success,,False
P0002494,O0002494,C003597,M0024,2028.06,INR,NETBANKING,BANK_D,2026-01-01T05:33:08.997643,SYNTHETIC,CAPTURED,SUCCESS,2026-01-01T05:33:17.148546,8.15,normal_success,,False
P0002495,O0002495,C003327,M0002,212.33,INR,UPI,BANK_D,2026-01-01T22:24:31.739112,SYNTHETIC,CAPTURED,SUCCESS,2026-01-01T22:24:39.181401,7.44,normal_success,,False
P0002496,O0002496,C003471,M0020,457.45,INR,NETBANKING,BANK_E,2026-01-02T04:49:10.212144,SYNTHETIC,FAILED,FAILED,2026-01-02T04:49:16.664566,6.45,genuine_failure,,False
P0002497,O0002497,C003514,M0000,56.77,INR,CARD,BANK_D,2026-01-01T06:11:08.794786,SYNTHETIC,CAPTURED,SUCCESS,2026-01-01T06:11:14.963853,6.17,normal_success,,False
P0002498,O0002498,C001893,M0015,1150.13,INR,CARD,BANK_C,2026-01-02T16:43:08.317831,SYNTHETIC,CAPTURED,SUCCESS,2026-01-02T16:43:15.429074,7.11,normal_success,,False
P0002499,O0002499,C003885,M0023,270.99,INR,UPI,BANK_A,2026-01-02T22:29:15.589303,SYNTHETIC,FAILED,FAILED,2026-01-02T22:29:21.801600,6.21,genuine_failure,,False
P0002500,O0002500,C003484,M0010,677.56,INR,WALLET,BANK_A,2026-01-01T08:33:33.301345,SYNTHETIC,CAPTURED,SUCCESS,2026-01-01T08:33:39.921312,6.62,normal_success,,False
P0002501,O0002501,C001610,M0019,7295.89,INR,NETBANKING,BANK_A,2026-01-02T02:28:05.402489,SYNTHETIC,CAPTURED,SUCCESS,2026-01-02T02:28:11.356950,5.95,normal_success,,False
P0002502,O0002502,C003119,M0018,526.25,INR,WALLET,BANK_B,2026-01-02T09:16:45.161723,SYNTHETIC,CAPTURED,SUCCESS,2026-01-02T09:16:53.976993,8.82,normal_success,,False
P0002503,O0002503,C000434,M0012,376.26,INR,CARD,BANK_D,2026-01-01T01:30:42.859522,SYNTHETIC,CAPTURED,SUCCESS,2026-01-01T01:30:49.668036,6.81,normal_success,,True
P0002504,O0002504,C003423,M0020,5627.23,INR,WALLET,BANK_A,2026-01-01T03:05:39.864362,SYNTHETIC,CAPTURED,SUCCESS,2026-01-01T03:05:48.417294,8.55,normal_success,INC0001,True
P0002505,O0002505,C000057,M0004,365.71,INR,NETBANKING,BANK_D,2026-01-02T21:08:11.092763,SYNTHETIC,CAPTURED,SUCCESS,2026-01-02T21:08:16.501095,5.41,normal_success,,True
P0002506,O0002506,C003953,M0015,4096.78,INR,CARD,BANK_B,2026-01-01T22:48:19.897088,SYNTHETIC,CAPTURED,SUCCESS,2026-01-01T22:48:24.024758,4.13,normal_success,,False
P0002507,O0002507,C001539,M0024,4278.52,INR,NETBANKING,BANK_E,2026-01-01T19:22:31.494489,SYNTHETIC,CAPTURED,SUCCESS,2026-01-01T19:22:39.118184,7.62,normal_success,,False
P0002508,O0002508,C000508,M0006,256.7,INR,CARD,BANK_E,2026-01-02T00:17:46.002373,SYNTHETIC,FAILED,FAILED,2026-01-02T00:17:52.584317,6.58,genuine_failure,INC0000,False
P0002509,O0002509,C003916,M0008,1359.86,INR,UPI,BANK_C,2026-01-01T04:07:37.675727,SYNTHETIC,CAPTURED,SUCCESS,2026-01-01T04:07:41.721083,4.05,normal_success,,False
P0002510,O0002510,C003592,M0024,368.54,INR,WALLET,BANK_C,2026-01-02T06:17:43.940556,SYNTHETIC,CAPTURED,SUCCESS,2026-01-02T06:17:47.376162,3.44,normal_success,,False
P0002511,O0002511,C003266,M0021,11241.7,INR,NETBANKING,BANK_C,2026-01-02T17:19:01.490394,SYNTHETIC,FAILED,FAILED,2026-01-02T17:19:06.299756,4.81,genuine_failure,,False
P0002512,O0002512,C002574,M0020,236.31,INR,WALLET,BANK_C,2026-01-01T03:50:00.248300,SYNTHETIC,CAPTURED,SUCCESS,2026-01-01T03:50:07.663005,7.41,normal_success,,False
P0002513,O0002513,C001727,M0018,1578.84,INR,UPI,BANK_A,2026-01-01T19:32:04.742712,SYNTHETIC,CAPTURED,SUCCESS,2026-01-01T19:32:12.785004,8.04,normal_success,,False
P0002514,O0002514,C000793,M0005,224.05,INR,UPI,BANK_D,2026-01-02T17:13:03.387330,SYNTHETIC,CAPTURED,SUCCESS,2026-01-02T17:13:13.414473,10.03,normal_success,,False
P0002515,O0002515,C002623,M0000,990.92,INR,UPI,BANK_B,2026-01-01T08:44:03.325225,SYNTHETIC,CAPTURED,SUCCESS,2026-01-01T08:44:09.896978,6.57,normal_success,,False
P0002516,O0002516,C001380,M0007,698.65,INR,WALLET,BANK_E,2026-01-01T21:09:17.353480,SYNTHETIC,CAPTURED,SUCCESS,2026-01-01T21:09:24.390146,7.04,normal_success,,True
P0002517,O0002517,C000437,M0022,534.66,INR,CARD,BANK_B,2026-01-01T01:54:30.482626,SYNTHETIC,CAPTURED,SUCCESS,2026-01-01T01:54:35.883209,5.4,normal_success,INC0001,False
P0002518,O0002518,C000179,M0001,2181.43,INR,CARD,BANK_E,2026-01-01T13:30:35.563295,SYNTHETIC,CAPTURED,SUCCESS,2026-01-01T13:30:42.411107,6.85,normal_success,,False
P0002519,O0002519,C000995,M0015,134.09,INR,NETBANKING,BANK_B,2026-01-01T10:31:37.257837,SYNTHETIC,CAPTURED,SUCCESS,2026-01-01T10:31:40.535936,3.28,normal_success,,False
P0002520,O0002520,C002803,M0012,498.07,INR,CARD,BANK_D,2026-01-01T03:57:28.536665,SYNTHETIC,CAPTURED,SUCCESS,2026-01-01T03:57:35.681170,7.14,normal_success,,False
P0002521,O0002521,C003047,M0014,2281.6,INR,WALLET,BANK_A,2026-01-01T06:07:35.886563,SYNTHETIC,CAPTURED,SUCCESS,2026-01-01T06:07:42.189858,6.3,normal_success,,False
P0002522,O0002522,C003449,M0006,1092.49,INR,NETBANKING,BANK_D,2026-01-02T03:24:59.392317,SYNTHETIC,CAPTURED,SUCCESS,2026-01-02T03:25:06.493654,7.1,normal_success,,False
P0002523,O0002523,C001243,M0015,2012.81,INR,WALLET,BANK_D,2026-01-02T19:42:36.180637,SYNTHETIC,CAPTURED,SUCCESS,2026-01-02T19:42:45.989712,9.81,normal_success,,False
P0002524,O0002524,C001793,M0012,135.6,INR,CARD,BANK_E,2026-01-01T05:39:25.363608,SYNTHETIC,CAPTURED,SUCCESS,2026-01-01T05:39:34.766386,9.4,normal_success,,False
P0002525,O0002525,C003276,M0023,200.8,INR,WALLET,BANK_A,2026-01-01T06:08:52.924747,SYNTHETIC,CAPTURED,SUCCESS,2026-01-01T06:08:56.448548,3.52,normal_success,,False
P0002526,O0002526,C002249,M0002,2412.19,INR,UPI,BANK_E,2026-01-02T07:47:24.636321,SYNTHETIC,CAPTURED,SUCCESS,2026-01-02T07:47:31.804852,7.17,normal_success,,False
P0002527,O0002527,C001628,M0023,867.61,INR,CARD,BANK_D,2026-01-02T07:36:10.190523,SYNTHETIC,CAPTURED,SUCCESS,2026-01-02T07:36:14.605986,4.42,normal_success,,False
P0002528,O0002528,C002661,M0018,3009.52,INR,UPI,BANK_B,2026-01-02T11:51:51.882625,SYNTHETIC,CAPTURED,SUCCESS,2026-01-02T11:51:56.588837,4.71,normal_success,,False
P0002529,O0002529,C003293,M0008,109.7,INR,CARD,BANK_B,2026-01-02T22:49:57.196459,SYNTHETIC,CAPTURED,SUCCESS,2026-01-02T22:50:03.377115,6.18,normal_success,,False
P0002530,O0002530,C001627,M0021,830.95,INR,CARD,BANK_D,2026-01-01T03:21:23.677830,SYNTHETIC,CAPTURED,SUCCESS,2026-01-01T03:21:28.857054,5.18,normal_success,,False
P0002531,O0002531,C000615,M0009,164.43,INR,WALLET,BANK_B,2026-01-02T21:19:52.722255,SYNTHETIC,CAPTURED,SUCCESS,2026-01-02T21:20:00.141760,7.42,normal_success,,False
P0002532,O0002532,C002607,M0002,1259.42,INR,UPI,BANK_D,2026-01-02T21:55:25.185395,SYNTHETIC,CAPTURED,SUCCESS,2026-01-02T21:55:31.037439,5.85,normal_success,,False
P0002533,O0002533,C002554,M0018,335.16,INR,UPI,BANK_B,2026-01-02T19:39:43.621209,SYNTHETIC,FAILED,FAILED,2026-01-02T19:39:50.670223,7.05,genuine_failure,,False
P0002534,O0002534,C002536,M0002,171.14,INR,NETBANKING,BANK_B,2026-01-01T12:12:01.370389,SYNTHETIC,FAILED,FAILED,2026-01-01T12:12:04.132057,2.76,genuine_failure,,False
P0002535,O0002535,C000987,M0008,1378.63,INR,CARD,BANK_D,2026-01-01T17:18:18.776064,SYNTHETIC,FAILED,FAILED,2026-01-01T17:18:23.246892,4.47,genuine_failure,,False
P0002536,O0002536,C000510,M0009,1806.65,INR,WALLET,BANK_E,2026-01-01T09:08:34.710831,SYNTHETIC,CAPTURED,SUCCESS,2026-01-01T09:08:41.812429,7.1,normal_success,,False
P0002537,O0002537,C001466,M0006,1339.09,INR,UPI,BANK_B,2026-01-01T15:21:09.429845,SYNTHETIC,CAPTURED,SUCCESS,2026-01-01T15:21:16.674611,7.24,normal_success,,True
P0002538,O0002538,C000855,M0019,1700.67,INR,NETBANKING,BANK_E,2026-01-01T18:32:00.676125,SYNTHETIC,CAPTURED,SUCCESS,2026-01-01T18:32:10.594593,9.92,normal_success,,False
P0002539,O0002539,C000229,M0018,40.06,INR,UPI,BANK_A,2026-01-02T11:48:32.730027,SYNTHETIC,CAPTURED,SUCCESS,2026-01-02T11:51:01.437136,148.71,late_capture,,False
P0002540,O0002540,C003922,M0020,327.43,INR,CARD,BANK_C,2026-01-02T20:48:24.914509,SYNTHETIC,CAPTURED,SUCCESS,2026-01-02T20:48:33.363350,8.45,normal_success,,False
P0002541,O0002541,C002770,M0019,231.91,INR,CARD,BANK_E,2026-01-01T13:43:43.467313,SYNTHETIC,CAPTURED,SUCCESS,2026-01-01T13:43:50.193346,6.73,normal_success,,False
P0002542,O0002542,C001308,M0004,330.95,INR,CARD,BANK_D,2026-01-02T23:28:39.082899,SYNTHETIC,CAPTURED,SUCCESS,2026-01-02T23:28:46.714397,7.63,normal_success,,False
P0002543,O0002543,C003053,M0006,499.85,INR,CARD,BANK_E,2026-01-01T17:17:10.429618,SYNTHETIC,CAPTURED,SUCCESS,2026-01-01T17:17:17.120914,6.69,normal_success,,False
P0002544,O0002544,C002120,M0004,2211.15,INR,UPI,BANK_D,2026-01-01T09:54:03.967126,SYNTHETIC,CAPTURED,SUCCESS,2026-01-01T09:54:10.101742,6.13,normal_success,,False
P0002545,O0002545,C002612,M0011,150.0,INR,CARD,BANK_D,2026-01-02T02:24:51.718222,SYNTHETIC,CAPTURED,SUCCESS,2026-01-02T02:24:57.502240,5.78,normal_success,,False
P0002546,O0002546,C001018,M0021,2400.19,INR,WALLET,BANK_B,2026-01-01T22:42:42.710146,SYNTHETIC,CAPTURED,SUCCESS,2026-01-01T22:42:51.329319,8.62,normal_success,,True
P0002547,O0002547,C000239,M0001,221.48,INR,UPI,BANK_A,2026-01-01T18:43:33.701903,SYNTHETIC,CAPTURED,SUCCESS,2026-01-01T18:47:04.903330,211.2,late_capture,,False
P0002548,O0002548,C003253,M0002,1057.79,INR,UPI,BANK_D,2026-01-01T03:50:54.284809,SYNTHETIC,CAPTURED,SUCCESS,2026-01-01T03:50:59.356112,5.07,normal_success,,False
P0002549,O0002549,C001036,M0024,911.29,INR,WALLET,BANK_D,2026-01-02T23:37:36.490832,SYNTHETIC,CAPTURED,SUCCESS,2026-01-02T23:37:41.354670,4.86,normal_success,,False
P0002550,O0002550,C001583,M0021,3489.13,INR,NETBANKING,BANK_A,2026-01-02T03:42:14.166132,SYNTHETIC,CAPTURED,SUCCESS,2026-01-02T03:42:20.781442,6.62,normal_success,,False
P0002551,O0002551,C003486,M0016,199.64,INR,WALLET,BANK_E,2026-01-02T09:28:11.442162,SYNTHETIC,CAPTURED,SUCCESS,2026-01-02T09:28:20.373029,8.93,normal_success,,False
P0002552,O0002552,C001552,M0003,656.98,INR,WALLET,BANK_D,2026-01-01T23:14:39.692788,SYNTHETIC,CAPTURED,SUCCESS,2026-01-01T23:18:20.669131,220.98,late_capture,,False
P0002553,O0002553,C003661,M0007,149.88,INR,UPI,BANK_A,2026-01-02T08:36:43.756355,SYNTHETIC,CAPTURED,SUCCESS,2026-01-02T08:36:52.656985,8.9,normal_success,,False
P0002554,O0002554,C001598,M0004,750.63,INR,WALLET,BANK_D,2026-01-01T11:33:04.048869,SYNTHETIC,CAPTURED,SUCCESS,2026-01-01T11:33:13.081490,9.03,normal_success,,False
P0002555,O0002555,C001950,M0003,284.52,INR,UPI,BANK_B,2026-01-02T15:33:14.431569,SYNTHETIC,CAPTURED,SUCCESS,2026-01-02T15:33:22.446785,8.02,normal_success,,True
P0002556,O0002556,C003200,M0008,527.68,INR,NETBANKING,BANK_D,2026-01-01T14:16:21.759230,SYNTHETIC,CAPTURED,SUCCESS,2026-01-01T14:16:28.248437,6.49,normal_success,,False
P0002557,O0002557,C001883,M0024,770.28,INR,NETBANKING,BANK_B,2026-01-01T19:15:38.333208,SYNTHETIC,CAPTURED,SUCCESS,2026-01-01T19:15:43.901188,5.57,normal_success,,True
P0002558,O0002558,C003919,M0018,2498.15,INR,UPI,BANK_B,2026-01-01T03:47:59.710677,SYNTHETIC,CAPTURED,SUCCESS,2026-01-01T03:48:05.777805,6.07,normal_success,,False
P0002559,O0002559,C000321,M0022,509.53,INR,CARD,BANK_B,2026-01-01T00:19:22.065622,SYNTHETIC,CAPTURED,SUCCESS,2026-01-01T00:19:30.708831,8.64,normal_success,,False
P0002560,O0002560,C002183,M0015,199.56,INR,WALLET,BANK_B,2026-01-01T11:44:05.047248,SYNTHETIC,CAPTURED,SUCCESS,2026-01-01T11:44:09.062800,4.02,normal_success,,True
P0002561,O0002561,C003685,M0021,348.26,INR,NETBANKING,BANK_C,2026-01-01T02:24:28.611951,SYNTHETIC,FAILED,FAILED,2026-01-01T02:24:30.461796,1.85,genuine_failure,INC0001,False
P0002562,O0002562,C002729,M0023,4042.35,INR,WALLET,BANK_A,2026-01-01T15:02:03.676015,SYNTHETIC,CAPTURED,SUCCESS,2026-01-01T15:02:10.651380,6.98,normal_success,,False
P0002563,O0002563,C001315,M0014,849.27,INR,NETBANKING,BANK_E,2026-01-01T17:36:21.280017,SYNTHETIC,CAPTURED,SUCCESS,2026-01-01T17:36:26.833627,5.55,normal_success,,False
P0002564,O0002564,C001024,M0002,9109.57,INR,NETBANKING,BANK_A,2026-01-01T00:31:29.119316,SYNTHETIC,CAPTURED,SUCCESS,2026-01-01T00:31:34.995150,5.88,normal_success,,False
P0002565,O0002565,C003815,M0008,547.87,INR,NETBANKING,BANK_A,2026-01-02T23:57:27.449321,SYNTHETIC,CAPTURED,SUCCESS,2026-01-02T23:57:34.410386,6.96,normal_success,,False
P0002566,O0002566,C002669,M0009,568.77,INR,WALLET,BANK_E,2026-01-02T04:55:02.138947,SYNTHETIC,CAPTURED,SUCCESS,2026-01-02T04:57:01.738931,119.6,late_capture,,False
P0002567,O0002567,C002212,M0004,167.24,INR,UPI,BANK_C,2026-01-02T11:24:57.567455,SYNTHETIC,CAPTURED,SUCCESS,2026-01-02T11:25:03.767027,6.2,normal_success,,True
P0002568,O0002568,C000391,M0022,750.63,INR,WALLET,BANK_C,2026-01-01T15:04:10.040118,SYNTHETIC,CAPTURED,SUCCESS,2026-01-01T15:04:17.500391,7.46,normal_success,,False
P0002569,O0002569,C003317,M0007,1094.59,INR,UPI,BANK_E,2026-01-02T13:56:17.894283,SYNTHETIC,CAPTURED,SUCCESS,2026-01-02T13:56:25.597255,7.7,normal_success,,False
P0002570,O0002570,C002813,M0019,332.46,INR,WALLET,BANK_A,2026-01-02T05:49:32.272347,SYNTHETIC,CAPTURED,SUCCESS,2026-01-02T05:49:39.100932,6.83,normal_success,,False
P0002571,O0002571,C003992,M0005,1790.33,INR,NETBANKING,BANK_E,2026-01-01T22:28:05.099660,SYNTHETIC,CAPTURED,SUCCESS,2026-01-01T22:28:14.655944,9.56,normal_success,,False
P0002572,O0002572,C001416,M0007,610.08,INR,WALLET,BANK_B,2026-01-01T00:11:30.211248,SYNTHETIC,CAPTURED,SUCCESS,2026-01-01T00:11:34.667144,4.46,normal_success,,False
P0002573,O0002573,C000071,M0005,472.95,INR,CARD,BANK_E,2026-01-01T16:24:08.946428,SYNTHETIC,CAPTURED,SUCCESS,2026-01-01T16:27:38.784368,209.84,late_capture,,False
P0002574,O0002574,C002018,M0015,713.04,INR,NETBANKING,BANK_D,2026-01-02T09:28:02.390409,SYNTHETIC,CAPTURED,SUCCESS,2026-01-02T09:28:11.761164,9.37,normal_success,,False
P0002575,O0002575,C002238,M0017,1514.69,INR,UPI,BANK_B,2026-01-01T10:19:48.208865,SYNTHETIC,CAPTURED,SUCCESS,2026-01-01T10:19:55.123595,6.91,normal_success,,False
P0002576,O0002576,C000046,M0019,759.29,INR,NETBANKING,BANK_D,2026-01-02T14:53:52.951965,SYNTHETIC,CAPTURED,SUCCESS,2026-01-02T14:53:56.440902,3.49,normal_success,,False
P0002577,O0002577,C000641,M0013,1686.25,INR,NETBANKING,BANK_A,2026-01-02T13:04:43.053291,SYNTHETIC,CAPTURED,SUCCESS,2026-01-02T13:04:48.251682,5.2,normal_success,,False
P0002578,O0002578,C000996,M0001,259.25,INR,UPI,BANK_C,2026-01-01T12:40:38.870030,SYNTHETIC,CAPTURED,SUCCESS,2026-01-01T12:40:44.617037,5.75,normal_success,,False
P0002579,O0002579,C002909,M0011,1301.26,INR,CARD,BANK_E,2026-01-01T06:27:03.005089,SYNTHETIC,CAPTURED,SUCCESS,2026-01-01T06:27:07.732466,4.73,normal_success,,False
P0002580,O0002580,C001485,M0008,6098.07,INR,WALLET,BANK_E,2026-01-02T08:12:53.496848,SYNTHETIC,CAPTURED,SUCCESS,2026-01-02T08:12:57.567900,4.07,normal_success,,False
P0002581,O0002581,C003765,M0006,1772.17,INR,CARD,BANK_C,2026-01-01T03:18:22.914380,SYNTHETIC,CAPTURED,SUCCESS,2026-01-01T03:18:27.507400,4.59,normal_success,,False
P0002582,O0002582,C001730,M0022,3046.19,INR,UPI,BANK_A,2026-01-01T11:48:14.265247,SYNTHETIC,CAPTURED,SUCCESS,2026-01-01T11:48:23.024341,8.76,normal_success,,False
P0002583,O0002583,C002167,M0007,383.3,INR,UPI,BANK_C,2026-01-01T02:34:41.437295,SYNTHETIC,CAPTURED,SUCCESS,2026-01-01T02:34:47.658873,6.22,normal_success,INC0001,False
P0002584,O0002584,C003317,M0022,3094.18,INR,UPI,BANK_B,2026-01-01T22:23:43.971753,SYNTHETIC,CAPTURED,SUCCESS,2026-01-01T22:23:50.906105,6.93,normal_success,,True
P0002585,O0002585,C003926,M0004,240.8,INR,WALLET,BANK_B,2026-01-02T02:46:15.792921,SYNTHETIC,CAPTURED,SUCCESS,2026-01-02T02:46:22.988410,7.2,normal_success,,False
P0002586,O0002586,C000811,M0016,492.71,INR,CARD,BANK_B,2026-01-02T00:51:46.030592,SYNTHETIC,CAPTURED,SUCCESS,2026-01-02T00:51:53.238437,7.21,normal_success,,False
P0002587,O0002587,C002580,M0017,707.5,INR,UPI,BANK_E,2026-01-01T23:17:58.635120,SYNTHETIC,CAPTURED,SUCCESS,2026-01-01T23:18:01.165099,2.53,normal_success,,False
P0002588,O0002588,C002926,M0004,1647.1,INR,WALLET,BANK_A,2026-01-01T09:01:20.764032,SYNTHETIC,CAPTURED,SUCCESS,2026-01-01T09:01:29.486277,8.72,normal_success,,True
P0002589,O0002589,C003544,M0019,1163.83,INR,CARD,BANK_B,2026-01-01T17:22:20.488971,SYNTHETIC,CAPTURED,SUCCESS,2026-01-01T17:22:25.504714,5.02,normal_success,,False
P0002590,O0002590,C000066,M0007,1141.09,INR,NETBANKING,BANK_B,2026-01-02T01:17:39.642864,SYNTHETIC,CAPTURED,SUCCESS,2026-01-02T01:17:46.688379,7.05,normal_success,,False
P0002591,O0002591,C001037,M0004,3585.95,INR,UPI,BANK_E,2026-01-02T17:42:08.625443,SYNTHETIC,CAPTURED,SUCCESS,2026-01-02T17:42:12.222421,3.6,normal_success,,False
P0002592,O0002592,C002485,M0024,433.96,INR,WALLET,BANK_B,2026-01-01T05:22:10.047908,SYNTHETIC,CAPTURED,SUCCESS,2026-01-01T05:22:17.050428,7.0,normal_success,,False
P0002593,O0002593,C003363,M0013,1180.83,INR,CARD,BANK_E,2026-01-02T18:47:07.179107,SYNTHETIC,CAPTURED,SUCCESS,2026-01-02T18:47:12.914041,5.73,normal_success,,False
P0002594,O0002594,C003117,M0004,1273.73,INR,CARD,BANK_A,2026-01-01T06:40:37.949043,SYNTHETIC,CAPTURED,SUCCESS,2026-01-01T06:43:00.199127,142.25,late_capture,,False
P0002595,O0002595,C001411,M0010,375.07,INR,CARD,BANK_D,2026-01-01T17:50:09.407928,SYNTHETIC,CAPTURED,SUCCESS,2026-01-01T17:50:12.941675,3.53,normal_success,,False
P0002596,O0002596,C001633,M0002,187.79,INR,WALLET,BANK_C,2026-01-02T03:42:43.385925,SYNTHETIC,CAPTURED,SUCCESS,2026-01-02T03:42:47.302158,3.92,normal_success,,False
P0002597,O0002597,C002124,M0000,1660.89,INR,CARD,BANK_A,2026-01-02T00:38:07.460539,SYNTHETIC,CAPTURED,SUCCESS,2026-01-02T00:38:14.106028,6.65,normal_success,,False
P0002598,O0002598,C003795,M0010,3119.59,INR,CARD,BANK_A,2026-01-01T06:46:27.608891,SYNTHETIC,CAPTURED,SUCCESS,2026-01-01T06:46:34.889990,7.28,normal_success,,False
P0002599,O0002599,C000408,M0005,306.79,INR,UPI,BANK_E,2026-01-02T04:14:47.016511,SYNTHETIC,CAPTURED,SUCCESS,2026-01-02T04:14:52.684518,5.67,normal_success,,False
P0002600,O0002600,C002887,M0023,3207.94,INR,WALLET,BANK_E,2026-01-02T10:24:57.039443,SYNTHETIC,CAPTURED,SUCCESS,2026-01-02T10:25:02.809858,5.77,normal_success,,False
P0002601,O0002601,C002173,M0009,1046.98,INR,WALLET,BANK_D,2026-01-02T22:54:49.253563,SYNTHETIC,CAPTURED,SUCCESS,2026-01-02T22:54:56.191776,6.94,normal_success,,False
P0002602,O0002602,C001546,M0008,614.9,INR,NETBANKING,BANK_A,2026-01-01T00:40:16.948849,SYNTHETIC,CAPTURED,SUCCESS,2026-01-01T00:43:37.668363,200.72,late_capture,,False
P0002603,O0002603,C001942,M0015,851.6,INR,WALLET,BANK_E,2026-01-01T06:29:48.164104,SYNTHETIC,CAPTURED,SUCCESS,2026-01-01T06:29:55.345560,7.18,normal_success,,False
P0002604,O0002604,C001369,M0006,4481.13,INR,CARD,BANK_E,2026-01-02T10:23:25.610199,SYNTHETIC,CAPTURED,SUCCESS,2026-01-02T10:23:31.052613,5.44,normal_success,,False
P0002605,O0002605,C003109,M0000,152.91,INR,WALLET,BANK_C,2026-01-02T05:12:00.519321,SYNTHETIC,CAPTURED,SUCCESS,2026-01-02T05:13:52.019702,111.5,late_capture,,False
P0002606,O0002606,C001712,M0023,1025.86,INR,WALLET,BANK_D,2026-01-02T17:08:34.237848,SYNTHETIC,CAPTURED,SUCCESS,2026-01-02T17:08:41.495333,7.26,normal_success,,False
P0002607,O0002607,C001027,M0005,1338.83,INR,CARD,BANK_D,2026-01-01T00:21:48.058344,SYNTHETIC,CAPTURED,SUCCESS,2026-01-01T00:21:56.672041,8.61,normal_success,,True
P0002608,O0002608,C001347,M0010,131.04,INR,UPI,BANK_C,2026-01-02T05:02:41.572834,SYNTHETIC,CAPTURED,SUCCESS,2026-01-02T05:02:46.630688,5.06,normal_success,,False
P0002609,O0002609,C000841,M0019,954.27,INR,CARD,BANK_A,2026-01-02T09:11:42.266859,SYNTHETIC,CAPTURED,SUCCESS,2026-01-02T09:11:50.077319,7.81,normal_success,,False
P0002610,O0002610,C003924,M0020,115.73,INR,NETBANKING,BANK_B,2026-01-01T02:14:40.839528,SYNTHETIC,FAILED,FAILED,2026-01-01T02:14:42.152413,1.31,genuine_failure,INC0001,False
P0002611,O0002611,C001868,M0002,2837.0,INR,UPI,BANK_E,2026-01-01T15:27:39.456390,SYNTHETIC,CAPTURED,SUCCESS,2026-01-01T15:27:46.089242,6.63,normal_success,,True
P0002612,O0002612,C001129,M0010,1134.44,INR,NETBANKING,BANK_B,2026-01-02T10:54:22.139162,SYNTHETIC,CAPTURED,SUCCESS,2026-01-02T10:54:28.119517,5.98,normal_success,,False
P0002613,O0002613,C002049,M0020,1294.74,INR,WALLET,BANK_A,2026-01-02T19:37:23.413628,SYNTHETIC,CAPTURED,SUCCESS,2026-01-02T19:37:28.575348,5.16,normal_success,,False
P0002614,O0002614,C000485,M0009,270.49,INR,NETBANKING,BANK_C,2026-01-02T09:16:57.653468,SYNTHETIC,CAPTURED,SUCCESS,2026-01-02T09:17:02.520268,4.87,normal_success,,True
P0002615,O0002615,C003884,M0005,286.82,INR,WALLET,BANK_B,2026-01-02T05:52:46.395942,SYNTHETIC,CAPTURED,SUCCESS,2026-01-02T05:52:54.450223,8.05,normal_success,,True
P0002616,O0002616,C002767,M0010,1566.01,INR,UPI,BANK_B,2026-01-01T11:13:52.071899,SYNTHETIC,CAPTURED,SUCCESS,2026-01-01T11:13:59.259557,7.19,normal_success,,False
P0002617,O0002617,C002499,M0007,3405.62,INR,NETBANKING,BANK_B,2026-01-02T08:59:56.638696,SYNTHETIC,CAPTURED,SUCCESS,2026-01-02T09:00:03.035042,6.4,normal_success,,False
P0002618,O0002618,C001494,M0021,1651.79,INR,NETBANKING,BANK_D,2026-01-01T01:21:13.785838,SYNTHETIC,CAPTURED,SUCCESS,2026-01-01T01:21:23.325424,9.54,normal_success,,True
P0002619,O0002619,C003875,M0002,382.07,INR,UPI,BANK_C,2026-01-01T01:48:36.088113,SYNTHETIC,CAPTURED,SUCCESS,2026-01-01T01:48:43.204767,7.12,normal_success,,True
P0002620,O0002620,C002396,M0021,191.98,INR,WALLET,BANK_A,2026-01-01T06:57:11.342417,SYNTHETIC,CAPTURED,SUCCESS,2026-01-01T06:57:15.477279,4.13,normal_success,,False
P0002621,O0002621,C003358,M0022,138.16,INR,CARD,BANK_E,2026-01-01T10:05:06.179843,SYNTHETIC,CAPTURED,SUCCESS,2026-01-01T10:07:50.065482,163.89,late_capture,,False
P0002622,O0002622,C003888,M0006,6894.61,INR,CARD,BANK_E,2026-01-02T02:49:05.544380,SYNTHETIC,CAPTURED,SUCCESS,2026-01-02T02:49:11.617676,6.07,normal_success,,False
P0002623,O0002623,C002755,M0005,1242.51,INR,UPI,BANK_D,2026-01-01T17:45:13.382968,SYNTHETIC,CAPTURED,SUCCESS,2026-01-01T17:45:18.644813,5.26,normal_success,,False
P0002624,O0002624,C000517,M0011,369.61,INR,CARD,BANK_D,2026-01-01T02:37:12.615175,SYNTHETIC,FAILED,FAILED,2026-01-01T02:37:18.631547,6.02,genuine_failure,INC0001,False
P0002625,O0002625,C003491,M0011,9.53,INR,WALLET,BANK_C,2026-01-02T15:38:22.779132,SYNTHETIC,CAPTURED,SUCCESS,2026-01-02T15:38:28.349046,5.57,normal_success,,True
P0002626,O0002626,C001094,M0016,1985.3,INR,CARD,BANK_C,2026-01-02T15:12:34.724725,SYNTHETIC,CAPTURED,SUCCESS,2026-01-02T15:12:42.721737,8.0,normal_success,,True
P0002627,O0002627,C001651,M0005,1345.52,INR,UPI,BANK_A,2026-01-01T18:42:02.120575,SYNTHETIC,CAPTURED,SUCCESS,2026-01-01T18:42:11.004711,8.88,normal_success,,False
P0002628,O0002628,C001564,M0009,1199.56,INR,NETBANKING,BANK_C,2026-01-01T02:27:22.190159,SYNTHETIC,CAPTURED,SUCCESS,2026-01-01T02:27:31.424727,9.23,normal_success,INC0001,False
P0002629,O0002629,C001046,M0004,212.86,INR,WALLET,BANK_B,2026-01-02T11:02:56.073402,SYNTHETIC,CAPTURED,SUCCESS,2026-01-02T11:03:03.218404,7.15,normal_success,,False
P0002630,O0002630,C002549,M0012,135.38,INR,UPI,BANK_C,2026-01-02T02:06:13.562117,SYNTHETIC,CAPTURED,SUCCESS,2026-01-02T02:06:16.635139,3.07,normal_success,,True
P0002631,O0002631,C001570,M0012,1132.11,INR,WALLET,BANK_A,2026-01-01T21:28:40.712645,SYNTHETIC,CAPTURED,SUCCESS,2026-01-01T21:28:45.263164,4.55,normal_success,,False
P0002632,O0002632,C003260,M0017,233.53,INR,UPI,BANK_D,2026-01-01T18:56:10.803677,SYNTHETIC,CAPTURED,SUCCESS,2026-01-01T18:56:15.097064,4.29,normal_success,,False
P0002633,O0002633,C000690,M0011,890.78,INR,WALLET,BANK_A,2026-01-02T16:39:04.947515,SYNTHETIC,CAPTURED,SUCCESS,2026-01-02T16:39:12.249348,7.3,normal_success,,False
P0002634,O0002634,C001131,M0011,2056.85,INR,WALLET,BANK_D,2026-01-01T15:56:22.187671,SYNTHETIC,CAPTURED,SUCCESS,2026-01-01T15:56:29.795569,7.61,normal_success,,False
P0002635,O0002635,C000546,M0024,767.7,INR,WALLET,BANK_A,2026-01-01T09:46:35.716929,SYNTHETIC,CAPTURED,SUCCESS,2026-01-01T09:46:45.340178,9.62,normal_success,,False
P0002636,O0002636,C000432,M0007,232.68,INR,UPI,BANK_B,2026-01-02T09:47:04.571655,SYNTHETIC,CAPTURED,SUCCESS,2026-01-02T09:47:10.794383,6.22,normal_success,,False
P0002637,O0002637,C001071,M0002,561.12,INR,WALLET,BANK_D,2026-01-01T19:44:48.156895,SYNTHETIC,CAPTURED,SUCCESS,2026-01-01T19:44:58.474020,10.32,normal_success,,False
P0002638,O0002638,C002351,M0019,2450.16,INR,CARD,BANK_B,2026-01-02T14:01:25.445019,SYNTHETIC,CAPTURED,SUCCESS,2026-01-02T14:01:32.898842,7.45,normal_success,,False
P0002639,O0002639,C001066,M0022,1090.4,INR,NETBANKING,BANK_E,2026-01-02T00:14:22.466788,SYNTHETIC,FAILED,FAILED,2026-01-02T00:14:30.212798,7.75,genuine_failure,INC0000,False
P0002640,O0002640,C003457,M0000,3750.79,INR,CARD,BANK_D,2026-01-01T10:37:20.830644,SYNTHETIC,CAPTURED,SUCCESS,2026-01-01T10:37:27.118570,6.29,normal_success,,False
P0002641,O0002641,C003370,M0000,1708.36,INR,CARD,BANK_C,2026-01-01T15:32:56.332874,SYNTHETIC,CAPTURED,SUCCESS,2026-01-01T15:33:06.449137,10.12,normal_success,,False
P0002642,O0002642,C002806,M0015,289.23,INR,NETBANKING,BANK_E,2026-01-02T00:18:02.769893,SYNTHETIC,CAPTURED,SUCCESS,2026-01-02T00:18:11.084728,8.31,normal_success,INC0000,False
P0002643,O0002643,C001193,M0017,892.78,INR,UPI,BANK_D,2026-01-01T14:06:38.114265,SYNTHETIC,CAPTURED,SUCCESS,2026-01-01T14:06:46.987231,8.87,normal_success,,False
P0002644,O0002644,C001189,M0012,2612.48,INR,UPI,BANK_E,2026-01-02T19:12:50.855545,SYNTHETIC,CAPTURED,SUCCESS,2026-01-02T19:12:59.346927,8.49,normal_success,,True
P0002645,O0002645,C002704,M0017,450.52,INR,UPI,BANK_D,2026-01-02T08:52:57.979950,SYNTHETIC,CAPTURED,SUCCESS,2026-01-02T08:53:06.558079,8.58,normal_success,,False
P0002646,O0002646,C001582,M0012,1989.29,INR,CARD,BANK_A,2026-01-01T07:54:21.271969,SYNTHETIC,CAPTURED,SUCCESS,2026-01-01T07:54:27.912612,6.64,normal_success,,True
P0002647,O0002647,C002724,M0024,1355.62,INR,NETBANKING,BANK_E,2026-01-02T21:36:57.253273,SYNTHETIC,CAPTURED,SUCCESS,2026-01-02T21:43:14.113065,376.86,late_capture,,False
P0002648,O0002648,C001789,M0020,422.04,INR,WALLET,BANK_A,2026-01-02T12:30:51.606124,SYNTHETIC,CAPTURED,SUCCESS,2026-01-02T12:31:00.547954,8.94,normal_success,,False
P0002649,O0002649,C000412,M0006,461.84,INR,CARD,BANK_A,2026-01-02T14:20:12.938486,SYNTHETIC,CAPTURED,SUCCESS,2026-01-02T14:20:17.585851,4.65,normal_success,,False
P0002650,O0002650,C001101,M0009,1438.64,INR,CARD,BANK_D,2026-01-02T03:05:59.448031,SYNTHETIC,CAPTURED,SUCCESS,2026-01-02T03:06:05.763661,6.32,normal_success,,False
P0002651,O0002651,C003986,M0005,365.68,INR,CARD,BANK_E,2026-01-01T01:26:36.033661,SYNTHETIC,CAPTURED,SUCCESS,2026-01-01T01:26:42.083971,6.05,normal_success,,False
P0002652,O0002652,C003719,M0002,1282.56,INR,NETBANKING,BANK_A,2026-01-02T03:09:09.919265,SYNTHETIC,CAPTURED,SUCCESS,2026-01-02T03:09:15.857843,5.94,normal_success,,True
P0002653,O0002653,C001199,M0017,1049.65,INR,UPI,BANK_D,2026-01-01T09:55:17.403501,SYNTHETIC,FAILED,FAILED,2026-01-01T09:55:25.223527,7.82,genuine_failure,,False
P0002654,O0002654,C000322,M0022,2264.46,INR,UPI,BANK_C,2026-01-02T16:48:18.207335,SYNTHETIC,CAPTURED,SUCCESS,2026-01-02T16:48:25.694323,7.49,normal_success,,False
P0002655,O0002655,C001866,M0019,307.28,INR,CARD,BANK_D,2026-01-01T01:43:12.875745,SYNTHETIC,CAPTURED,SUCCESS,2026-01-01T01:43:21.152238,8.28,normal_success,,False
P0002656,O0002656,C000990,M0002,4026.97,INR,UPI,BANK_D,2026-01-02T22:40:43.686513,SYNTHETIC,CAPTURED,SUCCESS,2026-01-02T22:40:50.274849,6.59,normal_success,,False
P0002657,O0002657,C001057,M0014,543.3,INR,UPI,BANK_B,2026-01-02T17:22:54.330885,SYNTHETIC,CAPTURED,SUCCESS,2026-01-02T17:23:03.103885,8.77,normal_success,,False
P0002658,O0002658,C002937,M0007,813.32,INR,UPI,BANK_B,2026-01-02T19:36:22.563509,SYNTHETIC,CAPTURED,SUCCESS,2026-01-02T19:36:28.366259,5.8,normal_success,,False
P0002659,O0002659,C002552,M0017,341.54,INR,UPI,BANK_E,2026-01-01T19:34:23.119852,SYNTHETIC,CAPTURED,SUCCESS,2026-01-01T19:34:28.111742,4.99,normal_success,,False
P0002660,O0002660,C003008,M0016,869.07,INR,CARD,BANK_B,2026-01-01T16:40:28.908346,SYNTHETIC,CAPTURED,SUCCESS,2026-01-01T16:40:36.907378,8.0,normal_success,,False
P0002661,O0002661,C001591,M0016,1992.24,INR,NETBANKING,BANK_E,2026-01-02T13:19:40.000740,SYNTHETIC,CAPTURED,SUCCESS,2026-01-02T13:19:46.275692,6.27,normal_success,,False
P0002662,O0002662,C003670,M0007,504.74,INR,WALLET,BANK_B,2026-01-02T05:04:06.815785,SYNTHETIC,CAPTURED,SUCCESS,2026-01-02T05:04:12.884299,6.07,normal_success,,False
P0002663,O0002663,C003932,M0015,107.64,INR,WALLET,BANK_D,2026-01-01T07:20:47.752045,SYNTHETIC,CAPTURED,SUCCESS,2026-01-01T07:20:58.342719,10.59,normal_success,,False
P0002664,O0002664,C003575,M0020,975.07,INR,WALLET,BANK_D,2026-01-02T19:46:29.733252,SYNTHETIC,CAPTURED,SUCCESS,2026-01-02T19:46:35.904077,6.17,normal_success,,False
P0002665,O0002665,C000948,M0020,606.0,INR,NETBANKING,BANK_C,2026-01-01T05:37:38.055746,SYNTHETIC,CAPTURED,SUCCESS,2026-01-01T05:37:46.046540,7.99,normal_success,,False
P0002666,O0002666,C003156,M0024,4278.14,INR,NETBANKING,BANK_B,2026-01-02T06:08:26.580604,SYNTHETIC,CAPTURED,SUCCESS,2026-01-02T06:08:32.331254,5.75,normal_success,,False
P0002667,O0002667,C003474,M0011,2048.99,INR,WALLET,BANK_C,2026-01-01T05:45:20.362032,SYNTHETIC,CAPTURED,SUCCESS,2026-01-01T05:50:13.285784,292.92,late_capture,,False
P0002668,O0002668,C001391,M0003,109.58,INR,NETBANKING,BANK_C,2026-01-01T19:03:56.634596,SYNTHETIC,CAPTURED,SUCCESS,2026-01-01T19:04:03.720670,7.09,normal_success,,False
P0002669,O0002669,C001488,M0016,647.0,INR,CARD,BANK_C,2026-01-01T09:39:15.037530,SYNTHETIC,CAPTURED,SUCCESS,2026-01-01T09:39:19.391816,4.35,normal_success,,False
P0002670,O0002670,C001415,M0002,191.91,INR,NETBANKING,BANK_A,2026-01-02T19:14:14.714815,SYNTHETIC,CAPTURED,SUCCESS,2026-01-02T19:14:20.491978,5.78,normal_success,,True
P0002671,O0002671,C001613,M0011,340.04,INR,WALLET,BANK_B,2026-01-01T15:31:28.755522,SYNTHETIC,FAILED,FAILED,2026-01-01T15:31:35.910727,7.16,genuine_failure,,False
P0002672,O0002672,C003580,M0008,33.11,INR,NETBANKING,BANK_E,2026-01-02T10:00:12.633579,SYNTHETIC,CAPTURED,SUCCESS,2026-01-02T10:00:17.174646,4.54,normal_success,,False
P0002673,O0002673,C002939,M0011,847.89,INR,WALLET,BANK_D,2026-01-02T22:15:47.851768,SYNTHETIC,CAPTURED,SUCCESS,2026-01-02T22:21:51.820896,363.97,late_capture,,False
P0002674,O0002674,C001495,M0011,175.19,INR,NETBANKING,BANK_E,2026-01-01T16:19:40.831940,SYNTHETIC,CAPTURED,SUCCESS,2026-01-01T16:19:47.428796,6.6,normal_success,,False
P0002675,O0002675,C000196,M0015,727.48,INR,CARD,BANK_E,2026-01-01T04:20:48.806746,SYNTHETIC,CAPTURED,SUCCESS,2026-01-01T04:25:47.666776,298.86,late_capture,,False
P0002676,O0002676,C000912,M0023,3825.28,INR,CARD,BANK_E,2026-01-01T20:32:52.186178,SYNTHETIC,CAPTURED,SUCCESS,2026-01-01T20:32:55.324040,3.14,normal_success,,False
P0002677,O0002677,C002729,M0013,670.42,INR,CARD,BANK_A,2026-01-02T02:38:48.445142,SYNTHETIC,CAPTURED,SUCCESS,2026-01-02T02:38:57.418527,8.97,normal_success,,False
P0002678,O0002678,C000813,M0001,212.83,INR,CARD,BANK_E,2026-01-01T01:56:48.554467,SYNTHETIC,CAPTURED,SUCCESS,2026-01-01T01:56:54.031555,5.48,normal_success,INC0001,False
P0002679,O0002679,C002390,M0020,553.64,INR,NETBANKING,BANK_A,2026-01-01T08:38:03.168748,SYNTHETIC,CAPTURED,SUCCESS,2026-01-01T08:38:11.521001,8.35,normal_success,,False
P0002680,O0002680,C001149,M0008,1304.79,INR,CARD,BANK_B,2026-01-02T03:41:53.214139,SYNTHETIC,CAPTURED,SUCCESS,2026-01-02T03:41:58.521911,5.31,normal_success,,False
P0002681,O0002681,C000856,M0016,5373.54,INR,WALLET,BANK_C,2026-01-01T19:02:41.300242,SYNTHETIC,CAPTURED,SUCCESS,2026-01-01T19:02:48.552156,7.25,normal_success,,False
P0002682,O0002682,C002575,M0003,969.76,INR,NETBANKING,BANK_A,2026-01-01T14:11:07.614538,SYNTHETIC,CAPTURED,SUCCESS,2026-01-01T14:11:10.222579,2.61,normal_success,,False
P0002683,O0002683,C002615,M0008,87.09,INR,NETBANKING,BANK_E,2026-01-02T10:09:44.039092,SYNTHETIC,CAPTURED,SUCCESS,2026-01-02T10:09:50.419561,6.38,normal_success,,True
P0002684,O0002684,C000686,M0000,1370.06,INR,CARD,BANK_E,2026-01-01T00:07:06.114355,SYNTHETIC,CAPTURED,SUCCESS,2026-01-01T00:07:10.767660,4.65,normal_success,,False
P0002685,O0002685,C002797,M0012,124.86,INR,CARD,BANK_D,2026-01-02T23:31:54.388268,SYNTHETIC,CAPTURED,SUCCESS,2026-01-02T23:32:54.549723,60.16,late_capture,,False
P0002686,O0002686,C001742,M0021,521.24,INR,CARD,BANK_E,2026-01-02T20:46:05.771471,SYNTHETIC,CAPTURED,SUCCESS,2026-01-02T20:46:15.194007,9.42,normal_success,,False
P0002687,O0002687,C000832,M0007,96.37,INR,NETBANKING,BANK_D,2026-01-01T20:17:03.783561,SYNTHETIC,CAPTURED,SUCCESS,2026-01-01T20:17:09.627077,5.84,normal_success,,True
P0002688,O0002688,C003091,M0003,873.61,INR,NETBANKING,BANK_B,2026-01-01T01:04:38.459289,SYNTHETIC,FAILED,FAILED,2026-01-01T01:04:45.245851,6.79,genuine_failure,,False
P0002689,O0002689,C001618,M0005,620.89,INR,UPI,BANK_B,2026-01-01T21:53:40.402848,SYNTHETIC,CAPTURED,SUCCESS,2026-01-01T21:53:44.018342,3.62,normal_success,,False
P0002690,O0002690,C002367,M0023,1136.98,INR,WALLET,BANK_C,2026-01-01T22:05:41.513816,SYNTHETIC,CAPTURED,SUCCESS,2026-01-01T22:05:50.268952,8.76,normal_success,,True
P0002691,O0002691,C000381,M0017,460.89,INR,NETBANKING,BANK_B,2026-01-01T12:04:48.337106,SYNTHETIC,CAPTURED,SUCCESS,2026-01-01T12:04:53.035414,4.7,normal_success,,False
P0002692,O0002692,C000479,M0006,699.71,INR,WALLET,BANK_E,2026-01-02T13:49:06.464331,SYNTHETIC,FAILED,FAILED,2026-01-02T13:49:14.338996,7.87,genuine_failure,,False
P0002693,O0002693,C003579,M0008,272.4,INR,UPI,BANK_A,2026-01-02T02:59:37.335969,SYNTHETIC,CAPTURED,SUCCESS,2026-01-02T02:59:40.784116,3.45,normal_success,,False
P0002694,O0002694,C002742,M0009,1664.94,INR,NETBANKING,BANK_B,2026-01-01T05:58:13.802841,SYNTHETIC,CAPTURED,SUCCESS,2026-01-01T05:58:19.528264,5.73,normal_success,,False
P0002695,O0002695,C002574,M0000,88.42,INR,CARD,BANK_A,2026-01-01T23:00:06.238080,SYNTHETIC,CAPTURED,SUCCESS,2026-01-01T23:00:12.015121,5.78,normal_success,,False
P0002696,O0002696,C000024,M0000,7915.24,INR,UPI,BANK_D,2026-01-02T05:29:03.123401,SYNTHETIC,CAPTURED,SUCCESS,2026-01-02T05:29:10.440540,7.32,normal_success,,True
P0002697,O0002697,C000569,M0002,1584.49,INR,UPI,BANK_C,2026-01-02T03:47:19.033628,SYNTHETIC,CAPTURED,SUCCESS,2026-01-02T03:47:23.645677,4.61,normal_success,,False
P0002698,O0002698,C003419,M0021,404.09,INR,WALLET,BANK_E,2026-01-02T00:46:12.293708,SYNTHETIC,CAPTURED,SUCCESS,2026-01-02T00:46:16.960332,4.67,normal_success,INC0000,False
P0002699,O0002699,C003354,M0007,177.34,INR,UPI,BANK_A,2026-01-02T21:03:59.934353,SYNTHETIC,CAPTURED,SUCCESS,2026-01-02T21:04:06.959090,7.02,normal_success,,False
P0002700,O0002700,C000565,M0011,1285.28,INR,WALLET,BANK_A,2026-01-01T23:07:27.671029,SYNTHETIC,CAPTURED,SUCCESS,2026-01-01T23:11:55.648860,267.98,late_capture,,False
P0002701,O0002701,C002168,M0018,1937.71,INR,UPI,BANK_A,2026-01-02T14:03:03.573855,SYNTHETIC,CAPTURED,SUCCESS,2026-01-02T14:03:08.521302,4.95,normal_success,,False
P0002702,O0002702,C000752,M0005,423.25,INR,CARD,BANK_C,2026-01-01T17:52:37.297857,SYNTHETIC,CAPTURED,SUCCESS,2026-01-01T17:52:47.175945,9.88,normal_success,,False
P0002703,O0002703,C001014,M0023,737.56,INR,UPI,BANK_C,2026-01-02T08:37:27.593856,SYNTHETIC,CAPTURED,SUCCESS,2026-01-02T08:37:34.777931,7.18,normal_success,,True
P0002704,O0002704,C000277,M0024,1236.74,INR,WALLET,BANK_A,2026-01-02T05:34:20.296144,SYNTHETIC,CAPTURED,SUCCESS,2026-01-02T05:34:25.274514,4.98,normal_success,,True
P0002705,O0002705,C000333,M0018,1074.75,INR,UPI,BANK_E,2026-01-01T13:21:49.282276,SYNTHETIC,CAPTURED,SUCCESS,2026-01-01T13:21:58.830456,9.55,normal_success,,False
P0002706,O0002706,C003447,M0002,1032.91,INR,WALLET,BANK_B,2026-01-01T05:54:23.519444,SYNTHETIC,CAPTURED,SUCCESS,2026-01-01T05:54:29.560716,6.04,normal_success,,False
P0002707,O0002707,C002590,M0012,502.8,INR,CARD,BANK_C,2026-01-01T00:55:27.215267,SYNTHETIC,CAPTURED,SUCCESS,2026-01-01T00:55:32.689724,5.47,normal_success,,False
P0002708,O0002708,C001886,M0007,232.14,INR,UPI,BANK_D,2026-01-01T07:59:25.229161,SYNTHETIC,CAPTURED,SUCCESS,2026-01-01T07:59:28.561084,3.33,normal_success,,False
P0002709,O0002709,C001537,M0012,889.53,INR,WALLET,BANK_A,2026-01-01T16:55:22.218467,SYNTHETIC,CAPTURED,SUCCESS,2026-01-01T16:55:29.246515,7.03,normal_success,,True
P0002710,O0002710,C002503,M0003,895.38,INR,WALLET,BANK_A,2026-01-02T14:54:34.794156,SYNTHETIC,CAPTURED,SUCCESS,2026-01-02T14:54:40.157655,5.36,normal_success,,False
P0002711,O0002711,C002361,M0008,995.72,INR,UPI,BANK_E,2026-01-02T17:03:47.934409,SYNTHETIC,CAPTURED,SUCCESS,2026-01-02T17:03:55.001890,7.07,normal_success,,False
P0002712,O0002712,C003481,M0022,278.09,INR,WALLET,BANK_D,2026-01-02T05:20:32.466060,SYNTHETIC,CAPTURED,SUCCESS,2026-01-02T05:20:37.306704,4.84,normal_success,,False
P0002713,O0002713,C002607,M0013,13.18,INR,NETBANKING,BANK_E,2026-01-01T17:15:33.876514,SYNTHETIC,CAPTURED,SUCCESS,2026-01-01T17:15:43.463637,9.59,normal_success,,False
P0002714,O0002714,C001373,M0020,195.33,INR,WALLET,BANK_E,2026-01-01T02:19:59.544567,SYNTHETIC,CAPTURED,SUCCESS,2026-01-01T02:23:09.851394,190.31,late_capture,INC0001,False
P0002715,O0002715,C002142,M0001,306.27,INR,UPI,BANK_C,2026-01-02T00:40:08.970935,SYNTHETIC,CAPTURED,SUCCESS,2026-01-02T00:40:15.358425,6.39,normal_success,,True
P0002716,O0002716,C002583,M0018,4233.11,INR,UPI,BANK_D,2026-01-02T14:54:52.268504,SYNTHETIC,CAPTURED,SUCCESS,2026-01-02T14:54:57.917712,5.65,normal_success,,False
P0002717,O0002717,C001858,M0005,518.98,INR,UPI,BANK_C,2026-01-01T18:11:55.995542,SYNTHETIC,CAPTURED,SUCCESS,2026-01-01T18:12:01.738840,5.74,normal_success,,False
P0002718,O0002718,C002106,M0023,682.64,INR,WALLET,BANK_B,2026-01-01T03:44:52.546337,SYNTHETIC,CAPTURED,SUCCESS,2026-01-01T03:44:58.341799,5.8,normal_success,,False
P0002719,O0002719,C000974,M0014,859.19,INR,NETBANKING,BANK_E,2026-01-02T15:19:22.139184,SYNTHETIC,CAPTURED,SUCCESS,2026-01-02T15:19:30.929379,8.79,normal_success,,False
P0002720,O0002720,C001396,M0000,613.53,INR,NETBANKING,BANK_D,2026-01-01T00:06:07.641104,SYNTHETIC,CAPTURED,SUCCESS,2026-01-01T00:10:44.585504,276.94,late_capture,,False
P0002721,O0002721,C001704,M0009,655.55,INR,WALLET,BANK_B,2026-01-02T22:42:16.510492,SYNTHETIC,CAPTURED,SUCCESS,2026-01-02T22:42:24.109869,7.6,normal_success,,True
P0002722,O0002722,C001250,M0017,120.82,INR,CARD,BANK_A,2026-01-01T05:16:34.023963,SYNTHETIC,CAPTURED,SUCCESS,2026-01-01T05:16:41.287732,7.26,normal_success,,False
P0002723,O0002723,C002396,M0015,1026.37,INR,WALLET,BANK_A,2026-01-02T20:00:07.413478,SYNTHETIC,CAPTURED,SUCCESS,2026-01-02T20:00:12.962574,5.55,normal_success,,False
P0002724,O0002724,C003034,M0006,156.96,INR,CARD,BANK_D,2026-01-01T22:42:49.397395,SYNTHETIC,CAPTURED,SUCCESS,2026-01-01T22:42:54.402611,5.01,normal_success,,True
P0002725,O0002725,C000114,M0022,535.37,INR,CARD,BANK_D,2026-01-02T01:22:36.300437,SYNTHETIC,FAILED,FAILED,2026-01-02T01:22:37.835128,1.53,genuine_failure,,False
P0002726,O0002726,C003309,M0017,483.37,INR,UPI,BANK_C,2026-01-01T00:30:21.270129,SYNTHETIC,CAPTURED,SUCCESS,2026-01-01T00:30:31.812929,10.54,normal_success,,True
P0002727,O0002727,C003686,M0004,235.6,INR,CARD,BANK_A,2026-01-02T08:01:15.500592,SYNTHETIC,CAPTURED,SUCCESS,2026-01-02T08:01:21.671759,6.17,normal_success,,True
P0002728,O0002728,C003731,M0006,211.21,INR,CARD,BANK_B,2026-01-02T15:09:59.667162,SYNTHETIC,CAPTURED,SUCCESS,2026-01-02T15:11:03.133122,63.47,late_capture,,False
P0002729,O0002729,C003620,M0012,1292.31,INR,CARD,BANK_B,2026-01-02T23:02:32.975178,SYNTHETIC,CAPTURED,SUCCESS,2026-01-02T23:02:42.688309,9.71,normal_success,,False
P0002730,O0002730,C002047,M0024,283.88,INR,WALLET,BANK_E,2026-01-02T15:04:23.426536,SYNTHETIC,CAPTURED,SUCCESS,2026-01-02T15:04:29.885699,6.46,normal_success,,False
P0002731,O0002731,C003422,M0015,430.04,INR,WALLET,BANK_E,2026-01-01T23:36:24.152621,SYNTHETIC,CAPTURED,SUCCESS,2026-01-01T23:36:27.155200,3.0,normal_success,,False
P0002732,O0002732,C001104,M0013,1003.2,INR,CARD,BANK_B,2026-01-02T06:32:40.711422,SYNTHETIC,CAPTURED,SUCCESS,2026-01-02T06:32:50.048959,9.34,normal_success,,False
P0002733,O0002733,C002043,M0016,1330.24,INR,UPI,BANK_A,2026-01-01T16:56:57.060299,SYNTHETIC,CAPTURED,SUCCESS,2026-01-01T16:57:05.673281,8.61,normal_success,,False
P0002734,O0002734,C003354,M0017,234.91,INR,WALLET,BANK_C,2026-01-01T01:18:49.945940,SYNTHETIC,CAPTURED,SUCCESS,2026-01-01T01:18:54.231725,4.29,normal_success,,False
P0002735,O0002735,C001526,M0011,2283.73,INR,NETBANKING,BANK_C,2026-01-01T01:42:58.106113,SYNTHETIC,CAPTURED,SUCCESS,2026-01-01T01:43:02.805082,4.7,normal_success,,False
P0002736,O0002736,C001261,M0024,544.54,INR,WALLET,BANK_A,2026-01-01T06:03:06.276097,SYNTHETIC,CAPTURED,SUCCESS,2026-01-01T06:04:31.602437,85.33,late_capture,,False
P0002737,O0002737,C000755,M0003,574.65,INR,UPI,BANK_B,2026-01-02T18:47:27.560444,SYNTHETIC,CAPTURED,SUCCESS,2026-01-02T18:47:33.788387,6.23,normal_success,,False
P0002738,O0002738,C002520,M0000,450.33,INR,CARD,BANK_E,2026-01-01T04:57:20.077246,SYNTHETIC,CAPTURED,SUCCESS,2026-01-01T04:57:27.345667,7.27,normal_success,,False
P0002739,O0002739,C003447,M0006,46.57,INR,UPI,BANK_E,2026-01-01T19:33:17.500736,SYNTHETIC,CAPTURED,SUCCESS,2026-01-01T19:33:25.153821,7.65,normal_success,,False
P0002740,O0002740,C000196,M0022,854.96,INR,WALLET,BANK_B,2026-01-01T12:16:21.882905,SYNTHETIC,FAILED,FAILED,2026-01-01T12:16:27.316083,5.43,genuine_failure,,False
P0002741,O0002741,C003419,M0001,1695.65,INR,WALLET,BANK_C,2026-01-02T04:18:24.740376,SYNTHETIC,CAPTURED,SUCCESS,2026-01-02T04:18:31.144819,6.4,normal_success,,False
P0002742,O0002742,C001677,M0007,232.75,INR,UPI,BANK_A,2026-01-02T08:56:42.220999,SYNTHETIC,CAPTURED,SUCCESS,2026-01-02T08:56:45.963088,3.74,normal_success,,False
P0002743,O0002743,C000670,M0019,905.5,INR,CARD,BANK_C,2026-01-02T14:56:14.160958,SYNTHETIC,CAPTURED,SUCCESS,2026-01-02T14:56:19.548592,5.39,normal_success,,True
P0002744,O0002744,C002347,M0016,418.39,INR,CARD,BANK_B,2026-01-01T05:46:56.080903,SYNTHETIC,CAPTURED,SUCCESS,2026-01-01T05:47:02.969988,6.89,normal_success,,False
P0002745,O0002745,C002908,M0005,915.57,INR,WALLET,BANK_D,2026-01-02T13:22:27.063553,SYNTHETIC,CAPTURED,SUCCESS,2026-01-02T13:22:36.421489,9.36,normal_success,,False
P0002746,O0002746,C003688,M0002,2543.75,INR,UPI,BANK_B,2026-01-02T19:30:52.458172,SYNTHETIC,CAPTURED,SUCCESS,2026-01-02T19:31:01.041133,8.58,normal_success,,True
P0002747,O0002747,C003623,M0023,459.49,INR,UPI,BANK_B,2026-01-02T08:27:10.649854,SYNTHETIC,CAPTURED,SUCCESS,2026-01-02T08:27:15.511429,4.86,normal_success,,False
P0002748,O0002748,C002504,M0002,118.99,INR,UPI,BANK_A,2026-01-01T04:00:49.285387,SYNTHETIC,FAILED,FAILED,2026-01-01T04:00:52.386895,3.1,genuine_failure,,False
P0002749,O0002749,C002934,M0019,2223.23,INR,CARD,BANK_E,2026-01-02T00:47:24.840044,SYNTHETIC,CAPTURED,SUCCESS,2026-01-02T00:47:32.940212,8.1,normal_success,INC0000,False
P0002750,O0002750,C002083,M0005,111.39,INR,WALLET,BANK_A,2026-01-02T16:38:27.435878,SYNTHETIC,CAPTURED,SUCCESS,2026-01-02T16:38:31.749091,4.31,normal_success,,False
P0002751,O0002751,C002393,M0008,199.76,INR,UPI,BANK_D,2026-01-02T10:39:39.396591,SYNTHETIC,CAPTURED,SUCCESS,2026-01-02T10:39:47.818547,8.42,normal_success,,False
P0002752,O0002752,C001304,M0012,1723.65,INR,CARD,BANK_B,2026-01-02T21:18:19.245581,SYNTHETIC,CAPTURED,SUCCESS,2026-01-02T21:21:54.313261,215.07,late_capture,,False
P0002753,O0002753,C003026,M0012,116.44,INR,WALLET,BANK_C,2026-01-02T05:08:20.645286,SYNTHETIC,CAPTURED,SUCCESS,2026-01-02T05:08:30.378502,9.73,normal_success,,False
P0002754,O0002754,C002421,M0021,1209.73,INR,CARD,BANK_D,2026-01-02T17:18:46.613575,SYNTHETIC,CAPTURED,SUCCESS,2026-01-02T17:18:52.434704,5.82,normal_success,,False
P0002755,O0002755,C000360,M0004,206.1,INR,UPI,BANK_E,2026-01-02T15:26:04.566586,SYNTHETIC,CAPTURED,SUCCESS,2026-01-02T15:26:11.408436,6.84,normal_success,,False
P0002756,O0002756,C001815,M0023,217.2,INR,UPI,BANK_D,2026-01-02T19:59:10.276214,SYNTHETIC,CAPTURED,SUCCESS,2026-01-02T19:59:14.231516,3.96,normal_success,,False
P0002757,O0002757,C000725,M0014,137.72,INR,NETBANKING,BANK_D,2026-01-02T22:25:08.558602,SYNTHETIC,CAPTURED,SUCCESS,2026-01-02T22:25:14.593361,6.03,normal_success,,False
P0002758,O0002758,C000275,M0009,607.25,INR,NETBANKING,BANK_E,2026-01-02T04:34:24.113621,SYNTHETIC,CAPTURED,SUCCESS,2026-01-02T04:34:29.526825,5.41,normal_success,,False
P0002759,O0002759,C000298,M0000,1452.5,INR,CARD,BANK_A,2026-01-02T22:28:57.140486,SYNTHETIC,CAPTURED,SUCCESS,2026-01-02T22:29:04.309785,7.17,normal_success,,False
P0002760,O0002760,C001898,M0010,6368.6,INR,NETBANKING,BANK_D,2026-01-01T10:50:21.098605,SYNTHETIC,CAPTURED,SUCCESS,2026-01-01T10:50:30.153921,9.06,normal_success,,True
P0002761,O0002761,C001629,M0005,7891.5,INR,UPI,BANK_A,2026-01-01T01:09:19.655508,SYNTHETIC,CAPTURED,SUCCESS,2026-01-01T01:09:23.547509,3.89,normal_success,,False
P0002762,O0002762,C000022,M0005,56.77,INR,WALLET,BANK_D,2026-01-01T07:07:18.732962,SYNTHETIC,CAPTURED,SUCCESS,2026-01-01T07:07:26.042385,7.31,normal_success,,False
P0002763,O0002763,C002947,M0015,3453.85,INR,WALLET,BANK_E,2026-01-01T15:38:09.222613,SYNTHETIC,CAPTURED,SUCCESS,2026-01-01T15:38:16.964773,7.74,normal_success,,True
P0002764,O0002764,C001824,M0017,1983.9,INR,UPI,BANK_C,2026-01-02T01:45:24.208253,SYNTHETIC,CAPTURED,SUCCESS,2026-01-02T01:45:26.957848,2.75,normal_success,,False
P0002765,O0002765,C003991,M0018,353.33,INR,CARD,BANK_E,2026-01-02T06:22:53.895613,SYNTHETIC,CAPTURED,SUCCESS,2026-01-02T06:23:03.555616,9.66,normal_success,,False
P0002766,O0002766,C001274,M0014,1032.47,INR,CARD,BANK_C,2026-01-02T19:49:59.207892,SYNTHETIC,CAPTURED,SUCCESS,2026-01-02T19:50:04.468766,5.26,normal_success,,False
P0002767,O0002767,C003250,M0014,754.99,INR,CARD,BANK_D,2026-01-01T20:25:07.553505,SYNTHETIC,CAPTURED,SUCCESS,2026-01-01T20:25:16.005091,8.45,normal_success,,False
P0002768,O0002768,C002943,M0016,5252.11,INR,UPI,BANK_C,2026-01-02T07:50:46.690111,SYNTHETIC,FAILED,FAILED,2026-01-02T07:50:54.270094,7.58,genuine_failure,,False
P0002769,O0002769,C003598,M0010,1327.0,INR,UPI,BANK_D,2026-01-01T23:47:28.206695,SYNTHETIC,CAPTURED,SUCCESS,2026-01-01T23:47:37.212242,9.01,normal_success,,False
P0002770,O0002770,C002521,M0023,559.98,INR,NETBANKING,BANK_E,2026-01-01T09:02:26.946802,SYNTHETIC,CAPTURED,SUCCESS,2026-01-01T09:02:33.950744,7.0,normal_success,,False
P0002771,O0002771,C003776,M0020,149.49,INR,WALLET,BANK_A,2026-01-01T10:25:50.509902,SYNTHETIC,CAPTURED,SUCCESS,2026-01-01T10:25:56.227123,5.72,normal_success,,False
P0002772,O0002772,C001913,M0022,686.5,INR,CARD,BANK_D,2026-01-02T14:33:10.097819,SYNTHETIC,CAPTURED,SUCCESS,2026-01-02T14:33:18.042155,7.94,normal_success,,False
P0002773,O0002773,C002607,M0000,1370.69,INR,CARD,BANK_E,2026-01-02T03:13:03.673668,SYNTHETIC,CAPTURED,SUCCESS,2026-01-02T03:13:11.132038,7.46,normal_success,,False
P0002774,O0002774,C001390,M0011,154.78,INR,NETBANKING,BANK_D,2026-01-01T03:23:43.267196,SYNTHETIC,CAPTURED,SUCCESS,2026-01-01T03:23:50.484932,7.22,normal_success,,False
P0002775,O0002775,C000553,M0006,3398.43,INR,CARD,BANK_E,2026-01-01T11:55:56.981278,SYNTHETIC,CAPTURED,SUCCESS,2026-01-01T11:56:01.093467,4.11,normal_success,,False
P0002776,O0002776,C000178,M0007,409.6,INR,NETBANKING,BANK_E,2026-01-01T07:03:30.516281,SYNTHETIC,CAPTURED,SUCCESS,2026-01-01T07:03:39.631532,9.12,normal_success,,False
P0002777,O0002777,C000982,M0005,21071.77,INR,WALLET,BANK_C,2026-01-02T21:26:28.079457,SYNTHETIC,CAPTURED,SUCCESS,2026-01-02T21:26:35.516296,7.44,normal_success,,False
P0002778,O0002778,C000544,M0015,1494.5,INR,WALLET,BANK_C,2026-01-01T03:46:27.079903,SYNTHETIC,CAPTURED,SUCCESS,2026-01-01T03:46:33.278504,6.2,normal_success,,False
P0002779,O0002779,C000066,M0006,722.82,INR,CARD,BANK_B,2026-01-01T10:59:10.045311,SYNTHETIC,CAPTURED,SUCCESS,2026-01-01T10:59:19.537977,9.49,normal_success,,False
P0002780,O0002780,C001384,M0004,2973.19,INR,WALLET,BANK_D,2026-01-02T18:04:55.577969,SYNTHETIC,CAPTURED,SUCCESS,2026-01-02T18:05:01.427252,5.85,normal_success,,True
P0002781,O0002781,C001918,M0017,510.07,INR,CARD,BANK_C,2026-01-02T15:16:20.036194,SYNTHETIC,CAPTURED,SUCCESS,2026-01-02T15:16:25.598886,5.56,normal_success,,False
P0002782,O0002782,C001568,M0018,79.59,INR,WALLET,BANK_C,2026-01-01T09:46:39.849330,SYNTHETIC,CAPTURED,SUCCESS,2026-01-01T09:46:49.173978,9.32,normal_success,,False
P0002783,O0002783,C001371,M0023,992.96,INR,NETBANKING,BANK_D,2026-01-02T07:17:52.412636,SYNTHETIC,CAPTURED,SUCCESS,2026-01-02T07:17:58.751540,6.34,normal_success,,False
P0002784,O0002784,C000723,M0017,1396.62,INR,UPI,BANK_C,2026-01-02T11:02:15.254772,SYNTHETIC,FAILED,FAILED,2026-01-02T11:02:20.910662,5.66,genuine_failure,,False
P0002785,O0002785,C002209,M0020,349.38,INR,CARD,BANK_A,2026-01-02T05:07:07.489113,SYNTHETIC,CAPTURED,SUCCESS,2026-01-02T05:07:11.438502,3.95,normal_success,,False
P0002786,O0002786,C002603,M0004,987.2,INR,WALLET,BANK_E,2026-01-02T15:28:48.425001,SYNTHETIC,CAPTURED,SUCCESS,2026-01-02T15:28:56.756725,8.33,normal_success,,False
P0002787,O0002787,C001482,M0004,1001.42,INR,CARD,BANK_A,2026-01-02T10:24:15.373337,SYNTHETIC,CAPTURED,SUCCESS,2026-01-02T10:24:22.625534,7.25,normal_success,,False
P0002788,O0002788,C003731,M0012,1460.28,INR,UPI,BANK_A,2026-01-02T07:40:01.325938,SYNTHETIC,CAPTURED,SUCCESS,2026-01-02T07:44:32.678845,271.35,late_capture,,False
P0002789,O0002789,C002971,M0009,575.16,INR,NETBANKING,BANK_C,2026-01-02T08:16:05.094811,SYNTHETIC,CAPTURED,SUCCESS,2026-01-02T08:16:11.473994,6.38,normal_success,,False
P0002790,O0002790,C000337,M0012,1132.11,INR,CARD,BANK_B,2026-01-02T20:13:53.793274,SYNTHETIC,FAILED,FAILED,2026-01-02T20:13:57.811324,4.02,genuine_failure,,False
P0002791,O0002791,C000572,M0006,5925.55,INR,CARD,BANK_B,2026-01-02T11:59:08.753873,SYNTHETIC,CAPTURED,SUCCESS,2026-01-02T11:59:13.809023,5.06,normal_success,,False
P0002792,O0002792,C001063,M0015,223.29,INR,CARD,BANK_A,2026-01-02T13:01:14.693796,SYNTHETIC,CAPTURED,SUCCESS,2026-01-02T13:01:21.698258,7.0,normal_success,,False
P0002793,O0002793,C002945,M0013,330.24,INR,NETBANKING,BANK_D,2026-01-02T06:46:49.065789,SYNTHETIC,CAPTURED,SUCCESS,2026-01-02T06:46:56.597419,7.53,normal_success,,False
P0002794,O0002794,C002256,M0011,2326.95,INR,UPI,BANK_A,2026-01-02T12:15:04.369752,SYNTHETIC,CAPTURED,SUCCESS,2026-01-02T12:15:10.415961,6.05,normal_success,,False
P0002795,O0002795,C001891,M0004,481.31,INR,CARD,BANK_E,2026-01-02T07:42:58.374888,SYNTHETIC,CAPTURED,SUCCESS,2026-01-02T07:43:06.517491,8.14,normal_success,,False
P0002796,O0002796,C001735,M0002,83.77,INR,UPI,BANK_C,2026-01-01T15:25:24.696654,SYNTHETIC,CAPTURED,SUCCESS,2026-01-01T15:25:32.727903,8.03,normal_success,,True
P0002797,O0002797,C003172,M0020,76.29,INR,CARD,BANK_D,2026-01-01T16:13:16.586986,SYNTHETIC,CAPTURED,SUCCESS,2026-01-01T16:13:23.515034,6.93,normal_success,,False
P0002798,O0002798,C002531,M0005,382.85,INR,UPI,BANK_D,2026-01-02T08:19:08.715226,SYNTHETIC,CAPTURED,SUCCESS,2026-01-02T08:19:14.387655,5.67,normal_success,,False
P0002799,O0002799,C002400,M0006,2093.03,INR,CARD,BANK_B,2026-01-02T05:45:21.622555,SYNTHETIC,CAPTURED,SUCCESS,2026-01-02T05:45:27.224105,5.6,normal_success,,False
P0002800,O0002800,C000677,M0000,529.44,INR,UPI,BANK_C,2026-01-01T17:31:44.793274,SYNTHETIC,CAPTURED,SUCCESS,2026-01-01T17:31:50.305181,5.51,normal_success,,False
P0002801,O0002801,C000573,M0000,144.7,INR,WALLET,BANK_A,2026-01-01T21:44:09.533513,SYNTHETIC,CAPTURED,SUCCESS,2026-01-01T21:44:16.970780,7.44,normal_success,,False
P0002802,O0002802,C002277,M0005,1745.43,INR,NETBANKING,BANK_D,2026-01-02T04:50:17.391974,SYNTHETIC,CAPTURED,SUCCESS,2026-01-02T04:50:23.861820,6.47,normal_success,,False
P0002803,O0002803,C002515,M0003,192.49,INR,CARD,BANK_A,2026-01-02T13:40:14.098797,SYNTHETIC,CAPTURED,SUCCESS,2026-01-02T13:40:21.946398,7.85,normal_success,,False
P0002804,O0002804,C000646,M0020,372.13,INR,UPI,BANK_A,2026-01-01T07:30:14.533935,SYNTHETIC,FAILED,FAILED,2026-01-01T07:30:19.219211,4.69,genuine_failure,,False
P0002805,O0002805,C003262,M0024,2275.17,INR,NETBANKING,BANK_A,2026-01-02T06:51:25.523585,SYNTHETIC,CAPTURED,SUCCESS,2026-01-02T06:51:32.008445,6.48,normal_success,,False
P0002806,O0002806,C001576,M0016,1230.36,INR,NETBANKING,BANK_C,2026-01-02T08:00:04.626075,SYNTHETIC,CAPTURED,SUCCESS,2026-01-02T08:00:12.760782,8.13,normal_success,,False
P0002807,O0002807,C002964,M0022,3426.86,INR,CARD,BANK_D,2026-01-02T14:19:39.531783,SYNTHETIC,CAPTURED,SUCCESS,2026-01-02T14:19:42.562758,3.03,normal_success,,False
P0002808,O0002808,C001306,M0016,351.55,INR,CARD,BANK_E,2026-01-01T05:24:48.009665,SYNTHETIC,CAPTURED,SUCCESS,2026-01-01T05:24:53.909742,5.9,normal_success,,False
P0002809,O0002809,C000022,M0006,692.36,INR,CARD,BANK_A,2026-01-01T23:23:06.337090,SYNTHETIC,CAPTURED,SUCCESS,2026-01-01T23:23:10.850334,4.51,normal_success,,False
P0002810,O0002810,C002211,M0015,506.73,INR,CARD,BANK_B,2026-01-01T14:47:58.543081,SYNTHETIC,CAPTURED,SUCCESS,2026-01-01T14:48:06.831555,8.29,normal_success,,False
P0002811,O0002811,C002608,M0005,785.66,INR,WALLET,BANK_C,2026-01-02T06:55:49.053224,SYNTHETIC,CAPTURED,SUCCESS,2026-01-02T06:58:39.303114,170.25,late_capture,,False
P0002812,O0002812,C000234,M0019,533.38,INR,WALLET,BANK_D,2026-01-01T09:44:26.240056,SYNTHETIC,CAPTURED,SUCCESS,2026-01-01T09:44:30.597271,4.36,normal_success,,False
P0002813,O0002813,C002262,M0023,899.15,INR,CARD,BANK_A,2026-01-02T11:11:00.372358,SYNTHETIC,CAPTURED,SUCCESS,2026-01-02T11:11:07.969252,7.6,normal_success,,False
P0002814,O0002814,C000098,M0010,469.55,INR,CARD,BANK_C,2026-01-02T04:44:01.230985,SYNTHETIC,FAILED,FAILED,2026-01-02T04:44:07.354811,6.12,genuine_failure,,False
P0002815,O0002815,C001310,M0023,107.27,INR,WALLET,BANK_B,2026-01-01T18:16:08.340116,SYNTHETIC,FAILED,FAILED,2026-01-01T18:16:10.567534,2.23,genuine_failure,,False
P0002816,O0002816,C001588,M0005,1091.69,INR,CARD,BANK_C,2026-01-01T11:43:15.333289,SYNTHETIC,CAPTURED,SUCCESS,2026-01-01T11:43:20.962603,5.63,normal_success,,False
P0002817,O0002817,C000433,M0005,1066.44,INR,NETBANKING,BANK_D,2026-01-02T12:22:29.337495,SYNTHETIC,CAPTURED,SUCCESS,2026-01-02T12:22:33.623794,4.29,normal_success,,False
P0002818,O0002818,C000047,M0023,493.11,INR,NETBANKING,BANK_D,2026-01-01T13:05:50.887655,SYNTHETIC,CAPTURED,SUCCESS,2026-01-01T13:10:58.068983,307.18,late_capture,,False
P0002819,O0002819,C003846,M0018,2498.92,INR,UPI,BANK_E,2026-01-02T11:15:19.602845,SYNTHETIC,FAILED,FAILED,2026-01-02T11:15:26.687009,7.08,genuine_failure,,False
P0002820,O0002820,C001317,M0023,1646.28,INR,CARD,BANK_E,2026-01-02T21:48:02.330738,SYNTHETIC,CAPTURED,SUCCESS,2026-01-02T21:48:09.901436,7.57,normal_success,,False
P0002821,O0002821,C003756,M0009,318.39,INR,UPI,BANK_A,2026-01-01T07:15:50.606789,SYNTHETIC,CAPTURED,SUCCESS,2026-01-01T07:15:54.394802,3.79,normal_success,,False
P0002822,O0002822,C000461,M0016,1596.81,INR,CARD,BANK_A,2026-01-02T02:54:29.993405,SYNTHETIC,CAPTURED,SUCCESS,2026-01-02T02:54:37.794655,7.8,normal_success,,False
P0002823,O0002823,C001682,M0019,362.05,INR,WALLET,BANK_E,2026-01-01T06:44:07.134194,SYNTHETIC,CAPTURED,SUCCESS,2026-01-01T06:44:10.336689,3.2,normal_success,,False
P0002824,O0002824,C002860,M0003,84.2,INR,UPI,BANK_A,2026-01-02T10:17:42.277376,SYNTHETIC,CAPTURED,SUCCESS,2026-01-02T10:17:51.143298,8.87,normal_success,,False
P0002825,O0002825,C001353,M0019,656.36,INR,WALLET,BANK_E,2026-01-02T14:50:08.439421,SYNTHETIC,CAPTURED,SUCCESS,2026-01-02T14:50:13.417100,4.98,normal_success,,False
P0002826,O0002826,C003151,M0019,6355.91,INR,WALLET,BANK_B,2026-01-01T14:47:13.335196,SYNTHETIC,FAILED,FAILED,2026-01-01T14:47:19.022325,5.69,genuine_failure,,False
P0002827,O0002827,C002521,M0007,828.77,INR,WALLET,BANK_E,2026-01-02T02:39:06.956932,SYNTHETIC,CAPTURED,SUCCESS,2026-01-02T02:39:11.315146,4.36,normal_success,,False
P0002828,O0002828,C001537,M0000,423.65,INR,WALLET,BANK_B,2026-01-01T17:22:06.386737,SYNTHETIC,CAPTURED,SUCCESS,2026-01-01T17:22:12.543451,6.16,normal_success,,False
P0002829,O0002829,C003092,M0003,432.25,INR,UPI,BANK_D,2026-01-01T14:46:30.915067,SYNTHETIC,FAILED,FAILED,2026-01-01T14:46:32.231778,1.32,genuine_failure,,False
P0002830,O0002830,C002406,M0005,1326.64,INR,NETBANKING,BANK_C,2026-01-01T21:36:45.692859,SYNTHETIC,CAPTURED,SUCCESS,2026-01-01T21:36:52.048958,6.36,normal_success,,False
P0002831,O0002831,C002096,M0003,161.89,INR,CARD,BANK_E,2026-01-02T20:46:57.964266,SYNTHETIC,CAPTURED,SUCCESS,2026-01-02T20:47:03.057021,5.09,normal_success,,False
P0002832,O0002832,C000320,M0020,188.96,INR,CARD,BANK_D,2026-01-01T02:46:35.555799,SYNTHETIC,CAPTURED,SUCCESS,2026-01-01T02:46:40.125702,4.57,normal_success,INC0001,False
P0002833,O0002833,C003572,M0000,395.83,INR,CARD,BANK_C,2026-01-02T23:22:28.510066,SYNTHETIC,CAPTURED,SUCCESS,2026-01-02T23:22:32.102525,3.59,normal_success,,False
P0002834,O0002834,C001844,M0022,661.12,INR,WALLET,BANK_A,2026-01-02T07:30:24.885868,SYNTHETIC,CAPTURED,SUCCESS,2026-01-02T07:30:27.993552,3.11,normal_success,,False
P0002835,O0002835,C000814,M0019,400.36,INR,CARD,BANK_C,2026-01-02T07:00:25.678161,SYNTHETIC,FAILED,FAILED,2026-01-02T07:00:27.188856,1.51,genuine_failure,,False
P0002836,O0002836,C001825,M0008,669.65,INR,NETBANKING,BANK_E,2026-01-02T09:35:45.413554,SYNTHETIC,CAPTURED,SUCCESS,2026-01-02T09:35:52.646347,7.23,normal_success,,False
P0002837,O0002837,C003247,M0016,1066.83,INR,UPI,BANK_A,2026-01-02T03:55:58.916357,SYNTHETIC,CAPTURED,SUCCESS,2026-01-02T03:56:03.601336,4.68,normal_success,,False
P0002838,O0002838,C001674,M0012,3058.92,INR,CARD,BANK_C,2026-01-01T07:20:45.527878,SYNTHETIC,CAPTURED,SUCCESS,2026-01-01T07:20:53.968980,8.44,normal_success,,False
P0002839,O0002839,C002046,M0014,552.17,INR,CARD,BANK_B,2026-01-01T00:41:38.650229,SYNTHETIC,CAPTURED,SUCCESS,2026-01-01T00:41:48.181902,9.53,normal_success,,True
P0002840,O0002840,C002325,M0022,401.18,INR,WALLET,BANK_D,2026-01-01T12:57:45.493811,SYNTHETIC,CAPTURED,SUCCESS,2026-01-01T12:57:49.550761,4.06,normal_success,,True
P0002841,O0002841,C003197,M0016,268.92,INR,NETBANKING,BANK_D,2026-01-01T07:21:32.551741,SYNTHETIC,CAPTURED,SUCCESS,2026-01-01T07:21:39.419488,6.87,normal_success,,False
P0002842,O0002842,C003613,M0008,260.7,INR,UPI,BANK_C,2026-01-01T14:59:12.733312,SYNTHETIC,CAPTURED,SUCCESS,2026-01-01T14:59:20.378168,7.64,normal_success,,False
P0002843,O0002843,C000182,M0020,590.16,INR,WALLET,BANK_E,2026-01-01T10:51:49.871707,SYNTHETIC,CAPTURED,SUCCESS,2026-01-01T10:51:56.749557,6.88,normal_success,,True
P0002844,O0002844,C000817,M0000,468.16,INR,WALLET,BANK_C,2026-01-01T21:05:06.701951,SYNTHETIC,CAPTURED,SUCCESS,2026-01-01T21:05:13.551232,6.85,normal_success,,False
P0002845,O0002845,C002505,M0002,696.23,INR,NETBANKING,BANK_B,2026-01-01T22:16:17.194349,SYNTHETIC,CAPTURED,SUCCESS,2026-01-01T22:16:27.871214,10.68,normal_success,,False
P0002846,O0002846,C001146,M0009,1023.17,INR,WALLET,BANK_A,2026-01-02T07:28:34.537543,SYNTHETIC,CAPTURED,SUCCESS,2026-01-02T07:28:37.392250,2.85,normal_success,,False
P0002847,O0002847,C000218,M0008,320.07,INR,NETBANKING,BANK_C,2026-01-01T03:40:19.370732,SYNTHETIC,CAPTURED,SUCCESS,2026-01-01T03:40:25.598610,6.23,normal_success,,False
P0002848,O0002848,C000721,M0015,721.83,INR,CARD,BANK_D,2026-01-02T16:41:35.883913,SYNTHETIC,CAPTURED,SUCCESS,2026-01-02T16:41:40.657877,4.77,normal_success,,False
P0002849,O0002849,C001540,M0004,516.45,INR,NETBANKING,BANK_E,2026-01-02T03:58:29.379211,SYNTHETIC,CAPTURED,SUCCESS,2026-01-02T04:03:21.332230,291.95,late_capture,,False
P0002850,O0002850,C002754,M0024,883.15,INR,UPI,BANK_E,2026-01-02T04:08:30.595131,SYNTHETIC,CAPTURED,SUCCESS,2026-01-02T04:08:35.401835,4.81,normal_success,,False
P0002851,O0002851,C003543,M0012,1324.92,INR,CARD,BANK_D,2026-01-01T07:10:28.210702,SYNTHETIC,CAPTURED,SUCCESS,2026-01-01T07:10:30.883164,2.67,normal_success,,False
P0002852,O0002852,C003467,M0020,636.49,INR,UPI,BANK_D,2026-01-01T13:15:06.314857,SYNTHETIC,CAPTURED,SUCCESS,2026-01-01T13:15:16.601690,10.29,normal_success,,False
P0002853,O0002853,C003088,M0015,546.67,INR,NETBANKING,BANK_D,2026-01-01T21:47:52.006879,SYNTHETIC,CAPTURED,SUCCESS,2026-01-01T21:47:57.876616,5.87,normal_success,,False
P0002854,O0002854,C000155,M0014,2494.15,INR,CARD,BANK_D,2026-01-01T14:39:48.977239,SYNTHETIC,FAILED,FAILED,2026-01-01T14:39:51.967739,2.99,genuine_failure,,False
P0002855,O0002855,C001528,M0004,450.7,INR,UPI,BANK_D,2026-01-02T00:16:13.269258,SYNTHETIC,CAPTURED,SUCCESS,2026-01-02T00:16:18.713064,5.44,normal_success,,False
P0002856,O0002856,C003503,M0003,827.49,INR,CARD,BANK_A,2026-01-01T17:10:31.178638,SYNTHETIC,CAPTURED,SUCCESS,2026-01-01T17:10:35.531786,4.35,normal_success,,False
P0002857,O0002857,C000784,M0012,569.5,INR,CARD,BANK_B,2026-01-01T21:41:26.226176,SYNTHETIC,CAPTURED,SUCCESS,2026-01-01T21:41:33.002237,6.78,normal_success,,False
P0002858,O0002858,C000386,M0024,222.36,INR,NETBANKING,BANK_D,2026-01-01T11:39:46.602180,SYNTHETIC,CAPTURED,SUCCESS,2026-01-01T11:39:53.757523,7.16,normal_success,,False
P0002859,O0002859,C002450,M0012,6964.39,INR,UPI,BANK_B,2026-01-01T19:10:04.108119,SYNTHETIC,CAPTURED,SUCCESS,2026-01-01T19:10:09.264324,5.16,normal_success,,False
P0002860,O0002860,C001391,M0014,6642.63,INR,CARD,BANK_B,2026-01-02T21:45:52.948230,SYNTHETIC,CAPTURED,SUCCESS,2026-01-02T21:46:00.401381,7.45,normal_success,,False
P0002861,O0002861,C002773,M0002,627.8,INR,NETBANKING,BANK_D,2026-01-02T06:07:34.368971,SYNTHETIC,CAPTURED,SUCCESS,2026-01-02T06:07:40.735899,6.37,normal_success,,False
P0002862,O0002862,C000251,M0017,1008.52,INR,NETBANKING,BANK_B,2026-01-01T09:57:58.686387,SYNTHETIC,CAPTURED,SUCCESS,2026-01-01T09:58:04.771300,6.08,normal_success,,True
P0002863,O0002863,C001435,M0013,1108.6,INR,NETBANKING,BANK_E,2026-01-01T14:33:51.264532,SYNTHETIC,CAPTURED,SUCCESS,2026-01-01T14:33:55.757117,4.49,normal_success,,False
P0002864,O0002864,C003908,M0022,970.41,INR,CARD,BANK_A,2026-01-02T11:31:58.130560,SYNTHETIC,CAPTURED,SUCCESS,2026-01-02T11:32:05.398830,7.27,normal_success,,False
P0002865,O0002865,C002324,M0016,163.18,INR,UPI,BANK_C,2026-01-02T20:11:52.955499,SYNTHETIC,CAPTURED,SUCCESS,2026-01-02T20:18:30.778301,397.82,late_capture,,False
P0002866,O0002866,C003848,M0018,458.42,INR,UPI,BANK_E,2026-01-01T20:04:26.477197,SYNTHETIC,CAPTURED,SUCCESS,2026-01-01T20:04:34.786077,8.31,normal_success,,False
P0002867,O0002867,C003341,M0003,1380.78,INR,NETBANKING,BANK_E,2026-01-01T15:03:05.134650,SYNTHETIC,CAPTURED,SUCCESS,2026-01-01T15:03:11.796421,6.66,normal_success,,False
P0002868,O0002868,C000586,M0021,1787.94,INR,CARD,BANK_C,2026-01-02T14:56:06.562899,SYNTHETIC,CAPTURED,SUCCESS,2026-01-02T14:56:11.876150,5.31,normal_success,,False
P0002869,O0002869,C000571,M0012,1173.09,INR,CARD,BANK_D,2026-01-02T12:26:23.493430,SYNTHETIC,CAPTURED,SUCCESS,2026-01-02T12:26:28.676791,5.18,normal_success,,False
P0002870,O0002870,C003379,M0004,1440.0,INR,WALLET,BANK_C,2026-01-01T00:02:19.512771,SYNTHETIC,CAPTURED,SUCCESS,2026-01-01T00:02:27.038300,7.53,normal_success,,True
P0002871,O0002871,C002432,M0021,210.87,INR,NETBANKING,BANK_C,2026-01-01T12:39:30.481318,SYNTHETIC,CAPTURED,SUCCESS,2026-01-01T12:39:37.905666,7.42,normal_success,,False
P0002872,O0002872,C000869,M0006,5661.76,INR,CARD,BANK_D,2026-01-02T16:16:52.858259,SYNTHETIC,CAPTURED,SUCCESS,2026-01-02T16:17:01.391048,8.53,normal_success,,False
P0002873,O0002873,C002585,M0010,560.45,INR,CARD,BANK_A,2026-01-01T13:18:42.563122,SYNTHETIC,CAPTURED,SUCCESS,2026-01-01T13:18:51.133639,8.57,normal_success,,False
P0002874,O0002874,C002495,M0021,83.44,INR,WALLET,BANK_A,2026-01-02T22:02:33.065810,SYNTHETIC,CAPTURED,SUCCESS,2026-01-02T22:02:40.461503,7.4,normal_success,,False
P0002875,O0002875,C003925,M0024,620.8,INR,WALLET,BANK_A,2026-01-02T09:33:27.223451,SYNTHETIC,FAILED,FAILED,2026-01-02T09:33:30.031232,2.81,genuine_failure,,False
P0002876,O0002876,C001201,M0000,409.17,INR,UPI,BANK_A,2026-01-02T09:24:47.557614,SYNTHETIC,CAPTURED,SUCCESS,2026-01-02T09:24:56.292223,8.73,normal_success,,False
P0002877,O0002877,C003065,M0018,404.78,INR,CARD,BANK_B,2026-01-01T04:34:44.586322,SYNTHETIC,CAPTURED,SUCCESS,2026-01-01T04:34:50.288664,5.7,normal_success,,False
P0002878,O0002878,C000983,M0013,4836.77,INR,NETBANKING,BANK_E,2026-01-02T19:40:08.720019,SYNTHETIC,CAPTURED,SUCCESS,2026-01-02T19:40:15.235037,6.52,normal_success,,False
P0002879,O0002879,C000048,M0006,629.13,INR,CARD,BANK_B,2026-01-02T18:33:57.876982,SYNTHETIC,FAILED,FAILED,2026-01-02T18:34:03.518562,5.64,genuine_failure,,False
P0002880,O0002880,C001291,M0007,234.77,INR,NETBANKING,BANK_C,2026-01-01T14:38:17.088850,SYNTHETIC,FAILED,FAILED,2026-01-01T14:38:19.752595,2.66,genuine_failure,,False
P0002881,O0002881,C003848,M0007,2338.15,INR,UPI,BANK_E,2026-01-01T10:56:50.157129,SYNTHETIC,CAPTURED,SUCCESS,2026-01-01T10:56:54.985672,4.83,normal_success,,False
P0002882,O0002882,C000446,M0002,355.59,INR,NETBANKING,BANK_D,2026-01-02T11:35:51.446341,SYNTHETIC,CAPTURED,SUCCESS,2026-01-02T11:35:56.014268,4.57,normal_success,,False
P0002883,O0002883,C002665,M0015,1912.22,INR,WALLET,BANK_C,2026-01-02T12:18:32.479616,SYNTHETIC,CAPTURED,SUCCESS,2026-01-02T12:18:38.371331,5.89,normal_success,,False
P0002884,O0002884,C000406,M0004,2444.7,INR,CARD,BANK_A,2026-01-02T16:45:12.847371,SYNTHETIC,CAPTURED,SUCCESS,2026-01-02T16:45:16.321444,3.47,normal_success,,False
P0002885,O0002885,C002334,M0012,483.71,INR,CARD,BANK_E,2026-01-02T15:42:45.044148,SYNTHETIC,CAPTURED,SUCCESS,2026-01-02T15:42:49.925895,4.88,normal_success,,False
P0002886,O0002886,C001291,M0022,332.84,INR,NETBANKING,BANK_A,2026-01-02T18:58:25.089070,SYNTHETIC,CAPTURED,SUCCESS,2026-01-02T18:58:32.159037,7.07,normal_success,,False
P0002887,O0002887,C001851,M0018,1978.5,INR,CARD,BANK_B,2026-01-02T21:30:31.823644,SYNTHETIC,CAPTURED,SUCCESS,2026-01-02T21:30:36.186290,4.36,normal_success,,False
P0002888,O0002888,C000081,M0019,183.57,INR,CARD,BANK_C,2026-01-02T19:11:15.766360,SYNTHETIC,CAPTURED,SUCCESS,2026-01-02T19:17:27.257738,371.49,late_capture,,False
P0002889,O0002889,C002185,M0008,589.61,INR,NETBANKING,BANK_A,2026-01-01T05:20:08.883836,SYNTHETIC,CAPTURED,SUCCESS,2026-01-01T05:20:12.946553,4.06,normal_success,,True
P0002890,O0002890,C001576,M0014,225.15,INR,UPI,BANK_D,2026-01-02T16:49:23.951493,SYNTHETIC,CAPTURED,SUCCESS,2026-01-02T16:49:31.006823,7.06,normal_success,,False
P0002891,O0002891,C002285,M0002,242.02,INR,UPI,BANK_B,2026-01-02T20:04:22.233958,SYNTHETIC,CAPTURED,SUCCESS,2026-01-02T20:04:27.068506,4.83,normal_success,,False
P0002892,O0002892,C001292,M0010,22.91,INR,NETBANKING,BANK_A,2026-01-02T00:00:55.806760,SYNTHETIC,CAPTURED,SUCCESS,2026-01-02T00:01:04.806891,9.0,normal_success,,False
P0002893,O0002893,C003738,M0011,138.79,INR,NETBANKING,BANK_E,2026-01-01T21:06:00.552632,SYNTHETIC,CAPTURED,SUCCESS,2026-01-01T21:06:09.606182,9.05,normal_success,,True
P0002894,O0002894,C003456,M0016,276.09,INR,UPI,BANK_C,2026-01-02T13:00:18.972800,SYNTHETIC,CAPTURED,SUCCESS,2026-01-02T13:00:25.290048,6.32,normal_success,,False
P0002895,O0002895,C000601,M0023,222.7,INR,WALLET,BANK_A,2026-01-02T03:35:54.519126,SYNTHETIC,CAPTURED,SUCCESS,2026-01-02T03:38:46.765822,172.25,late_capture,,False
P0002896,O0002896,C002640,M0011,261.2,INR,WALLET,BANK_B,2026-01-02T17:45:22.725244,SYNTHETIC,CAPTURED,SUCCESS,2026-01-02T17:45:31.251591,8.53,normal_success,,False
P0002897,O0002897,C003058,M0024,117.65,INR,WALLET,BANK_A,2026-01-01T09:33:29.576990,SYNTHETIC,CAPTURED,SUCCESS,2026-01-01T09:33:35.759620,6.18,normal_success,,False
P0002898,O0002898,C000201,M0005,316.66,INR,WALLET,BANK_E,2026-01-02T17:54:36.872713,SYNTHETIC,CAPTURED,SUCCESS,2026-01-02T18:00:52.079404,375.21,late_capture,,False
P0002899,O0002899,C000692,M0007,216.08,INR,WALLET,BANK_B,2026-01-02T15:48:02.052471,SYNTHETIC,CAPTURED,SUCCESS,2026-01-02T15:48:09.224597,7.17,normal_success,,False
P0002900,O0002900,C002335,M0021,456.88,INR,NETBANKING,BANK_D,2026-01-01T12:20:41.708072,SYNTHETIC,CAPTURED,SUCCESS,2026-01-01T12:20:47.890542,6.18,normal_success,,False
P0002901,O0002901,C002487,M0001,499.68,INR,UPI,BANK_C,2026-01-01T03:55:10.532191,SYNTHETIC,CAPTURED,SUCCESS,2026-01-01T03:55:19.882609,9.35,normal_success,,False
P0002902,O0002902,C001883,M0008,1993.46,INR,UPI,BANK_E,2026-01-02T15:25:32.398599,SYNTHETIC,CAPTURED,SUCCESS,2026-01-02T15:25:39.656063,7.26,normal_success,,False
P0002903,O0002903,C000169,M0019,2358.55,INR,WALLET,BANK_E,2026-01-01T21:33:41.162175,SYNTHETIC,CAPTURED,SUCCESS,2026-01-01T21:33:44.339236,3.18,normal_success,,False
P0002904,O0002904,C003122,M0016,927.57,INR,UPI,BANK_B,2026-01-02T17:29:38.580891,SYNTHETIC,CAPTURED,SUCCESS,2026-01-02T17:29:45.535665,6.95,normal_success,,False
P0002905,O0002905,C003133,M0020,778.02,INR,CARD,BANK_C,2026-01-01T16:58:29.635766,SYNTHETIC,CAPTURED,SUCCESS,2026-01-01T16:58:33.382239,3.75,normal_success,,False
P0002906,O0002906,C003299,M0011,973.93,INR,WALLET,BANK_A,2026-01-01T14:00:18.992782,SYNTHETIC,FAILED,FAILED,2026-01-01T14:00:22.538580,3.55,genuine_failure,,False
P0002907,O0002907,C000149,M0020,252.13,INR,WALLET,BANK_E,2026-01-01T14:29:22.008782,SYNTHETIC,CAPTURED,SUCCESS,2026-01-01T14:29:32.558451,10.55,normal_success,,False
P0002908,O0002908,C001814,M0008,2803.88,INR,UPI,BANK_C,2026-01-01T08:19:42.360505,SYNTHETIC,CAPTURED,SUCCESS,2026-01-01T08:19:45.255307,2.89,normal_success,,False
P0002909,O0002909,C000033,M0010,176.85,INR,NETBANKING,BANK_D,2026-01-02T00:32:53.162181,SYNTHETIC,CAPTURED,SUCCESS,2026-01-02T00:32:58.616203,5.45,normal_success,,False
P0002910,O0002910,C002870,M0020,2105.87,INR,WALLET,BANK_B,2026-01-02T06:52:26.812434,SYNTHETIC,CAPTURED,SUCCESS,2026-01-02T06:52:37.269803,10.46,normal_success,,False
P0002911,O0002911,C001171,M0005,2231.32,INR,NETBANKING,BANK_E,2026-01-02T09:02:17.592451,SYNTHETIC,CAPTURED,SUCCESS,2026-01-02T09:02:26.358956,8.77,normal_success,,False
P0002912,O0002912,C003578,M0023,129.47,INR,NETBANKING,BANK_A,2026-01-02T02:50:42.765683,SYNTHETIC,FAILED,FAILED,2026-01-02T02:50:47.710143,4.94,genuine_failure,,False
P0002913,O0002913,C000035,M0004,852.56,INR,CARD,BANK_D,2026-01-01T03:03:37.038584,SYNTHETIC,CAPTURED,SUCCESS,2026-01-01T03:03:43.637787,6.6,normal_success,INC0001,False
P0002914,O0002914,C000731,M0023,526.64,INR,WALLET,BANK_E,2026-01-02T07:39:49.570277,SYNTHETIC,CAPTURED,SUCCESS,2026-01-02T07:39:54.646414,5.08,normal_success,,False
P0002915,O0002915,C000685,M0016,50.74,INR,NETBANKING,BANK_D,2026-01-02T14:48:16.665559,SYNTHETIC,CAPTURED,SUCCESS,2026-01-02T14:48:23.861448,7.2,normal_success,,False
P0002916,O0002916,C001813,M0003,6960.7,INR,NETBANKING,BANK_A,2026-01-01T13:35:39.752115,SYNTHETIC,CAPTURED,SUCCESS,2026-01-01T13:35:45.661061,5.91,normal_success,,False
P0002917,O0002917,C001466,M0012,2685.71,INR,WALLET,BANK_D,2026-01-02T18:50:03.094185,SYNTHETIC,CAPTURED,SUCCESS,2026-01-02T18:50:07.384495,4.29,normal_success,,False
P0002918,O0002918,C000817,M0016,625.23,INR,UPI,BANK_C,2026-01-01T10:40:36.507615,SYNTHETIC,CAPTURED,SUCCESS,2026-01-01T10:40:41.600846,5.09,normal_success,,False
P0002919,O0002919,C001810,M0019,389.64,INR,CARD,BANK_B,2026-01-02T15:22:39.230474,SYNTHETIC,CAPTURED,SUCCESS,2026-01-02T15:22:43.055297,3.82,normal_success,,True
P0002920,O0002920,C000110,M0021,302.61,INR,NETBANKING,BANK_B,2026-01-02T15:45:23.874970,SYNTHETIC,CAPTURED,SUCCESS,2026-01-02T15:45:27.526054,3.65,normal_success,,False
P0002921,O0002921,C002523,M0020,10220.43,INR,WALLET,BANK_B,2026-01-02T14:03:41.393606,SYNTHETIC,CAPTURED,SUCCESS,2026-01-02T14:03:46.836427,5.44,normal_success,,False
P0002922,O0002922,C001534,M0015,389.33,INR,WALLET,BANK_A,2026-01-02T17:48:29.533625,SYNTHETIC,CAPTURED,SUCCESS,2026-01-02T17:48:35.735330,6.2,normal_success,,False
P0002923,O0002923,C003335,M0024,293.29,INR,NETBANKING,BANK_A,2026-01-02T18:22:19.080882,SYNTHETIC,CAPTURED,SUCCESS,2026-01-02T18:22:26.218526,7.14,normal_success,,False
P0002924,O0002924,C000125,M0010,2105.93,INR,NETBANKING,BANK_C,2026-01-01T13:05:30.491530,SYNTHETIC,CAPTURED,SUCCESS,2026-01-01T13:05:36.200761,5.71,normal_success,,True
P0002925,O0002925,C003389,M0023,139.41,INR,NETBANKING,BANK_C,2026-01-01T03:15:23.458753,SYNTHETIC,CAPTURED,SUCCESS,2026-01-01T03:15:29.529549,6.07,normal_success,,False
P0002926,O0002926,C002296,M0011,260.08,INR,NETBANKING,BANK_A,2026-01-01T18:32:30.877627,SYNTHETIC,CAPTURED,SUCCESS,2026-01-01T18:32:35.628502,4.75,normal_success,,False
P0002927,O0002927,C001382,M0007,3689.39,INR,WALLET,BANK_C,2026-01-01T08:59:12.096296,SYNTHETIC,CAPTURED,SUCCESS,2026-01-01T08:59:20.123050,8.03,normal_success,,False
P0002928,O0002928,C001948,M0011,67.27,INR,CARD,BANK_E,2026-01-02T13:26:39.105677,SYNTHETIC,CAPTURED,SUCCESS,2026-01-02T13:26:48.605267,9.5,normal_success,,False
P0002929,O0002929,C002768,M0002,1011.62,INR,UPI,BANK_C,2026-01-01T23:27:07.685251,SYNTHETIC,CAPTURED,SUCCESS,2026-01-01T23:27:11.216586,3.53,normal_success,,True
P0002930,O0002930,C003683,M0008,1544.72,INR,UPI,BANK_D,2026-01-01T17:40:18.902897,SYNTHETIC,CAPTURED,SUCCESS,2026-01-01T17:40:25.369100,6.47,normal_success,,False
P0002931,O0002931,C002285,M0002,191.03,INR,UPI,BANK_D,2026-01-01T23:56:34.701273,SYNTHETIC,CAPTURED,SUCCESS,2026-01-01T23:56:41.607639,6.91,normal_success,,False
P0002932,O0002932,C002469,M0019,1619.5,INR,CARD,BANK_C,2026-01-01T16:08:51.969960,SYNTHETIC,CAPTURED,SUCCESS,2026-01-01T16:08:58.415763,6.45,normal_success,,False
P0002933,O0002933,C000369,M0002,3044.94,INR,UPI,BANK_A,2026-01-01T12:31:27.976886,SYNTHETIC,CAPTURED,SUCCESS,2026-01-01T12:31:34.944407,6.97,normal_success,,False
P0002934,O0002934,C001766,M0003,1305.18,INR,WALLET,BANK_B,2026-01-01T21:51:46.955695,SYNTHETIC,FAILED,FAILED,2026-01-01T21:51:48.328643,1.37,genuine_failure,,False
P0002935,O0002935,C002983,M0017,3286.72,INR,UPI,BANK_E,2026-01-02T17:39:59.044335,SYNTHETIC,CAPTURED,SUCCESS,2026-01-02T17:40:05.853253,6.81,normal_success,,False
P0002936,O0002936,C002316,M0005,81.24,INR,WALLET,BANK_B,2026-01-02T12:35:52.801869,SYNTHETIC,FAILED,FAILED,2026-01-02T12:35:58.755812,5.95,genuine_failure,,False
P0002937,O0002937,C002059,M0021,119.36,INR,CARD,BANK_B,2026-01-02T07:56:20.779059,SYNTHETIC,FAILED,FAILED,2026-01-02T07:56:26.958169,6.18,genuine_failure,,False
P0002938,O0002938,C003282,M0007,400.29,INR,UPI,BANK_D,2026-01-02T15:53:37.545751,SYNTHETIC,CAPTURED,SUCCESS,2026-01-02T15:53:42.928137,5.38,normal_success,,False
P0002939,O0002939,C002082,M0003,1964.61,INR,WALLET,BANK_A,2026-01-01T14:42:44.203934,SYNTHETIC,CAPTURED,SUCCESS,2026-01-01T14:42:48.480450,4.28,normal_success,,False
P0002940,O0002940,C000082,M0020,5441.54,INR,WALLET,BANK_E,2026-01-01T02:06:53.693796,SYNTHETIC,CAPTURED,SUCCESS,2026-01-01T02:06:59.000376,5.31,normal_success,INC0001,False
P0002941,O0002941,C003375,M0021,669.73,INR,CARD,BANK_C,2026-01-01T23:42:27.366726,SYNTHETIC,FAILED,FAILED,2026-01-01T23:42:35.217123,7.85,genuine_failure,,False
P0002942,O0002942,C000831,M0004,492.35,INR,NETBANKING,BANK_E,2026-01-02T08:17:35.584157,SYNTHETIC,CAPTURED,SUCCESS,2026-01-02T08:17:41.996097,6.41,normal_success,,True
P0002943,O0002943,C000563,M0016,679.16,INR,UPI,BANK_D,2026-01-02T01:54:08.918572,SYNTHETIC,CAPTURED,SUCCESS,2026-01-02T01:54:18.034495,9.12,normal_success,,False
P0002944,O0002944,C002820,M0005,419.41,INR,UPI,BANK_C,2026-01-02T14:42:55.758979,SYNTHETIC,CAPTURED,SUCCESS,2026-01-02T14:43:02.900480,7.14,normal_success,,False
P0002945,O0002945,C001397,M0021,137.54,INR,WALLET,BANK_A,2026-01-01T23:12:34.951317,SYNTHETIC,CAPTURED,SUCCESS,2026-01-01T23:12:41.293118,6.34,normal_success,,False
P0002946,O0002946,C001103,M0004,9456.38,INR,WALLET,BANK_A,2026-01-02T02:31:45.672064,SYNTHETIC,CAPTURED,SUCCESS,2026-01-02T02:31:53.453130,7.78,normal_success,,False
P0002947,O0002947,C002341,M0011,3025.41,INR,UPI,BANK_B,2026-01-01T14:15:01.039580,SYNTHETIC,CAPTURED,SUCCESS,2026-01-01T14:19:31.107751,270.07,late_capture,,False
P0002948,O0002948,C001711,M0003,126.8,INR,UPI,BANK_B,2026-01-01T05:43:44.834152,SYNTHETIC,CAPTURED,SUCCESS,2026-01-01T05:43:52.880458,8.05,normal_success,,True
P0002949,O0002949,C001819,M0011,606.1,INR,UPI,BANK_C,2026-01-01T07:14:46.693740,SYNTHETIC,CAPTURED,SUCCESS,2026-01-01T07:14:52.290454,5.6,normal_success,,False
P0002950,O0002950,C000041,M0018,813.56,INR,WALLET,BANK_A,2026-01-02T04:42:14.892341,SYNTHETIC,CAPTURED,SUCCESS,2026-01-02T04:42:21.318169,6.43,normal_success,,False
P0002951,O0002951,C000479,M0001,680.8,INR,UPI,BANK_E,2026-01-02T09:58:56.378049,SYNTHETIC,CAPTURED,SUCCESS,2026-01-02T09:59:05.554627,9.18,normal_success,,True
P0002952,O0002952,C000643,M0005,271.33,INR,UPI,BANK_C,2026-01-01T19:20:58.715619,SYNTHETIC,CAPTURED,SUCCESS,2026-01-01T19:21:03.512826,4.8,normal_success,,False
P0002953,O0002953,C002090,M0010,1103.64,INR,NETBANKING,BANK_C,2026-01-01T02:16:42.070272,SYNTHETIC,CAPTURED,SUCCESS,2026-01-01T02:16:48.685172,6.61,normal_success,INC0001,False
P0002954,O0002954,C000885,M0014,216.57,INR,CARD,BANK_D,2026-01-01T16:49:54.831457,SYNTHETIC,CAPTURED,SUCCESS,2026-01-01T16:50:03.075550,8.24,normal_success,,False
P0002955,O0002955,C002946,M0023,314.98,INR,WALLET,BANK_B,2026-01-01T16:25:30.654437,SYNTHETIC,CAPTURED,SUCCESS,2026-01-01T16:25:38.389429,7.73,normal_success,,True
P0002956,O0002956,C000419,M0008,349.85,INR,CARD,BANK_B,2026-01-01T23:18:36.947258,SYNTHETIC,CAPTURED,SUCCESS,2026-01-01T23:18:46.736823,9.79,normal_success,,False
P0002957,O0002957,C000527,M0008,585.03,INR,NETBANKING,BANK_B,2026-01-01T22:46:22.235240,SYNTHETIC,CAPTURED,SUCCESS,2026-01-01T22:46:29.384874,7.15,normal_success,,False
P0002958,O0002958,C001260,M0010,3438.96,INR,UPI,BANK_B,2026-01-01T07:54:32.203923,SYNTHETIC,CAPTURED,SUCCESS,2026-01-01T07:54:40.801434,8.6,normal_success,,False
P0002959,O0002959,C002598,M0011,1589.02,INR,NETBANKING,BANK_E,2026-01-01T03:48:10.463857,SYNTHETIC,CAPTURED,SUCCESS,2026-01-01T03:48:16.305274,5.84,normal_success,,False
P0002960,O0002960,C000783,M0020,507.51,INR,NETBANKING,BANK_A,2026-01-02T02:24:06.082361,SYNTHETIC,CAPTURED,SUCCESS,2026-01-02T02:24:10.212582,4.13,normal_success,,True
P0002961,O0002961,C001571,M0017,2177.25,INR,CARD,BANK_E,2026-01-02T02:33:27.117370,SYNTHETIC,CAPTURED,SUCCESS,2026-01-02T02:37:22.185793,235.07,late_capture,,False
P0002962,O0002962,C001753,M0024,1327.09,INR,NETBANKING,BANK_B,2026-01-02T00:28:40.321279,SYNTHETIC,CAPTURED,SUCCESS,2026-01-02T00:28:44.422429,4.1,normal_success,,False
P0002963,O0002963,C002044,M0000,97.83,INR,WALLET,BANK_A,2026-01-01T13:22:57.128883,SYNTHETIC,CAPTURED,SUCCESS,2026-01-01T13:23:06.253786,9.12,normal_success,,True
P0002964,O0002964,C003965,M0008,4343.2,INR,UPI,BANK_C,2026-01-02T20:31:05.347214,SYNTHETIC,CAPTURED,SUCCESS,2026-01-02T20:31:09.449635,4.1,normal_success,,False
P0002965,O0002965,C003974,M0021,265.42,INR,NETBANKING,BANK_B,2026-01-02T15:56:20.143432,SYNTHETIC,CAPTURED,SUCCESS,2026-01-02T15:56:26.125798,5.98,normal_success,,False
P0002966,O0002966,C000341,M0010,1590.85,INR,CARD,BANK_E,2026-01-01T14:52:36.168297,SYNTHETIC,CAPTURED,SUCCESS,2026-01-01T14:52:40.143148,3.97,normal_success,,False
P0002967,O0002967,C001267,M0019,819.08,INR,WALLET,BANK_D,2026-01-01T03:04:57.522777,SYNTHETIC,CAPTURED,SUCCESS,2026-01-01T03:05:03.170555,5.65,normal_success,INC0001,False
P0002968,O0002968,C000042,M0002,1071.42,INR,NETBANKING,BANK_D,2026-01-02T02:03:16.749810,SYNTHETIC,CAPTURED,SUCCESS,2026-01-02T02:03:26.177529,9.43,normal_success,,False
P0002969,O0002969,C002721,M0016,943.56,INR,UPI,BANK_D,2026-01-02T05:58:45.915911,SYNTHETIC,CAPTURED,SUCCESS,2026-01-02T05:58:51.645596,5.73,normal_success,,True
P0002970,O0002970,C000123,M0010,1609.72,INR,WALLET,BANK_D,2026-01-01T04:58:15.331643,SYNTHETIC,CAPTURED,SUCCESS,2026-01-01T04:58:20.384883,5.05,normal_success,,False
P0002971,O0002971,C003868,M0003,422.78,INR,WALLET,BANK_D,2026-01-02T00:46:43.426694,SYNTHETIC,CAPTURED,SUCCESS,2026-01-02T00:46:49.085687,5.66,normal_success,,False
P0002972,O0002972,C001315,M0004,1530.02,INR,NETBANKING,BANK_A,2026-01-01T18:48:34.313304,SYNTHETIC,CAPTURED,SUCCESS,2026-01-01T18:48:40.952902,6.64,normal_success,,True
P0002973,O0002973,C002339,M0001,2221.02,INR,UPI,BANK_E,2026-01-02T08:32:30.785204,SYNTHETIC,CAPTURED,SUCCESS,2026-01-02T08:32:38.357150,7.57,normal_success,,True
P0002974,O0002974,C003303,M0013,607.72,INR,NETBANKING,BANK_A,2026-01-02T01:53:17.670196,SYNTHETIC,CAPTURED,SUCCESS,2026-01-02T01:53:21.534976,3.86,normal_success,,False
P0002975,O0002975,C002047,M0017,766.51,INR,CARD,BANK_B,2026-01-01T13:34:13.537199,SYNTHETIC,CAPTURED,SUCCESS,2026-01-01T13:34:21.158288,7.62,normal_success,,False
P0002976,O0002976,C002318,M0002,1447.06,INR,NETBANKING,BANK_D,2026-01-02T04:40:58.725142,SYNTHETIC,CAPTURED,SUCCESS,2026-01-02T04:41:07.655469,8.93,normal_success,,False
P0002977,O0002977,C000548,M0007,867.2,INR,WALLET,BANK_A,2026-01-02T12:54:59.084651,SYNTHETIC,CAPTURED,SUCCESS,2026-01-02T12:55:03.167304,4.08,normal_success,,False
P0002978,O0002978,C001630,M0008,430.9,INR,UPI,BANK_A,2026-01-01T01:46:53.811721,SYNTHETIC,CAPTURED,SUCCESS,2026-01-01T01:47:03.008982,9.2,normal_success,,False
P0002979,O0002979,C003442,M0017,1725.11,INR,UPI,BANK_C,2026-01-02T08:19:38.760695,SYNTHETIC,CAPTURED,SUCCESS,2026-01-02T08:19:46.818078,8.06,normal_success,,False
P0002980,O0002980,C002452,M0023,1078.58,INR,UPI,BANK_C,2026-01-02T15:58:25.914674,SYNTHETIC,CAPTURED,SUCCESS,2026-01-02T15:58:31.874905,5.96,normal_success,,False
P0002981,O0002981,C000248,M0020,2832.38,INR,UPI,BANK_E,2026-01-01T11:02:05.497557,SYNTHETIC,CAPTURED,SUCCESS,2026-01-01T11:02:10.249610,4.75,normal_success,,False
P0002982,O0002982,C003964,M0021,947.03,INR,NETBANKING,BANK_A,2026-01-01T15:32:25.568747,SYNTHETIC,CAPTURED,SUCCESS,2026-01-01T15:32:30.197441,4.63,normal_success,,False
P0002983,O0002983,C001980,M0019,108.57,INR,NETBANKING,BANK_E,2026-01-01T08:33:22.849880,SYNTHETIC,CAPTURED,SUCCESS,2026-01-01T08:33:27.324548,4.47,normal_success,,False
P0002984,O0002984,C000772,M0004,215.87,INR,NETBANKING,BANK_A,2026-01-01T18:42:47.341207,SYNTHETIC,CAPTURED,SUCCESS,2026-01-01T18:42:54.649416,7.31,normal_success,,True
P0002985,O0002985,C003589,M0008,327.86,INR,CARD,BANK_B,2026-01-02T00:34:16.204511,SYNTHETIC,CAPTURED,SUCCESS,2026-01-02T00:34:20.778610,4.57,normal_success,,False
P0002986,O0002986,C000477,M0009,272.86,INR,WALLET,BANK_A,2026-01-01T18:09:13.797438,SYNTHETIC,CAPTURED,SUCCESS,2026-01-01T18:09:19.036719,5.24,normal_success,,False
P0002987,O0002987,C001320,M0013,220.73,INR,NETBANKING,BANK_D,2026-01-02T15:40:56.710052,SYNTHETIC,CAPTURED,SUCCESS,2026-01-02T15:41:02.427416,5.72,normal_success,,False
P0002988,O0002988,C003898,M0012,1531.81,INR,CARD,BANK_C,2026-01-01T17:07:04.660925,SYNTHETIC,CAPTURED,SUCCESS,2026-01-01T17:07:10.164683,5.5,normal_success,,False
P0002989,O0002989,C001704,M0012,193.31,INR,WALLET,BANK_A,2026-01-01T06:13:37.286332,SYNTHETIC,CAPTURED,SUCCESS,2026-01-01T06:13:43.160406,5.87,normal_success,,False
P0002990,O0002990,C000418,M0019,920.41,INR,CARD,BANK_B,2026-01-01T11:49:14.098501,SYNTHETIC,CAPTURED,SUCCESS,2026-01-01T11:49:21.506736,7.41,normal_success,,False
P0002991,O0002991,C001020,M0002,3365.34,INR,NETBANKING,BANK_A,2026-01-01T01:21:38.924566,SYNTHETIC,CAPTURED,SUCCESS,2026-01-01T01:21:46.151865,7.23,normal_success,,False
P0002992,O0002992,C000103,M0003,603.27,INR,UPI,BANK_D,2026-01-01T03:03:52.175190,SYNTHETIC,CAPTURED,SUCCESS,2026-01-01T03:03:56.935762,4.76,normal_success,INC0001,False
P0002993,O0002993,C001785,M0010,2828.8,INR,NETBANKING,BANK_B,2026-01-02T10:33:02.365581,SYNTHETIC,CAPTURED,SUCCESS,2026-01-02T10:33:09.246878,6.88,normal_success,,False
P0002994,O0002994,C002856,M0022,534.34,INR,CARD,BANK_A,2026-01-02T21:47:54.833542,SYNTHETIC,CAPTURED,SUCCESS,2026-01-02T21:48:01.487266,6.65,normal_success,,False
P0002995,O0002995,C002441,M0003,331.89,INR,CARD,BANK_E,2026-01-01T02:35:12.488118,SYNTHETIC,CAPTURED,SUCCESS,2026-01-01T02:35:22.984829,10.5,normal_success,INC0001,False
P0002996,O0002996,C001274,M0011,461.73,INR,UPI,BANK_A,2026-01-02T19:33:18.854122,SYNTHETIC,FAILED,FAILED,2026-01-02T19:33:21.661385,2.81,genuine_failure,,False
P0002997,O0002997,C002379,M0002,2242.19,INR,UPI,BANK_E,2026-01-02T04:58:56.943372,SYNTHETIC,CAPTURED,SUCCESS,2026-01-02T04:59:03.128818,6.19,normal_success,,False
P0002998,O0002998,C002340,M0000,211.91,INR,CARD,BANK_E,2026-01-02T15:51:24.388515,SYNTHETIC,CAPTURED,SUCCESS,2026-01-02T15:57:23.702895,359.31,late_capture,,False
P0002999,O0002999,C002208,M0013,604.64,INR,CARD,BANK_C,2026-01-02T23:38:45.598565,SYNTHETIC,CAPTURED,SUCCESS,2026-01-02T23:38:50.808531,5.21,normal_success,,True
